420  20
9.99999999999999955e-07  2.42377382087655940e-01  2.42377384506516108e-01  2.42377388434175139e-01  2.42377394811920471e-01  2.42377405167576832e-01  2.42377421984252467e-01  2.42377449285529151e-01  2.42377493636276670e-01  2.42377565578857118e-01  2.42377682670244038e-01  2.42377871782175819e-01  2.42378182656576124e-01  2.42378673265406075e-01  2.42379522820376919e-01  2.42380704793640628e-01  2.42383361108728351e-01  2.42384923438225236e-01  2.42397726384566053e-01  2.42380200557794273e-01  2.42494732054975154e-01  
1.03912230383516903e-06  2.42377382397004626e-01  2.42377385008829160e-01  2.42377389249819469e-01  2.42377396136344653e-01  2.42377407318145804e-01  2.42377425476296232e-01  2.42377454955826577e-01  2.42377502843572484e-01  2.42377580529431175e-01  2.42377706946646038e-01  2.42377911201437091e-01  2.42378246664948532e-01  2.42378777198464984e-01  2.42379691589804103e-01  2.42380978809544151e-01  2.42383806132594110e-01  2.42385645691281681e-01  2.42398900382423316e-01  2.42382101926791521e-01  2.42497836872950290e-01  
1.07977516232770934e-06  2.42377382731031682e-01  2.42377385551214408e-01  2.42377390130532111e-01  2.42377397566425096e-01  2.42377409640277153e-01  2.42377429246918408e-01  2.42377461078472856e-01  2.42377512785381027e-01  2.42377596672687351e-01  2.42377733159696296e-01  2.42377953765361059e-01  2.42378315779558290e-01  2.42378889422693977e-01  2.42379873822555270e-01  2.42381274684372539e-01  2.42384286656323417e-01  2.42386425557102991e-01  2.42400168022168322e-01  2.42384154943040442e-01  2.42501189278795826e-01  
1.12201845430196305e-06  2.42377383091705756e-01  2.42377386136868739e-01  2.42377391081503663e-01  2.42377399110590613e-01  2.42377412147656568e-01  2.42377433318342356e-01  2.42377467689553761e-01  2.42377523520298011e-01  2.42377614103771594e-01  2.42377761463889924e-01  2.42377999724810833e-01  2.42378390407750027e-01  2.42379010599504507e-01  2.42380070592622454e-01  2.42381594161802161e-01  2.42384805511593693e-01  2.42387267630912118e-01  2.42401536771778003e-01  2.42386371698456671e-01  2.42504809007370037e-01  
1.16591440117983120e-06  2.42377383481152564e-01  2.42377386769243364e-01  2.42377392108339085e-01  2.42377400777942009e-01  2.42377414855062617e-01  2.42377437714564603e-01  2.42377474828034067e-01  2.42377535111593739e-01  2.42377632925420861e-01  2.42377792026047229e-01  2.42378049350662261e-01  2.42378470989362160e-01  2.42379141443069823e-01  2.42380283059667412e-01  2.42381939124591606e-01  2.42385365755925730e-01  2.42388176874376610e-01  2.42403014694603958e-01  2.42388765248633342e-01  2.42508717365145121e-01  
1.21152765862858752e-06  2.42377383901667631e-01  2.42377387452066023e-01  2.42377393217090509e-01  2.42377402578306561e-01  2.42377417778452370e-01  2.42377442461496062e-01  2.42377482535987426e-01  2.42377547627585455e-01  2.42377653248566305e-01  2.42377825026296401e-01  2.42378102935399853e-01  2.42378557999321065e-01  2.42379282724532630e-01  2.42380512475854987e-01  2.42382311605673001e-01  2.42385970690690150e-01  2.42389158644818997e-01  2.42404610496803841e-01  2.42391349689559776e-01  2.42512937355128716e-01  
1.25892541179416611e-06  2.42377384355729475e-01  2.42377388189360998e-01  2.42377394414292624e-01  2.42377404522295559e-01  2.42377420935055848e-01  2.42377447587114492e-01  2.42377490858843442e-01  2.42377561142040787e-01  2.42377675192990111e-01  2.42377860659134803e-01  2.42378160794839981e-01  2.42378651950438312e-01  2.42379435276549815e-01  2.42380760193230876e-01  2.42382713800128602e-01  2.42386623880550961e-01  2.42390218726752149e-01  2.42406333578547684e-01  2.42394140240434097e-01  2.42517493811675838e-01  
1.30817747426019290e-06  2.42377384846013982e-01  2.42377388985473591e-01  2.42377395707001841e-01  2.42377406621366531e-01  2.42377424343477865e-01  2.42377453121629727e-01  2.42377499845655847e-01  2.42377575734612410e-01  2.42377698888029125e-01  2.42377899134576358e-01  2.42378223269993281e-01  2.42378753396433361e-01  2.42379599998199274e-01  2.42381027671688370e-01  2.42383148078120753e-01  2.42387329174456601e-01  2.42391363365927287e-01  2.42408194089295648e-01  2.42397153333051896e-01  2.42522413545968041e-01  
1.35935639087852695e-06  2.42377385375411203e-01  2.42377389845096325e-01  2.42377397102837067e-01  2.42377408887891055e-01  2.42377428023807129e-01  2.42377459097661563e-01  2.42377509549391801e-01  2.42377591491306443e-01  2.42377724473338024e-01  2.42377940679387560e-01  2.42378290729073520e-01  2.42378862935196726e-01  2.42379777860276951e-01  2.42381316487569304e-01  2.42383616998855217e-01  2.42388090728305861e-01  2.42392599306092804e-01  2.42410202987471513e-01  2.42400406708289107e-01  2.42527725502995173e-01  
1.41253754462275541e-06  2.42377385947041002e-01  2.42377390773295509e-01  2.42377398610025357e-01  2.42377411335227944e-01  2.42377431997735010e-01  2.42377465550431853e-01  2.42377520027244331e-01  2.42377608504991016e-01  2.42377752099712629e-01  2.42377985538425766e-01  2.42378363569667549e-01  2.42378981212313105e-01  2.42379969911018261e-01  2.42381628342951710e-01  2.42384123325654510e-01  2.42388913029416148e-01  2.42393933828678604e-01  2.42412372104880258e-01  2.42403919520241734e-01  2.42533460930941830e-01  
1.46779926762207046e-06  2.42377386564272712e-01  2.42377391775541989e-01  2.42377400237449664e-01  2.42377413977801687e-01  2.42377436288683634e-01  2.42377472517972536e-01  2.42377531340967817e-01  2.42377626875942082e-01  2.42377781929978303e-01  2.42378033976081070e-01  2.42378442221079460e-01  2.42379108924866749e-01  2.42380177282274234e-01  2.42381965075677469e-01  2.42384670042234435e-01  2.42389800922944487e-01  2.42395374795640051e-01  2.42414714216244331e-01  2.42407712448622331e-01  2.42539653563947133e-01  
1.52522295653901987e-06  2.42377387230744090e-01  2.42377392857742763e-01  2.42377401994702146e-01  2.42377416831186854e-01  2.42377440921943299e-01  2.42377480041349513e-01  2.42377543557244224e-01  2.42377646712435585e-01  2.42377814139949410e-01  2.42378086277834887e-01  2.42378527146859396e-01  2.42379246825547817e-01  2.42380401196181178e-01  2.42382328670179670e-01  2.42385260370278049e-01  2.42390759640410625e-01  2.42396930695710805e-01  2.42417243114265352e-01  2.42411807820068659e-01  2.42546339819281948e-01  
1.58489319246111408e-06  2.42377387950383633e-01  2.42377394026276338e-01  2.42377403892139603e-01  2.42377419912201103e-01  2.42377445924821605e-01  2.42377488164904620e-01  2.42377556748074707e-01  2.42377668131384449e-01  2.42377848919465844e-01  2.42378142751942333e-01  2.42378618847535587e-01  2.42379395727088692e-01  2.42380642972361143e-01  2.42382721269173235e-01  2.42385897788409133e-01  2.42391794830493251e-01  2.42398610694336436e-01  2.42419973690645468e-01  2.42416229739061795e-01  2.42553559010067282e-01  
1.64689786548286897e-06  2.42377388727432252e-01  2.42377395288029873e-01  2.42377405940945395e-01  2.42377423239004020e-01  2.42377451326805132e-01  2.42377496936516695e-01  2.42377570991204105e-01  2.42377691259029082e-01  2.42377886473511911e-01  2.42378203731249270e-01  2.42378717863564963e-01  2.42379556507053756e-01  2.42380904035697814e-01  2.42383145186277071e-01  2.42386586052678238e-01  2.42392912592276910e-01  2.42400424687579275e-01  2.42422922023543791e-01  2.42421004229212200e-01  2.42561353574742233e-01  
1.71132830416178096e-06  2.42377389566470092e-01  2.42377396650440086e-01  2.42377408153194973e-01  2.42377426831202863e-01  2.42377457159732468e-01  2.42377506407884941e-01  2.42377586370579295e-01  2.42377716231679641e-01  2.42377927023424061e-01  2.42378269575153293e-01  2.42378824778517132e-01  2.42379730113009534e-01  2.42381185924731374e-01  2.42383602919643532e-01  2.42387329218681252e-01  2.42394119511148365e-01  2.42402383360311530e-01  2.42426105471971159e-01  2.42426159385726092e-01  2.42569769324580159e-01  
1.77827941003892290e-06  2.42377390472442222e-01  2.42377398121536608e-01  2.42377410541927074e-01  2.42377430709969977e-01  2.42377463457982195e-01  2.42377516634832368e-01  2.42377602976844492e-01  2.42377743196521667e-01  2.42377970808195786e-01  2.42378340671722509e-01  2.42378940222513856e-01  2.42379917568108644e-01  2.42381490300723201e-01  2.42384097166672918e-01  2.42388131665439488e-01  2.42395422697548241e-01  2.42404498249034567e-01  2.42429542777674423e-01  2.42431725539930726e-01  2.42578855710651686e-01  
1.84784979742229063e-06  2.42377391450688706e-01  2.42377399709989949e-01  2.42377413121220742e-01  2.42377434898165961e-01  2.42377470258675537e-01  2.42377527677634985e-01  2.42377620907874208e-01  2.42377772312481060e-01  2.42378018085885771e-01  2.42378417439981592e-01  2.42379064875942213e-01  2.42380119977119113e-01  2.42381818957444206e-01  2.42384630839901749e-01  2.42388998121183752e-01  2.42396829828808474e-01  2.42406781809691690e-01  2.42433254175098950e-01  2.42437735436802498e-01  2.42588666111736018e-01  
1.92014193863880126e-06  2.42377392506974904e-01  2.42377401425162620e-01  2.42377415906277704e-01  2.42377439420476015e-01  2.42377477601894681e-01  2.42377539601377867e-01  2.42377640269351713e-01  2.42377803751162302e-01  2.42378069135139068e-01  2.42378500332382840e-01  2.42379199473464202e-01  2.42380338532933615e-01  2.42382173831741571e-01  2.42385207084157034e-01  2.42389933691190052e-01  2.42398349194319324e-01  2.42409247490870755e-01  2.42437261510066865e-01  2.42444224426513727e-01  2.42599258144793301e-01  
1.99526231496887871e-06  2.42377393647526196e-01  2.42377403277163367e-01  2.42377418913512943e-01  2.42377444303553874e-01  2.42377485530919839e-01  2.42377552476337771e-01  2.42377661175390391e-01  2.42377837697859616e-01  2.42378124256829086e-01  2.42378589837470321e-01  2.42379344808346109e-01  2.42380574523598596e-01  2.42382557014949596e-01  2.42385829295078015e-01  2.42390943887834526e-01  2.42399989744289196e-01  2.42411909812821014e-01  2.42441588367854954e-01  2.42451230671095780e-01  2.42610693999730148e-01  
2.07332157348595416e-06  2.42377394879065150e-01  2.42377405276907709e-01  2.42377422160651002e-01  2.42377449576179571e-01  2.42377494092483686e-01  2.42377566378398024e-01  2.42377683749207401e-01  2.42377874352648653e-01  2.42378183775830536e-01  2.42378686482761202e-01  2.42379501737132769e-01  2.42380829339903126e-01  2.42382970765209843e-01  2.42386501139112809e-01  2.42392034663040767e-01  2.42401761142383765e-01  2.42414784452745613e-01  2.42446260211412995e-01  2.42458795367393620e-01  2.42623040800320766e-01  
2.15443469003188224e-06  2.42377396208850571e-01  2.42377407436182024e-01  2.42377425666829766e-01  2.42377455269429776e-01  2.42377503337046885e-01  2.42377581389495556e-01  2.42377708123849400e-01  2.42377913931566658e-01  2.42378248042935091e-01  2.42378790837853131e-01  2.42379671184694917e-01  2.42381104483573612e-01  2.42383417520773414e-01  2.42387226575110443e-01  2.42393212443310607e-01  2.42403673822551707e-01  2.42417888336865867e-01  2.42451304530517581e-01  2.42466962987581192e-01  2.42636370993273842e-01  
2.23872113856833758e-06  2.42377397644719744e-01  2.42377409767712743e-01  2.42377429452714344e-01  2.42377461416859646e-01  2.42377513319095822e-01  2.42377597598103650e-01  2.42377734442976445e-01  2.42377956667883171e-01  2.42378317436917290e-01  2.42378903517781158e-01  2.42379854149679830e-01  2.42381401576122035e-01  2.42383899914362849e-01  2.42388009877631316e-01  2.42394484167545388e-01  2.42405739050368024e-01  2.42421239739790434e-01  2.42456751002719073e-01  2.42475781538601054e-01  2.42650762767588180e-01  
2.32630506715362375e-06  2.42377399195135457e-01  2.42377412285241567e-01  2.42377433540618581e-01  2.42377468054701423e-01  2.42377524097463298e-01  2.42377615099753418e-01  2.42377762861709312e-01  2.42378002813478238e-01  2.42378392366767975e-01  2.42379025186642783e-01  2.42380051710394617e-01  2.42381722368398611e-01  2.42384420788680610e-01  2.42388855662115016e-01  2.42395857327875747e-01  2.42407968989253930e-01  2.42424858391767029e-01  2.42462631667004547e-01  2.42485302841993045e-01  2.42666300506487520e-01  
2.41731548080410104e-06  2.42377400869235954e-01  2.42377415003606766e-01  2.42377437954635649e-01  2.42377475222077310e-01  2.42377535735675637e-01  2.42377633997596986e-01  2.42377793547542963e-01  2.42378052640324582e-01  2.42378473274104028e-01  2.42379156561510350e-01  2.42380265031161252e-01  2.42382068750907176e-01  2.42384983213151578e-01  2.42389768912055104e-01  2.42397340013742496e-01  2.42410376771958980e-01  2.42428765594438572e-01  2.42468981111170989e-01  2.42495582835689477e-01  2.42683075274387650e-01  
2.51188643150958227e-06  2.42377402676888010e-01  2.42377417938829720e-01  2.42377442720781433e-01  2.42377482961231600e-01  2.42377548302326967e-01  2.42377654403015702e-01  2.42377826681334924e-01  2.42378106442091068e-01  2.42378560635771012e-01  2.42379298416657757e-01  2.42380495369176135e-01  2.42382442764943029e-01  2.42385590502001175e-01  2.42390755008334319e-01  2.42398940959485359e-01  2.42412976577721845e-01  2.42432984345770902e-01  2.42475836673979095e-01  2.42506681899468224e-01  2.42701185341524461e-01  
2.61015721568253865e-06  2.42377404628745796e-01  2.42377421108210700e-01  2.42377447867147156e-01  2.42377491317777527e-01  2.42377561871483321e-01  2.42377676436275807e-01  2.42377862458369481e-01  2.42378164535873519e-01  2.42378654966653895e-01  2.42379451588122991e-01  2.42380744081918426e-01  2.42382846614617536e-01  2.42386246233774139e-01  2.42391819760900906e-01  2.42400669595716323e-01  2.42415783715558414e-01  2.42437539474877367e-01  2.42483238663238593e-01  2.42518665205882777e-01  2.42720736749048038e-01  
2.71227257933202973e-06  2.42377406736313361e-01  2.42377424530429125e-01  2.42377453424064665e-01  2.42377500340967472e-01  2.42377576523119503e-01  2.42377700227237869e-01  2.42377901089510100e-01  2.42378227264063273e-01  2.42378756822709679e-01  2.42379616978633583e-01  2.42381012635147913e-01  2.42383282679842854e-01  2.42386954272408278e-01  2.42392969442962958e-01  2.42402536104780492e-01  2.42418814714162184e-01  2.42442457787514221e-01  2.42491230591062895e-01  2.42531603098620235e-01  2.42741843917584049e-01  
2.81838293126445513e-06  2.42377409012012435e-01  2.42377428225655722e-01  2.42377459424285985e-01  2.42377510083983116e-01  2.42377592343590298e-01  2.42377725916122500e-01  2.42377942802441571e-01  2.42378294996365484e-01  2.42378866804246251e-01  2.42379795562927242e-01  2.42381302611540866e-01  2.42383753530350382e-01  2.42387718789986911e-01  2.42394210827907880e-01  2.42404551480627423e-01  2.42422087418939253e-01  2.42447768223087945e-01  2.42499859427626863e-01  2.42545571500382279e-01  2.42764630302461787e-01  
2.92864456462523746e-06  2.42377411469255649e-01  2.42377432215669375e-01  2.42377465903175549e-01  2.42377520604248498e-01  2.42377609426139201e-01  2.42377753654335115e-01  2.42377987843011566e-01  2.42378368131977745e-01  2.42378985559457888e-01  2.42379988393495033e-01  2.42381615720015237e-01  2.42384261940828100e-01  2.42388544291305519e-01  2.42395551229159567e-01  2.42406727593441118e-01  2.42425621096738375e-01  2.42453502024072398e-01  2.42509175874858651e-01  2.42560652352534739e-01  2.42789229099021925e-01  
3.04321988710772202e-06  2.42377414122525864e-01  2.42377436523987078e-01  2.42377472898918950e-01  2.42377531963768517e-01  2.42377627871448287e-01  2.42377783605360858e-01  2.42378036476680325e-01  2.42378447101941980e-01  2.42379113788246170e-01  2.42380196606783338e-01  2.42381953805798717e-01  2.42384810907262410e-01  2.42389435640393697e-01  2.42396998543208925e-01  2.42409077259407718e-01  2.42429436548886990e-01  2.42459692918812364e-01  2.42519234661603994e-01  2.42576934088930579e-01  2.42815784001635560e-01  
3.16227766016837919e-06  2.42377416987460903e-01  2.42377441176000935e-01  2.42377480452748761e-01  2.42377544229494896e-01  2.42377647788231509e-01  2.42377815945725633e-01  2.42378088990084312e-01  2.42378532371686078e-01  2.42379252246343657e-01  2.42380421429889831e-01  2.42382318861298962e-01  2.42385403664584720e-01  2.42390398089151138e-01  2.42398561296066906e-01  2.42411614316026702e-01  2.42433556233182801e-01  2.42466377318754839e-01  2.42530094861918399e-01  2.42594512146485336e-01  2.42844450020300251e-01  
3.28599324760065407e-06  2.42377420080946676e-01  2.42377446199130042e-01  2.42377488609185981e-01  2.42377557473720112e-01  2.42377669293875470e-01  2.42377850866037720e-01  2.42378145692726449e-01  2.42378624443765900e-01  2.42379401749768575e-01  2.42380664187794109e-01  2.42382713037841674e-01  2.42386043705723170e-01  2.42391437308262958e-01  2.42400248693415254e-01  2.42414353703403085e-01  2.42438004395548662e-01  2.42473594531235792e-01  2.42541820238260125e-01  2.42613489515263042e-01  2.42875394358912894e-01  
3.41454887383360094e-06  2.42377423421215599e-01  2.42377451622979828e-01  2.42377497416303461e-01  2.42377571774503864e-01  2.42377692515131193e-01  2.42377888572111316e-01  2.42378206918798994e-01  2.42378723860826567e-01  2.42379563179631941e-01  2.42380926311164147e-01  2.42383138658344155e-01  2.42386734802171600e-01  2.42392559420578441e-01  2.42402070674745146e-01  2.42417311551995779e-01  2.42442807212108341e-01  2.42481386989034486e-01  2.42554479611490986e-01  2.42633977331021738e-01  2.42908797359565748e-01  
3.54813389233575293e-06  2.42377427027954950e-01  2.42377457479517583e-01  2.42377506926009428e-01  2.42377587216132978e-01  2.42377717588860730e-01  2.42377929286178989e-01  2.42378273029154379e-01  2.42378831208801299e-01  2.42379737487330826e-01  2.42381209344785908e-01  2.42383598230997976e-01  2.42387481026199503e-01  2.42393771037146405e-01  2.42404037971801462e-01  2.42420505277330195e-01  2.42447992942502133e-01  2.42489800497995317e-01  2.42568147259729222e-01  2.42656095513369502e-01  2.42944853517472942e-01  
3.68694506451957361e-06  2.42377430922422449e-01  2.42377463803261611e-01  2.42377517194352882e-01  2.42377603889617987e-01  2.42377744662845146e-01  2.42377973248201428e-01  2.42378344413430730e-01  2.42378947120363564e-01  2.42379925700153293e-01  2.42381514956665267e-01  2.42384094464044186e-01  2.42388286774830125e-01  2.42395079296118726e-01  2.42406162171673600e-01  2.42423953682224358e-01  2.42453592095321385e-01  2.42498884504122297e-01  2.42582903348244228e-01  2.42679973452895603e-01  2.42983772571377599e-01  
3.83118684955728489e-06  2.42377435127571317e-01  2.42377470631482739e-01  2.42377528281854132e-01  2.42377621893230338e-01  2.42377773896653548e-01  2.42378020717282372e-01  2.42378421492348811e-01  2.42379072278656432e-01  2.42380128927333571e-01  2.42381844947854058e-01  2.42384630281724606e-01  2.42389156795729199e-01  2.42396491904752459e-01  2.42408455784901694e-01  2.42427677067124148e-01  2.42459637606613709e-01  2.42508692381648100e-01  2.42598834392743573e-01  2.42705750750862120e-01  2.43025780674566538e-01  
3.98107170553496912e-06  2.42377439668186673e-01  2.42377478004425745e-01  2.42377540253861268e-01  2.42377641333080512e-01  2.42377805462585250e-01  2.42378071973194525e-01  2.42378504720191207e-01  2.42379207421316828e-01  2.42380348366585591e-01  2.42382201263061592e-01  2.42385208841505301e-01  2.42390096215155643e-01  2.42398017184753289e-01  2.42410932318992633e-01  2.42431697349182934e-01  2.42466165032476588e-01  2.42519281743700299e-01  2.42616033758564942e-01  2.42733578015275953e-01  2.43071121651864314e-01  
4.13682040238851118e-06  2.42377444571030137e-01  2.42377485965546091e-01  2.42377553180935928e-01  2.42377662323744220e-01  2.42377839546684765e-01  2.42378127318029213e-01  2.42378594587479512e-01  2.42379353344823689e-01  2.42380585311162466e-01  2.42382586002111516e-01  2.42385833552672847e-01  2.42391110568138918e-01  2.42399664121226571e-01  2.42413606357778144e-01  2.42436038190776360e-01  2.42473212756840917e-01  2.42530714777300288e-01  2.42634602198464389e-01  2.42763617717404095e-01  2.43120058348244072e-01  
4.29866234708227223e-06  2.42377449864998401e-01  2.42377494561765577e-01  2.42377567139268252e-01  2.42377684988937053e-01  2.42377876349837068e-01  2.42378187077976787e-01  2.42378691623865272e-01  2.42379510909190493e-01  2.42380841157475407e-01  2.42383001432310952e-01  2.42386508096411574e-01  2.42392205831058971e-01  2.42401442415522916e-01  2.42416493647072490e-01  2.42440725138192759e-01  2.42480822215625280e-01  2.42543058604562517e-01  2.42654648431875314e-01  2.42796045113044090e-01  2.43172874074942785e-01  
4.46683592150963465e-06  2.42377455581293616e-01  2.42377503843748954e-01  2.42377582211126930e-01  2.42377709462244295e-01  2.42377916088953427e-01  2.42378251605248313e-01  2.42378796401251068e-01  2.42379681043033868e-01  2.42381117413320524e-01  2.42383450001807776e-01  2.42387236447482252e-01  2.42393388456820819e-01  2.42403362542287337e-01  2.42419611187130568e-01  2.42445785771299521e-01  2.42489038138536506e-01  2.42556385672099722e-01  2.42676289768712056e-01  2.42831049233127289e-01  2.43229874159192477e-01  
4.64158883361278196e-06  2.42377461753606832e-01  2.42377513866203181e-01  2.42377598485343265e-01  2.42377735887907619e-01  2.42377958998248572e-01  2.42378321280152159e-01  2.42378909537161180e-01  2.42379864749044799e-01  2.42381415706764469e-01  2.42383934354010122e-01  2.42388022897625816e-01  2.42394665412829224e-01  2.42405435811043263e-01  2.42422977332441364e-01  2.42451249865046042e-01  2.42497908809879897e-01  2.42570774170776604e-01  2.42699652780996367e-01  2.42868833948489737e-01  2.43291387603927545e-01  
4.82317848223930917e-06  2.42377468418317171e-01  2.42377524688199369e-01  2.42377616057835282e-01  2.42377764421675662e-01  2.42378005330621482e-01  2.42378396513334815e-01  2.42379031698379654e-01  2.42380063109897709e-01  2.42381737795734298e-01  2.42384457343157361e-01  2.42388872080834289e-01  2.42396044221986212e-01  2.42407674432673248e-01  2.42426611899437067e-01  2.42457149563727603e-01  2.42507486349854168e-01  2.42586308488123847e-01  2.42724874025797011e-01  2.42909619113937519e-01  2.43357768863943225e-01  
5.01187233627272497e-06  2.42377475614705212e-01  2.42377536373521080e-01  2.42377635032172661e-01  2.42377795231721649e-01  2.42378055359145778e-01  2.42378477748200455e-01  2.42379163604881515e-01  2.42380277294629243e-01  2.42382085578376316e-01  2.42385022051132021e-01  2.42389789000631850e-01  2.42397533006951882e-01  2.42410091591181792e-01  2.42430536282739445e-01  2.42463519569014629e-01  2.42517827017908971e-01  2.42603079695870832e-01  2.42752100823209693e-01  2.42953641796974568e-01  2.43429399745270558e-01  
5.20794832859546471e-06  2.42377483385185721e-01  2.42377548991039832e-01  2.42377655520187335e-01  2.42377828499634573e-01  2.42378109378678874e-01  2.42378565463525014e-01  2.42379306034073400e-01  2.42380508565526981e-01  2.42382461104236363e-01  2.42385631805608875e-01  2.42390779059531492e-01  2.42399140537926022e-01  2.42412701521160068e-01  2.42434773580618379e-01  2.42470397342814170e-01  2.42528991539864680e-01  2.42621186075246076e-01  2.42781492093325862e-01  2.43001157596874712e-01  2.43506691434480366e-01  
5.41169526546463768e-06  2.42377491775557202e-01  2.42377562615121278e-01  2.42377677642632405e-01  2.42377864421489536e-01  2.42378167707599651e-01  2.42378660176277821e-01  2.42379459825376092e-01  2.42380758285567405e-01  2.42382866586335566e-01  2.42386290199654492e-01  2.42391848090835804e-01  2.42400876284232014e-01  2.42415519591402756e-01  2.42439348730383891e-01  2.42477823326125996e-01  2.42541045460615001e-01  2.42640733682864818e-01  2.42813219256393736e-01  2.43052442060025131e-01  2.43590086664782574e-01  
5.62341325190349121e-06  2.42377500835271098e-01  2.42377577326064408e-01  2.42377701529894352e-01  2.42377903209003737e-01  2.42378230689686253e-01  2.42378762444666690e-01  2.42379625885170397e-01  2.42381027926445669e-01  2.42383304414205553e-01  2.42387001112885803e-01  2.42393002392971069e-01  2.42402750470003342e-01  2.42418562395163212e-01  2.42444288654494855e-01  2.42485841175134470e-01  2.42554059524371202e-01  2.42661836960229138e-01  2.42847467200621392e-01  2.43107792197736816e-01  2.43680062025760341e-01  
5.84341413373517478e-06  2.42377510617724279e-01  2.42377593210573339e-01  2.42377727322760833e-01  2.42377945090783115e-01  2.42378298696139610e-01  2.42378872871429146e-01  2.42379805192138337e-01  2.42381319077246804e-01  2.42383777167965414e-01  2.42387768734314779e-01  2.42394248766554299e-01  2.42404774134297812e-01  2.42421847847570454e-01  2.42449622418222682e-01  2.42494498015874138e-01  2.42568110084544653e-01  2.42684619390059558e-01  2.42884435322330589e-01  2.43167528112972070e-01  2.43777130423368210e-01  
6.07202195690988372e-06  2.42377521180573346e-01  2.42377610362269014e-01  2.42377755173250886e-01  2.42377990313670938e-01  2.42378372127772940e-01  2.42378992107383562e-01  2.42379998803030045e-01  2.42381633453808976e-01  2.42384287633518297e-01  2.42388597587014143e-01  2.42395594554411647e-01  2.42406959195990562e-01  2.42425395290775114e-01  2.42455381399777931e-01  2.42503844718910511e-01  2.42583279545516756e-01  2.42709214202902118e-01  2.42924338643436627e-01  2.43231994742660079e-01  2.43881843696707040e-01  
6.30957344480192964e-06  2.42377532586074335e-01  2.42377628882240931e-01  2.42377785245510430e-01  2.42378039144201585e-01  2.42378451417373242e-01  2.42379120855264446e-01  2.42380207858890445e-01  2.42381972908831428e-01  2.42384838818961501e-01  2.42389492554747454e-01  2.42397047684780431e-01  2.42409318523825634e-01  2.42429225607431853e-01  2.42461599473871386e-01  2.42513936195577179e-01  2.42599656838709155e-01  2.42735765137674947e-01  2.42967409011483004e-01  2.43301563722505693e-01  2.43994795397594666e-01  
6.55641849417978527e-06  2.42377544901449665e-01  2.42377648879643470e-01  2.42377817716780741e-01  2.42378091870172202e-01  2.42378537032251928e-01  2.42379259873863967e-01  2.42380433591782712e-01  2.42382339442789668e-01  2.42385433972302028e-01  2.42390458910719975e-01  2.42398616717951876e-01  2.42411866012031352e-01  2.42433361343174475e-01  2.42468313209762365e-01  2.42524831717437050e-01  2.42617337935529503e-01  2.42764427260051596e-01  2.43013896387747702e-01  2.43376635381263001e-01  2.44116623738466348e-01  
6.81292069057960846e-06  2.42377558199284748e-01  2.42377670472337964e-01  2.42377852778441150e-01  2.42378148802337962e-01  2.42378629476998758e-01  2.42379409982503152e-01  2.42380677332047850e-01  2.42382735215720319e-01  2.42386076600586642e-01  2.42391502348619836e-01  2.42400310896621590e-01  2.42414616661943749e-01  2.42437826838793863e-01  2.42475562084921714e-01  2.42536595260746113e-01  2.42636426399957139e-01  2.42795367842829540e-01  2.43064070229167373e-01  2.43457640871706626e-01  2.44248014713378203e-01  
7.07945784384137329e-06  2.42377572557954751e-01  2.42377693787588472e-01  2.42377890637139104e-01  2.42378210276244566e-01  2.42378729296455514e-01  2.42379572065859722e-01  2.42380940516143256e-01  2.42383162559945825e-01  2.42386770490554349e-01  2.42392629016131456e-01  2.42402140200247307e-01  2.42417586670108209e-01  2.42442648372877961e-01  2.42483388715524412e-01  2.42549295877837995e-01  2.42657033983716491e-01  2.42828767312678689e-01  2.43118220970113763e-01  2.43545044445447167e-01  2.44389705395826995e-01  
7.35642254459642134e-06  2.42377588062088145e-01  2.42377718962811350e-01  2.42377931516006756e-01  2.42378276654204167e-01  2.42378837078926962e-01  2.42379747079181612e-01  2.42381224695105896e-01  2.42383623993813663e-01  2.42387519730935003e-01  2.42393845551115955e-01  2.42404115403728443e-01  2.42420793523375616e-01  2.42447854315737621e-01  2.42491839105081625e-01  2.42563008097483296e-01  2.42679281267190766e-01  2.42864820267925330e-01  2.43176661610273265e-01  2.43639345878746194e-01  2.44542487415800841e-01  
7.64422274252599404e-06  2.42377604803063862e-01  2.42377746146385742e-01  2.42377975655975963e-01  2.42378348327432824e-01  2.42378953459647301e-01  2.42379936053915834e-01  2.42381531543690659e-01  2.42384122236529553e-01  2.42388328736525549e-01  2.42395159120673692e-01  2.42406248140751179e-01  2.42424256101541863e-01  2.42453475295501847e-01  2.42500962912613333e-01  2.42577812356427502e-01  2.42703298349434632e-01  2.42903736572301771e-01  2.43239729415092892e-01  2.43741083056368851e-01  2.44707210616905729e-01  
7.94328234724282175e-06  2.42377622879550753e-01  2.42377775498526571e-01  2.42378023317198932e-01  2.42378425718353940e-01  2.42379079124524083e-01  2.42380140103785890e-01  2.42381862870237552e-01  2.42384660224174708e-01  2.42389202274181592e-01  2.42396577463314250e-01  2.42408550972168846e-01  2.42427994788126350e-01  2.42459544377333747e-01  2.42510813741876885e-01  2.42593795464466022e-01  2.42729225590870790e-01  2.42945742529844966e-01  2.43307787735490832e-01  2.43850834720233473e-01  2.44884786892108047e-01  
8.25404185268019019e-06  2.42377642398089177e-01  2.42377807192230982e-01  2.42378074780581432e-01  2.42378509283088961e-01  2.42379214814180372e-01  2.42380360431354275e-01  2.42382220627325090e-01  2.42385241126998663e-01  2.42390145490883335e-01  2.42398108934483769e-01  2.42411037459814904e-01  2.42432031589931402e-01  2.42466097256796548e-01  2.42521449453270754e-01  2.42611051105588643e-01  2.42757214412482575e-01  2.42991082146410853e-01  2.43381227953653967e-01  2.43969223389178119e-01  2.45076194194261660e-01  
8.57695898590894511e-06  2.42377663473718502e-01  2.42377841414295525e-01  2.42378130349437254e-01  2.42378599514144893e-01  2.42379361328318332e-01  2.42380598335108360e-01  2.42382606923273347e-01  2.42385868368090118e-01  2.42391163944033095e-01  2.42399762555713549e-01  2.42413722246180408e-01  2.42436390266073526e-01  2.42473172468469250e-01  2.42532932500160947e-01  2.42629680377895562e-01  2.42787428155552626e-01  2.43040018483546338e-01  2.43460471561812331e-01  2.44096918455523143e-01  2.45282480714280604e-01  
8.91250938133745946e-06  2.42377686230654893e-01  2.42377878366419441e-01  2.42378190351277029e-01  2.42378696943317262e-01  2.42379519530432658e-01  2.42380855217111640e-01  2.42383024034564076e-01  2.42386545643535928e-01  2.42392263634167410e-01  2.42401548067678663e-01  2.42416621140417426e-01  2.42441096467229694e-01  2.42480811611001268e-01  2.42545330291497691e-01  2.42649792375181195e-01  2.42820043006255232e-01  2.43092835110694294e-01  2.43545972381034120e-01  2.44234639463389691e-01  2.45504769215931895e-01  
9.26118728128793728e-06  2.42377710803024615e-01  2.42377918266391434e-01  2.42378255139737514e-01  2.42378802144823519e-01  2.42379690352897859e-01  2.42381132591263482e-01  2.42383474419250899e-01  2.42387276944187074e-01  2.42393451040274460e-01  2.42403475987477551e-01  2.42419751211169376e-01  2.42446177885902892e-01  2.42489059589885397e-01  2.42558715582734702e-01  2.42671504813273015e-01  2.42855248989652384e-01  2.43149837661996326e-01  2.43638218926959693e-01  2.44383159572439529e-01  2.45744261511616352e-01  
9.62350626398088767e-06  2.42377737335652960e-01  2.42377961349374338e-01  2.42378325096666403e-01  2.42378915738687251e-01  2.42379874802463757e-01  2.42381432092220128e-01  2.42383960731437753e-01  2.42388066579157624e-01  2.42394733157921288e-01  2.42405557670464206e-01  2.42423130886768395e-01  2.42451664418569079e-01  2.42497964879321098e-01  2.42573166897202375e-01  2.42694944704427984e-01  2.42893251037922087e-01  2.43211355504152099e-01  2.43737736929263260e-01  2.44543309209360071e-01  2.46002243057746400e-01  
1.00000000000000008e-05  2.42377765984919308e-01  2.42378007869290701e-01  2.42378400634371938e-01  2.42379038394391871e-01  2.42380073966186382e-01  2.42381755485024025e-01  2.42384485836913272e-01  2.42388919201196762e-01  2.42396117540417816e-01  2.42407805376995605e-01  2.42426780063377784e-01  2.42457588340637270e-01  2.42507579804645046e-01  2.42588768980244646e-01  2.42720249083301087e-01  2.42934270137893343e-01  2.43277743522071682e-01  2.43845092011522019e-01  2.44715979907531023e-01  2.46280087641689460e-01  
1.03912230383516911e-05  2.42377796919677035e-01  2.42378058100319510e-01  2.42378482198053719e-01  2.42379170834825963e-01  2.42380289017833983e-01  2.42382104675503529e-01  2.42385052830029368e-01  2.42389839834081133e-01  2.42397612343255103e-01  2.42410232344485638e-01  2.42430720221708196e-01  2.42463984495224605e-01  2.42517960846919095e-01  2.42605613288592897e-01  2.42747565788229952e-01  2.42978544563266147e-01  2.43349384029083626e-01  2.43960892537447238e-01  2.44902128332943447e-01  2.46579262124079740e-01  
1.07977516232770930e-05  2.42377830322251103e-01  2.42378112338511975e-01  2.42378570268425464e-01  2.42379313840542981e-01  2.42380521224802886e-01  2.42382481721500564e-01  2.42385665051925547e-01  2.42390833902189934e-01  2.42399226372081972e-01  2.42412852865179579e-01  2.42434974552982241e-01  2.42470890496823077e-01  2.42529168971377052e-01  2.42623798517622169e-01  2.42777054301821532e-01  2.43026331197107925e-01  2.43426688808853042e-01  2.44085792629379267e-01  2.45102780491592676e-01  2.46901331190868240e-01  
1.12201845430196301e-05  2.42377866389509533e-01  2.42378170903535639e-01  2.42378665364548440e-01  2.42379468254361741e-01  2.42380771955585744e-01  2.42382888844992400e-01  2.42386326110206607e-01  2.42391907262434370e-01  2.42400969134495770e-01  2.42415682370108354e-01  2.42439568094873131e-01  2.42478346951021606e-01  2.42541269981564445e-01  2.42643431169323492e-01  2.42808886655065476e-01  2.43077906950550593e-01  2.43510101295880882e-01  2.44220495363608292e-01  2.45319036109949234e-01  2.47247962058103871e-01  
1.16591440117983103e-05  2.42377905334026672e-01  2.42378234140559590e-01  2.42378768046890458e-01  2.42379634986331194e-01  2.42381042687833975e-01  2.42383328445182344e-01  2.42387039900185980e-01  2.42393066238729887e-01  2.42402850895954425e-01  2.42418737519705468e-01  2.42444527878204030e-01  2.42486397691528383e-01  2.42554334901133761e-01  2.42664626164014519e-01  2.42843248399459644e-01  2.43133570283800032e-01  2.43600098901847167e-01  2.44365756146441515e-01  2.45552073175719004e-01  2.47620929059207934e-01  
1.21152765862858756e-05  2.42377947385333720e-01  2.42378302422287806e-01  2.42378878920628205e-01  2.42379815019094919e-01  2.42381335017064270e-01  2.42383803112631108e-01  2.42387810627824801e-01  2.42394317659213460e-01  2.42404882740133609e-01  2.42422036301616239e-01  2.42449883085247536e-01  2.42495090035838523e-01  2.42568440385404260e-01  2.42687507499021515e-01  2.42880339651892069e-01  2.43193642835856538e-01  2.43697195494584351e-01  2.44522386273366366e-01  2.45803152620903381e-01  2.48022118028892180e-01  
1.25892541179416611e-05  2.42377992791272978e-01  2.42378376151155595e-01  2.42378998639214693e-01  2.42380009413679903e-01  2.42381650666059212e-01  2.42384315644517290e-01  2.42388642834495682e-01  2.42395668896423638e-01  2.42407076634081758e-01  2.42425598136264492e-01  2.42455665220539907e-01  2.42504475060991015e-01  2.42583669164944810e-01  2.42712208957774483e-01  2.42920376217285711e-01  2.43258471169541246e-01  2.43801944036616952e-01  2.44691256672037671e-01  2.46073623122613078e-01  2.48453530379608267e-01  
1.30817747426019549e-05  2.42378041819458268e-01  2.42378455761702000e-01  2.42379127908228825e-01  2.42380219315749768e-01  2.42381991495015769e-01  2.42384869061111063e-01  2.42389541423721017e-01  2.42397127910676746e-01  2.42409445498553838e-01  2.42429443990790638e-01  2.42461908295183548e-01  2.42514607900964185e-01  2.42600110523601031e-01  2.42738874872989535e-01  2.42963590794289780e-01  2.43328428638611066e-01  2.43914939389516028e-01  2.44873301827656931e-01  2.46364925989555283e-01  2.48917286745135385e-01  
1.35935639087852407e-05  2.42378094758851081e-01  2.42378541723129753e-01  2.42379267489533395e-01  2.42380445962354030e-01  2.42382359512505557e-01  2.42385466623564694e-01  2.42390511690040306e-01  2.42398703296897278e-01  2.42412003283933863e-01  2.42433596502017817e-01  2.42468649025695843e-01  2.42525548067379637e-01  2.42617860813556907e-01  2.42767660947839081e-01  2.43010234269550734e-01  2.43403917383936852e-01  2.44036821290068373e-01  2.45069523886540547e-01  2.46678600092757244e-01  2.49415630041150943e-01  
1.41253754462275550e-05  2.42378151921464696e-01  2.42378634542071147e-01  2.42379418205766306e-01  2.42380690689218470e-01  2.42382756887306816e-01  2.42386111853116704e-01  2.42391559350177033e-01  2.42400404335171821e-01  2.42414765052185815e-01  2.42438080109157017e-01  2.42475927048534629e-01  2.42537359795303470e-01  2.42637024010204622e-01  2.42798735139261562e-01  2.43060577106392672e-01  2.43485370465671452e-01  2.44168277503384906e-01  2.45280996930572343e-01  2.47016286788245970e-01  2.49950927763860020e-01  
1.46779926762207055e-05  2.42378213644202645e-01  2.42378734765572951e-01  2.42379580945185746e-01  2.42380954938614029e-01  2.42383185961181608e-01  2.42386808551830119e-01  2.42392690576686193e-01  2.42402241045326816e-01  2.42417747065312106e-01  2.42442921197019462e-01  2.42483785151522940e-01  2.42550112416065305e-01  2.42657712309783613e-01  2.42832278607810509e-01  2.43114910833951314e-01  2.43573254138660128e-01  2.44310047157081961e-01  2.45508871411045188e-01  2.47379734766352555e-01  2.50525673314537067e-01  
1.52522295653901983e-05  2.42378280290844322e-01  2.42378842984321524e-01  2.42379756666906171e-01  2.42381240267855319e-01  2.42383649262668588e-01  2.42387560824980169e-01  2.42393912034282955e-01  2.42404224245843403e-01  2.42420966880833505e-01  2.42448148250556050e-01  2.42492269523484266e-01  2.42563880759159467e-01  2.42680046772956348e-01  2.42868486738705369e-01  2.43173549643082409e-01  2.43668070277888060e-01  2.44462924259447073e-01  2.45754378725647898e-01  2.47770804746862888e-01  2.51142486099479922e-01  
1.58489319246111412e-05  2.42378352254188606e-01  2.42378959836121927e-01  2.42379946406549029e-01  2.42381548358475529e-01  2.42384149521977676e-01  2.42388373105227484e-01  2.42395230919061372e-01  2.42406365617458569e-01  2.42424443454842098e-01  2.42453792021614378e-01  2.42501430023498887e-01  2.42578745585435296e-01  2.42704158017691296e-01  2.42907570239008191e-01  2.43236832095574174e-01  2.43770358961007572e-01  2.44627761402794047e-01  2.46018835916741840e-01  2.48191473920523709e-01  2.51804110113347634e-01  
1.64689786548286871e-05  2.42378429958368946e-01  2.42379086009658268e-01  2.42380151282345635e-01  2.42381881026133172e-01  2.42384689687072608e-01  2.42389250178716542e-01  2.42396655000834987e-01  2.42408677771820597e-01  2.42428197253227035e-01  2.42459885708871448e-01  2.42511320471300307e-01  2.42594794053949042e-01  2.42730186965057937e-01  2.42949756316123283e-01  2.43305122953377473e-01  2.43880701214345713e-01  2.44805473651386135e-01  2.46303650460652890e-01  2.48643840020954021e-01  2.52513410644629510e-01  
1.71132830416178096e-05  2.42378513861352896e-01  2.42379222248551296e-01  2.42380372501725810e-01  2.42382240231309443e-01  2.42385272941031626e-01  2.42390197213252334e-01  2.42398192668849155e-01  2.42411174325599638e-01  2.42432250371717228e-01  2.42466465151966459e-01  2.42521998960438301e-01  2.42612120225010552e-01  2.42758285641753113e-01  2.42995289943086779e-01  2.43378815134741744e-01  2.43999721928762764e-01  2.44997042609779503e-01  2.46610325113437834e-01  2.49130124871195041e-01  2.53273368739863280e-01  
1.77827941003892290e-05  2.42378604457641394e-01  2.42379369355739727e-01  2.42380611368432614e-01  2.42382628090856866e-01  2.42385902720795660e-01  2.42391219788722745e-01  2.42399852981127373e-01  2.42413869980485308e-01  2.42436626665429783e-01  2.42473569040947107e-01  2.42533528195960801e-01  2.42630825602141997e-01  2.42788618043435156e-01  2.43044435216375587e-01  2.43458331804236650e-01  2.44128092950604614e-01  2.45203520665855323e-01  2.46940462762122476e-01  2.49652677244123322e-01  2.54087072906774403e-01  
1.84784979742229076e-05  2.42378702281181885e-01  2.42379528198213401e-01  2.42380869290203776e-01  2.42383046890470494e-01  2.42386582737408651e-01  2.42392323929941755e-01  2.42401645717742475e-01  2.42416780609542637e-01  2.42441351888659007e-01  2.42481239142299437e-01  2.42545975858188934e-01  2.42651019716987243e-01  2.42821361058934315e-01  2.43097476828085246e-01  2.43544128544525229e-01  2.44266536573299747e-01  2.45426034573530655e-01  2.47295774299383986e-01  2.50213963345024382e-01  2.54957750369006308e-01  
1.92014193863880117e-05  2.42378807908516347e-01  2.42379699712120922e-01  2.42381147787066153e-01  2.42383499098150906e-01  2.42387316997870722e-01  2.42393516142108800e-01  2.42403581438332710e-01  2.42419923350398109e-01  2.42446453845811455e-01  2.42489520542432557e-01  2.42559414996147082e-01  2.42672820754500501e-01  2.42856705481456242e-01  2.43154721578320215e-01  2.43636695916978785e-01  2.44415828313292116e-01  2.45665792539075334e-01  2.47678073851310965e-01  2.50816602878744799e-01  2.55888619999981359e-01  
1.99526231496887862e-05  2.42378921962178112e-01  2.42379884908286464e-01  2.42381448500291780e-01  2.42383987378744004e-01  2.42388109828733156e-01  2.42394803449090063e-01  2.42405671544181661e-01  2.42423316705844522e-01  2.42451962554185663e-01  2.42498461910659685e-01  2.42573924450323164e-01  2.42696356231005606e-01  2.42894857076974890e-01  2.43216500063563407e-01  2.43736561935406548e-01  2.44576800772995206e-01  2.45924088069939817e-01  2.48089286348563920e-01  2.51463356810081862e-01  2.56882915523531707e-01  
2.07332157348595416e-05  2.42379045114360064e-01  2.42380084878165841e-01  2.42381773202066997e-01  2.42384514609635338e-01  2.42388965901570913e-01  2.42396193434751911e-01  2.42407928345223872e-01  2.42426980652463070e-01  2.42457910419468736e-01  2.42508115783366812e-01  2.42589589306318659e-01  2.42721763731483853e-01  2.42936037704361008e-01  2.43283168587123538e-01  2.43844294312504373e-01  2.44750349139868983e-01  2.46202298509286238e-01  2.48531474978683969e-01  2.52157037935448358e-01  2.57944184646317076e-01  
2.15443469003188232e-05  2.42379178090876890e-01  2.42380300800278392e-01  2.42382123805933186e-01  2.42385083897698916e-01  2.42389890260489210e-01  2.42397694287572935e-01  2.42410365132412348e-01  2.42430936757718041e-01  2.42464332425610940e-01  2.42518538868531197e-01  2.42606501390926682e-01  2.42749191676047665e-01  2.42980486618748048e-01  2.43355110827777943e-01  2.43960504241941600e-01  2.44937431762961677e-01  2.46501902689635843e-01  2.49006797066921970e-01  2.52900684677127008e-01  2.59075591219690371e-01  
2.23872113856833792e-05  2.42379321675441656e-01  2.42380533947149812e-01  2.42382502378060277e-01  2.42385698597595206e-01  2.42390888351814410e-01  2.42399314848820602e-01  2.42412996255778751e-01  2.42435208306536643e-01  2.42471266338895264e-01  2.42529792377016384e-01  2.42624759795702499e-01  2.42778800185244309e-01  2.43028461718782118e-01  2.43432740187974284e-01  2.44085848309431058e-01  2.45139078536788096e-01  2.46824470131940032e-01  2.49517565603953329e-01  2.53697335650197975e-01  2.60280689865052928e-01  
2.32630506715362866e-05  2.42379476714283781e-01  2.42380785692811601e-01  2.42382911149418845e-01  2.42386362331526717e-01  2.42391966056155622e-01  2.42401064664543725e-01  2.42415837208758200e-01  2.42439820437670484e-01  2.42478752929004698e-01  2.42541942376371389e-01  2.42644471453678262e-01  2.42810761963314636e-01  2.43080241061306657e-01  2.43516501643114530e-01  2.44221032961566387e-01  2.45356390572899263e-01  2.47171683352731181e-01  2.50066186262841383e-01  2.54550262707743447e-01  2.61562468756077360e-01  
2.41731548080410138e-05  2.42379644121136162e-01  2.42381057520895810e-01  2.42383352528921375e-01  2.42387079010570022e-01  2.42393129723014300e-01  2.42402954041716190e-01  2.42418904719142403e-01  2.42444800291090529e-01  2.42486836206586981e-01  2.42555060175653314e-01  2.42665751747808606e-01  2.42845263295126818e-01  2.43136124309190127e-01  2.43606874369622250e-01  2.44366816794838793e-01  2.45590548841494311e-01  2.47545327168248952e-01  2.50655216145561688e-01  2.55462742005828580e-01  2.62924091951844574e-01  
2.51188643150958219e-05  2.42379824882619804e-01  2.42381351033376657e-01  2.42383829117613164e-01  2.42387852857704866e-01  2.42394386208151347e-01  2.42404994108839172e-01  2.42422216847283906e-01  2.42450177166922604e-01  2.42495563679948928e-01  2.42569222738588358e-01  2.42688725172318098e-01  2.42882505094653617e-01  2.43196434368330966e-01  2.43704374227016102e-01  2.44524014143616741e-01  2.45842818789759332e-01  2.47947293332094393e-01  2.51287363273804576e-01  2.56438036803039671e-01  2.64368822583107121e-01  
2.61015721568253865e-05  2.42380020064055623e-01  2.42381667960008651e-01  2.42384343723991924e-01  2.42388688432679550e-01  2.42395742913933537e-01  2.42407196881344295e-01  2.42425793092138048e-01  2.42455982696752476e-01  2.42504986632628261e-01  2.42584513126234025e-01  2.42713526054520734e-01  2.42922703994642913e-01  2.43261519277813615e-01  2.43809555886673551e-01  2.44693500767192956e-01  2.46114547928968974e-01  2.48379611534300632e-01  2.51965384957903160e-01  2.57479746217487093e-01  2.65898546345993414e-01  
2.71227257933202964e-05  2.42380230815744363e-01  2.42382010168517875e-01  2.42384899380551078e-01  2.42389590658857179e-01  2.42397207832878103e-01  2.42409575332236282e-01  2.42429654505567888e-01  2.42462251029012282e-01  2.42515160420692127e-01  2.42601020981675658e-01  2.42740299303091406e-01  2.42966093623492196e-01  2.43331753834857972e-01  2.43923016573691753e-01  2.44876214319235203e-01  2.46407183657392032e-01  2.48844404751661502e-01  2.52692264904372244e-01  2.58591099926865298e-01  2.67516189210053157e-01  
2.81838293126445487e-05  2.42380458379742758e-01  2.42382379675604526e-01  2.42385499361640139e-01  2.42390564852198592e-01  2.42398789594680003e-01  2.42412143468292068e-01  2.42433823815910637e-01  2.42469019028227234e-01  2.42526144796195109e-01  2.42618843041586901e-01  2.42769201253021871e-01  2.43012925827389731e-01  2.43407541885152456e-01  2.44045397980260842e-01  2.45073162461112243e-01  2.46722263261921732e-01  2.49343947992766102e-01  2.53470999856259649e-01  2.59775693588105816e-01  2.69222712303864631e-01  
2.92864456462523738e-05  2.42380704097182487e-01  2.42382778658825043e-01  2.42386147202746732e-01  2.42391616752556799e-01  2.42400497516962632e-01  2.42414916412370562e-01  2.42438325561113777e-01  2.42476326490786570e-01  2.42538004252913747e-01  2.42638083698651530e-01  2.42800400532256877e-01  2.43063472139001618e-01  2.43489318182994990e-01  2.44177390471234684e-01  2.45285423252532692e-01  2.47061433365651895e-01  2.49880616335461520e-01  2.54304793616242863e-01  2.61036684200047664e-01  2.71019801177311115e-01  
3.04321988710772219e-05  2.42380969416171904e-01  2.42383209469417382e-01  2.42386846721319493e-01  2.42392752557460123e-01  2.42402341660079568e-01  2.42417910492210537e-01  2.42443186232584568e-01  2.42484216377056166e-01  2.42550808401524043e-01  2.42658855598252454e-01  2.42834079027439309e-01  2.43118025226289114e-01  2.43577550845222146e-01  2.44319735790243742e-01  2.45514151973253214e-01  2.47426445889391194e-01  2.50456919340943440e-01  2.55196921520859321e-01  2.62377192034952966e-01  2.72907990819841739e-01  
3.16227766016837953e-05  2.42381255900328524e-01  2.42383674646153624e-01  2.42387602039245920e-01  2.42393978958584499e-01  2.42404332886272417e-01  2.42421143336279787e-01  2.42448434430403092e-01  2.42492735061812681e-01  2.42564632373835409e-01  2.42681280281783512e-01  2.42870432919188473e-01  2.43176900455601197e-01  2.43672743928865815e-01  2.44473230049818857e-01  2.45760587714023593e-01  2.47819155246072731e-01  2.51075529034912093e-01  2.56150610088448916e-01  2.63800618438849221e-01  2.74885034408994144e-01  
3.28599324760065441e-05  2.42381565237991009e-01  2.42384176930293099e-01  2.42388417607122791e-01  2.42395303181136529e-01  2.42406482923514605e-01  2.42424633977289361e-01  2.42454101030581681e-01  2.42501932605199838e-01  2.42579557255351824e-01  2.42705488890964549e-01  2.42909673750818178e-01  2.43240437728727249e-01  2.43775439568032798e-01  2.44638729139360744e-01  2.46026051755196901e-01  2.48241546372099692e-01  2.51739190301913496e-01  2.57169344745503792e-01  2.65309333743317000e-01  2.76950274708586075e-01  
3.41454887383360085e-05  2.42381899252166799e-01  2.42384719281728611e-01  2.42389298230461403e-01  2.42396733026359418e-01  2.42408804434459058e-01  2.42428402963814488e-01  2.42460219365908863e-01  2.42511863043565506e-01  2.42595670556636528e-01  2.42731622906546651e-01  2.42952029648494411e-01  2.43309003179691064e-01  2.43886221247139767e-01  2.44817150687629215e-01  2.46311959581645312e-01  2.48695711823923499e-01  2.52450818068020055e-01  2.58256467441645710e-01  2.66905977633826619e-01  2.79099174591834920e-01  
3.54813389233575336e-05  2.42382259911270742e-01  2.42385304896420295e-01  2.42390249097976351e-01  2.42398276917433625e-01  2.42411311090836273e-01  2.42432472480860889e-01  2.42466825420705495e-01  2.42522584704451039e-01  2.42613066716172332e-01  2.42759834962018611e-01  2.42997746561091826e-01  2.43382991250310349e-01  2.44005716305884524e-01  2.45009479707937905e-01  2.46619819880249280e-01  2.49183877125030900e-01  2.53213410154128016e-01  2.59415446574348341e-01  2.68592206546813150e-01  2.81327272522167604e-01  
3.68694506451957361e-05  2.42382649340723011e-01  2.42385937225216896e-01  2.42391275812131768e-01  2.42399943949020091e-01  2.42414017653780789e-01  2.42436866479907837e-01  2.42473958041216964e-01  2.42534160545209931e-01  2.42631847645956467e-01  2.42790289704620521e-01  2.43047089644071568e-01  2.43462826708950225e-01  2.44134599332545776e-01  2.45216771756659235e-01  2.46951243470787729e-01  2.49708388354718841e-01  2.54030095658884125e-01  2.60649622473506593e-01  2.70369347477541988e-01  2.83626907682316520e-01  
3.83118684955728489e-05  2.42383069835468895e-01  2.42386619994179514e-01  2.42392384422118301e-01  2.42401743940747788e-01  2.42416940060534158e-01  2.42441610819263548e-01  2.42481659162514407e-01  2.42546658518345837e-01  2.42652123318248314e-01  2.42823164724778467e-01  2.43100344730775547e-01  2.43548966853209731e-01  2.44273595578175073e-01  2.45440156848712843e-01  2.47307949964821083e-01  2.50271707096936358e-01  2.54904149154501325e-01  2.61962058354640925e-01  2.72238599551739402e-01  2.85986475245344818e-01  
3.98107170553496946e-05  2.42383523873497292e-01  2.42387357226522465e-01  2.42393581459453195e-01  2.42403687494962161e-01  2.42420095517999201e-01  2.42446733415632526e-01  2.42489974052863627e-01  2.42560151966829257e-01  2.42674012391974891e-01  2.42858651575720008e-01  2.43157819833297900e-01  2.43641904142701343e-01  2.44423483502676425e-01  2.45680847445389372e-01  2.47691759647188925e-01  2.50876458894595200e-01  2.55838796911848521e-01  2.63356141308318248e-01  2.74198369110036477e-01  2.88396129518985800e-01  
4.13682040238851152e-05  2.42384014130438113e-01  2.42388153266303669e-01  2.42394873976419373e-01  2.42405786059052442e-01  2.42423502603765134e-01  2.42452264407491375e-01  2.42498951577964417e-01  2.42574720047751546e-01  2.42697642896322119e-01  2.42896956835112282e-01  2.43219846877260171e-01  2.43742168530508369e-01  2.44585099209635476e-01  2.45940140211276193e-01  2.48104608862572407e-01  2.51525391704859491e-01  2.56837348885980365e-01  2.64834936833506729e-01  2.76246179689855709e-01  2.90841356027085607e-01  
4.29866234708227240e-05  2.42384543495321875e-01  2.42389012804001491e-01  2.42396269587561997e-01  2.42408051992734103e-01  2.42427181375145046e-01  2.42458236331371674e-01  2.42508644485943448e-01  2.42590448188910263e-01  2.42723152966613148e-01  2.42938303245337245e-01  2.43286783559653191e-01  2.43850329938482852e-01  2.44759341133427205e-01  2.46219417619827630e-01  2.48548566002184501e-01  2.52221329080322576e-01  2.57903338123566528e-01  2.66400479749094643e-01  2.78380731929828873e-01  2.93298468760794517e-01  
4.46683592150963482e-05  2.42385115087595249e-01  2.42389940904129714e-01  2.42397776514485047e-01  2.42410498640698441e-01  2.42431153486770218e-01  2.42464684312383272e-01  2.42519109713501546e-01  2.42607428585284446e-01  2.42750691619540326e-01  2.42982931000106650e-01  2.43359015104038706e-01  2.43967001750485968e-01  2.44947171736704050e-01  2.46520161461298210e-01  2.49025802836623900e-01  2.52967286063057850e-01  2.59040038166601094e-01  2.68055344605782786e-01  2.80595357227910014e-01  2.95746860522700716e-01  
4.64158883361278179e-05  2.42385732275494065e-01  2.42390943035051099e-01  2.42399403634218580e-01  2.42413140410998984e-01  2.42435442317644273e-01  2.42471646269236507e-01  2.42530408718019619e-01  2.42625760726551620e-01  2.42780419614752413e-01  2.43031099022630981e-01  2.43436956518875369e-01  2.44092843094691897e-01  2.45149624552570888e-01  2.46843947082790560e-01  2.49538637191123430e-01  2.53766313816650046e-01  2.60250975184162514e-01  2.69800455179130871e-01  2.82885395897620906e-01  2.98152699779980435e-01  
4.82317848223930951e-05  2.42386398695878857e-01  2.42392025101166808e-01  2.42401160531423548e-01  2.42415992859703333e-01  2.42440073108089627e-01  2.42479163136049364e-01  2.42542607833300977e-01  2.42645551974045554e-01  2.42812510349008248e-01  2.43083086457872577e-01  2.43521054557655714e-01  2.44228562936406934e-01  2.45367805303523256e-01  2.47192460321967178e-01  2.50089489953798150e-01  2.54621657697572168e-01  2.61539249366373461e-01  2.71637281791044349e-01  2.85239075092093231e-01  3.00485960280740594e-01  
5.01187233627272514e-05  2.42387118275652125e-01  2.42393193477667135e-01  2.42403057554760631e-01  2.42419072782226103e-01  2.42445073107696418e-01  2.42487279101006231e-01  2.42555778655372950e-01  2.42666918173614216e-01  2.42847150849329757e-01  2.43139194153950744e-01  2.43611790250319704e-01  2.44374922766543989e-01  2.45602899095891558e-01  2.47567492233106146e-01  2.50680923496037433e-01  2.55536603728637179e-01  2.62907994419834312e-01  2.73565726709088075e-01  2.87645356129098306e-01  3.02701714707594494e-01  
5.20794832859546521e-05  2.42387895254882441e-01  2.42394455048048296e-01  2.42405105877738669e-01  2.42422398311915366e-01  2.42450471734933420e-01  2.42496041863933837e-01  2.42569998457819291e-01  2.42689984317540575e-01  2.42884542832921213e-01  2.43199746277216550e-01  2.43709681497537134e-01  2.44532739811490846e-01  2.45856176492361134e-01  2.47970938309278049e-01  2.51315661248763034e-01  2.56514385889918539e-01  2.64360580900363851e-01  2.75582891760317028e-01  2.90091953674345537e-01  3.04749120288204445e-01  
5.41169526546463734e-05  2.42388734211767820e-01  2.42395817244622919e-01  2.42407317564378777e-01  2.42425989026534283e-01  2.42456300749102904e-01  2.42505502915119769e-01  2.42585350635665331e-01  2.42714885271118341e-01  2.42924903793657776e-01  2.43265092236429142e-01  2.43815285104541868e-01  2.44702893116075293e-01  2.46128989662605518e-01  2.48404834842377270e-01  2.51996465897659838e-01  2.57558609501062408e-01  2.65898859265459309e-01  2.77689077736359369e-01  2.92554197460054177e-01  3.06576550632052303e-01  
5.62341325190349070e-05  2.42389640089592767e-01  2.42397288092239455e-01  2.42409705640145745e-01  2.42429866063013255e-01  2.42462594436506251e-01  2.42515717833658745e-01  2.42601925192488133e-01  2.42741766521933466e-01  2.42968468290783252e-01  2.43335608287139932e-01  2.43929200633351495e-01  2.44886323643881909e-01  2.46422791622832621e-01  2.48871308971809480e-01  2.52726336061531776e-01  2.58672472084053362e-01  2.67525850893119532e-01  2.79877088463516166e-01  2.95014997096998688e-01  3.08112036607115614e-01  
5.84341413373517512e-05  2.42390618225827109e-01  2.42398876255500828e-01  2.42412284168449649e-01  2.42434052241525810e-01  2.42469389810448493e-01  2.42526746612346578e-01  2.42619819253434177e-01  2.42770785030144903e-01  2.43015489167876325e-01  2.43411699858945701e-01  2.44052072213782473e-01  2.45084042816317599e-01  2.46739124683518496e-01  2.49372643195945848e-01  2.53508271139130492e-01  2.59859579164145260e-01  2.69242440367836067e-01  2.82143815015467758e-01  2.97440254275566196e-01  3.09285756954546520e-01  
6.07202195690988389e-05  2.42391674383546890e-01  2.42400591089718259e-01  2.42415068333292322e-01  2.42438572199147107e-01  2.42476726827918349e-01  2.42538654004612303e-01  2.42639137630489110e-01  2.42802110096040108e-01  2.43066239035949927e-01  2.43493803388432295e-01  2.44184592887450702e-01  2.45297132430301018e-01  2.47079641692168367e-01  2.49911216655113344e-01  2.54345490198981505e-01  2.61123045696265377e-01  2.71050412302232480e-01  2.84478021404467651e-01  2.99802241538918213e-01  3.10005991309219631e-01  
6.30957344480192930e-05  2.42392814785354432e-01  2.42402442695935277e-01  2.42418074528417155e-01  2.42443452534296860e-01  2.42484648622566801e-01  2.42551509901417078e-01  2.42659993420633713e-01  2.42835924332705039e-01  2.43121011715497493e-01  2.43582388826552643e-01  2.44327507152938828e-01  2.45526752124663350e-01  2.47446099612292664e-01  2.50489548355804448e-01  2.55241263152240327e-01  2.62466020940602118e-01  2.72950114056447535e-01  2.86869218447018515e-01  3.02058668179406076e-01  3.10178893418924850e-01  
6.55641849417978493e-05  2.42394046149998238e-01  2.42404441980324098e-01  2.42421320453550027e-01  2.42448721962560065e-01  2.42493201756202426e-01  2.42565389736854958e-01  2.42682508652530410e-01  2.42872424702002793e-01  2.43180123817324234e-01  2.43677962179996571e-01  2.44481614131543623e-01  2.45774145359006602e-01  2.47840359017024531e-01  2.51110316457163807e-01  2.56198822333803866e-01  2.63891885512436697e-01  2.74939271169643118e-01  2.89305809502124811e-01  3.04161171712381773e-01  3.09696436898485583e-01  
6.81292069057960829e-05  2.42395375731914414e-01  2.42406600718286180e-01  2.42424825218330059e-01  2.42454411484611471e-01  2.42502436490847850e-01  2.42580374922352404e-01  2.42706814993832787e-01  2.42911823586361070e-01  2.43243916589843567e-01  2.43781067641082788e-01  2.44647773042253741e-01  2.46040637583886390e-01  2.48264412902212572e-01  2.51776265595225368e-01  2.57221681060835372e-01  2.65402897024348328e-01  2.77017511997544597e-01  2.91766636389777401e-01  3.06058597485197814e-01  3.08437789779764604e-01  
7.07945784384137313e-05  2.42396811363904507e-01  2.42408931623680240e-01  2.42428609454369504e-01  2.42460554567826697e-01  2.42512407080575393e-01  2.42596553320485214e-01  2.42733054490536365e-01  2.42954350021792692e-01  2.43312757590989748e-01  2.43892290987374388e-01  2.44826904735553463e-01  2.46327649895532602e-01  2.48720357653535590e-01  2.52490326742198568e-01  2.58313145863971971e-01  2.67001806962020694e-01  2.79179711902129424e-01  2.94232833469937338e-01  3.07685393893847081e-01  3.06273989860452733e-01  
7.35642254459642134e-05  2.42398361503221776e-01  2.42411448423516140e-01  2.42432695436320816e-01  2.42467187341756985e-01  2.42523172087981131e-01  2.42614019748950110e-01  2.42761380387056386e-01  2.43000250930308470e-01  2.43387042816122001e-01  2.44012261925741519e-01  2.45019997982086957e-01  2.46636695668170453e-01  2.49210427193672257e-01  2.53255496963426419e-01  2.59476709027501695e-01  2.68690147979557037e-01  2.81421660098027826e-01  2.96675341827290107e-01  3.08972033655959488e-01  3.03063745164116438e-01  
7.64422274252599370e-05  2.42400035281313680e-01  2.42414165938611093e-01  2.42437107212424924e-01  2.42474348809428641e-01  2.42534794723903574e-01  2.42632876529216890e-01  2.42791957987135015e-01  2.43049792521669611e-01  2.43467198676188573e-01  2.44141657673818291e-01  2.45228111972963653e-01  2.46969391973280994e-01  2.49736971237100286e-01  2.54074922316651408e-01  2.60715664184124285e-01  2.70469369579327434e-01  2.83734979964695266e-01  2.99063880589278075e-01  3.09835037800768320e-01  2.98659561853166333e-01  
7.94328234724282208e-05  2.42401842557526170e-01  2.42417100170636529e-01  2.42441870745444099e-01  2.42482081075100497e-01  2.42547343214399996e-01  2.42653234074864804e-01  2.42824965589456210e-01  2.43103261760295730e-01  2.43553684244462831e-01  2.44281206247926846e-01  2.45452380750528748e-01  2.47327464341038361e-01  2.50302457247615184e-01  2.54951885496303210e-01  2.62033055089602451e-01  2.72340671290897063e-01  2.86107895172442506e-01  3.01362537330667146e-01  3.10180572924069087e-01  2.92908053582275452e-01  
8.25404185268018985e-05  2.42403793977085086e-01  2.42420268396051158e-01  2.42447014064835431e-01  2.42490429589618361e-01  2.42560891197591444e-01  2.42675211520565259e-01  2.42860595510661081e-01  2.43160967873385869e-01  2.43646993891589086e-01  2.44431689040089439e-01  2.45694021124069878e-01  2.47712738928896975e-01  2.50909517718207908e-01  2.55889615957205829e-01  2.63432260565992060e-01  2.74302393839469638e-01  2.88530140640747057e-01  3.03522860304390518e-01  3.09907996075152570e-01  2.85651811743951933e-01  
8.57695898590894544e-05  2.42405901033674154e-01  2.42423689267534437e-01  2.42452567430770427e-01  2.42499443415748445e-01  2.42575518148843983e-01  2.42698937408889398e-01  2.42899055148922627e-01  2.43223244099740665e-01  2.43747659595528493e-01  2.44593945374132288e-01  2.45954334016689452e-01  2.48127159446122930e-01  2.51560902746930715e-01  2.56891443253324747e-01  2.64916267589098975e-01  2.76352228753857510e-01  2.90986483205566804e-01  3.05491504739561992e-01  3.08903113927683770e-01  2.76736797298704984e-01  
8.91250938133745878e-05  2.42408176136989950e-01  2.42427382923456919e-01  2.42458563511151942e-01  2.42509175514210584e-01  2.42591309839507829e-01  2.42724550427713293e-01  2.42940568133454049e-01  2.43290449535798425e-01  2.43856253493556191e-01  2.44768876948749631e-01  2.46234707022180727e-01  2.48572799585054766e-01  2.52259446303731816e-01  2.57960886897785402e-01  2.66487145065056052e-01  2.78488590892069454e-01  2.93453184776563958e-01  3.07211934433721134e-01  3.07037562917203466e-01  2.66017847185259337e-01  
9.26118728128793694e-05  2.42410632685682331e-01  2.42431371105959220e-01  2.42465037572854231e-01  2.42519683051208329e-01  2.42608358834732779e-01  2.42752200190740342e-01  2.42985375607380288e-01  2.43362970928926836e-01  2.43973391267713169e-01  2.44957449980315961e-01  2.46536626288454686e-01  2.49051840395778962e-01  2.53008159340849192e-01  2.59101257943778807e-01  2.68147297707621191e-01  2.80705247873962227e-01  2.95908068901357790e-01  3.08612339989203788e-01  3.04175948650250771e-01  2.53363350806028897e-01  
9.62350626398088700e-05  2.42413285146059782e-01  2.42435677288501544e-01  2.42472027687623104e-01  2.42531027731650306e-01  2.42626765023821717e-01  2.42782048099545289e-01  2.43033737521306747e-01  2.43441224903896775e-01  2.44099734581826322e-01  2.45160701711324563e-01  2.46861672783054764e-01  2.49566605361957766e-01  2.53810102489381129e-01  2.60316065361729410e-01  2.69897667456966583e-01  2.82997229326134636e-01  2.98317150082597460e-01  3.09617824577075151e-01  3.00170287186720064e-01  2.38665165335111729e-01  
1.00000000000000005e-04  2.42416149137079623e-01  2.42440326813375684e-01  2.42479574954715227e-01  2.42543276156497706e-01  2.42646636198719567e-01  2.42814268243872949e-01  2.43085934120933295e-01  2.43525659967497449e-01  2.44235995045959664e-01  2.45379742052538929e-01  2.47211537302082784e-01  2.50119524528220782e-01  2.54668517192285726e-01  2.61608436763617946e-01  2.71739556919485648e-01  2.85353093213755293e-01  3.00648865940358501e-01  3.10135199347048029e-01  2.94869428681171497e-01  2.21845427308667825e-01  
1.03912230383516901e-04  2.42419241522051132e-01  2.42445347040233489e-01  2.42487723740562156e-01  2.42556500209910125e-01  2.42668088669958176e-01  2.42849048395990585e-01  2.43142267443519550e-01  2.43616759012564299e-01  2.44382937046221022e-01  2.45615760293556917e-01  2.47588017022556117e-01  2.50713166012045852e-01  2.55586697506185123e-01  2.62981481950154694e-01  2.73672869207621405e-01  2.87761474958307673e-01  3.02858002508933077e-01  3.10068016570004823e-01  2.88114314344889988e-01  2.02868896366802637e-01  
1.07977516232770940e-04  2.42422580507616725e-01  2.42450767506351139e-01  2.42496521937325571e-01  2.42570777476398686e-01  2.42691247930483522e-01  2.42886591077129427e-01  2.43203062929455815e-01  2.43715041955728767e-01  2.44541380832845073e-01  2.45870031672738326e-01  2.47993012879466151e-01  2.51350262338640162e-01  2.56567871614446552e-01  2.64438590778318550e-01  2.75694518584590376e-01  2.90210302895204941e-01  3.04892412066953888e-01  3.09305938917472101e-01  2.79748160136823132e-01  1.81751750312506927e-01  
1.12201845430196301e-04  2.42426185750663631e-01  2.42456620099263997e-01  2.42506021242866077e-01  2.42586191686313984e-01  2.42716249385610761e-01  2.42927114645982462e-01  2.43268671361158928e-01  2.43821067748454412e-01  2.44712208730171993e-01  2.46143913095115685e-01  2.48428567539963702e-01  2.52033582443382143e-01  2.57615647650821011e-01  2.65981590510068366e-01  2.77804744992516728e-01  2.92674626494021706e-01  3.06700145907698396e-01  3.07723984435690434e-01  2.69620719575263457e-01  1.58574635216397725e-01  
1.16591440117983110e-04  2.42430078473538313e-01  2.42462939243680065e-01  2.42516277460265883e-01  2.42602833204923068e-01  2.42743239105021685e-01  2.42970854592917784e-01  2.43339470470522679e-01  2.43935438251535575e-01  2.44896365196434068e-01  2.46438862561602329e-01  2.48896814728649773e-01  2.52766130831965086e-01  2.58733224494345826e-01  2.67613472133374108e-01  2.79996281028746519e-01  2.95137038989831901e-01  3.08209003229009793e-01  3.05191994269785771e-01  2.57592937330318350e-01  1.33495284706135864e-01  
1.21152765862858885e-04  2.42434281588620737e-01  2.42469762102284769e-01  2.42527350824018856e-01  2.42620799547420191e-01  2.42772374676408248e-01  2.43018064763146163e-01  2.43415867275622450e-01  2.44058800046339563e-01  2.45094865405699053e-01  2.46756427491828301e-01  2.49400044171418894e-01  2.53550910537245100e-01  2.59924213661795300e-01  2.69335057281640478e-01  2.82266024821164530e-01  2.97562841303147696e-01  3.09349505389777457e-01  3.01563752412923214e-01  2.43548352723712364e-01  1.06763585662217247e-01  
1.25892541179416744e-04  2.42438819832517138e-01  2.42477128793295776e-01  2.42539306348310169e-01  2.42640195946528026e-01  2.42803826075917911e-01  2.43069018846945012e-01  2.43498299913756738e-01  2.44191848815443896e-01  2.45308795072784608e-01  2.47098266342813760e-01  2.49940641419372028e-01  2.54391147109232829e-01  2.61191720557435891e-01  2.71148107317593312e-01  2.84602549323969389e-01  2.99923979250692807e-01  3.10030238784796630e-01  2.96690706684230643e-01  2.27398416965110067e-01  7.87365987651504201e-02  
1.30817747426019410e-04  2.42443719911091732e-01  2.42485082624345760e-01  2.42552214205508099e-01  2.42661135952619539e-01  2.42837776645934811e-01  2.43124011821768099e-01  2.43587240176859565e-01  2.44335331821812968e-01  2.45539318209706814e-01  2.47466141128574346e-01  2.50521134943525070e-01  2.55290104916830018e-01  2.62538923498409793e-01  2.73052780472515411e-01  2.86995670486402010e-01  3.02176776646572665e-01  3.10158920481733658e-01  2.90413892334201007e-01  2.09095648582917487e-01  4.98967173420182611e-02  
1.35935639087852550e-04  2.42449010655902325e-01  2.42493670345015400e-01  2.42566150133241537e-01  2.42683742083403042e-01  2.42874424133207617e-01  2.43183361545475818e-01  2.43683196036478616e-01  2.44490051175846879e-01  2.45787682769759180e-01  2.47861918177447738e-01  2.51144210589281602e-01  2.56251016241189900e-01  2.63969203820382192e-01  2.75046693125146069e-01  2.89433676909999771e-01  3.04272295084673405e-01  3.09628351884281006e-01  2.82575375245530891e-01  1.88641063804952186e-01  2.08658348609516882e-02  
1.41253754462275407e-04  2.42454723192790128e-01  2.42502942420010137e-01  2.42581195870187588e-01  2.42708146534454022e-01  2.42913981762916203e-01  2.43247410616904941e-01  2.43786713755819034e-01  2.44656869418437367e-01  2.46055218456162628e-01  2.48287598297818102e-01  2.51812613697719900e-01  2.57277418619981046e-01  2.65484719551883741e-01  2.77129708483796700e-01  2.91894639056862915e-01  3.06159183164812720e-01  3.08318460723398136e-01  2.73021230648091251e-01  1.66096536660566063e-01  -7.58044885828768750e-03  
1.46779926762206892e-04  2.42460891124257977e-01  2.42512953322008062e-01  2.42597439632309841e-01  2.42734491919358170e-01  2.42956679484051558e-01  2.43316528024831419e-01  2.43898381408029774e-01  2.44836710654136425e-01  2.46343351911449820e-01  2.48745282007205026e-01  2.52529290178019561e-01  2.58372587149306443e-01  2.67088318424029914e-01  2.79296170444911784e-01  2.94360415348631110e-01  3.07770195095735610e-01  3.06101472742549063e-01  2.61607389186780115e-01  1.41595644836332912e-01  -3.45130368265967463e-02  
1.52522295653901820e-04  2.42467550725669972e-01  2.42523761849610026e-01  2.42614976618004269e-01  2.42762932095970191e-01  2.43002765195158482e-01  2.43391111325449411e-01  2.44018831070434206e-01  2.45030567442722808e-01  2.46653601136038680e-01  2.49237211913667045e-01  2.53297235277038679e-01  2.59540041760165430e-01  2.68781394450176514e-01  2.81542172099388976e-01  2.96800870108592241e-01  3.09036008022778530e-01  3.02835624972202677e-01  2.48209508531633677e-01  1.15357503649170440e-01  -5.88630644922169405e-02  
1.58489319246111419e-04  2.42474741157457235e-01  2.42535431468179602e-01  2.42633909559751920e-01  2.42793633027454131e-01  2.43052506163133564e-01  2.43471588583092119e-01  2.44148742582049438e-01  2.45239502686097649e-01  2.46987589228218507e-01  2.49765742260888657e-01  2.54119608661452723e-01  2.60783041622343559e-01  2.70565472991173506e-01  2.83858792432111817e-01  2.99186256324748046e-01  3.09871911002020717e-01  2.98372858730799884e-01  2.32729717192577013e-01  8.77013175625113439e-02  -7.94644940693028795e-02  
1.64689786548286878e-04  2.42482504693734197e-01  2.42548030678470028e-01  2.42654349314030293e-01  2.42826773724201139e-01  2.43106190485347401e-01  2.43558420662592340e-01  2.44288846699445006e-01  2.45464654595886289e-01  2.47347047167619599e-01  2.50333348193627792e-01  2.54999694389282772e-01  2.62104635913819495e-01  2.72441659942378511e-01  2.86234400090173369e-01  3.01479543490363211e-01  3.10184665962598527e-01  2.92557479251221941e-01  2.15107281240972170e-01  5.90645622433088810e-02  -9.51312892475583288e-02  
1.71132830416178096e-04  2.42490886968651398e-01  2.42561633414967670e-01  2.42676415493019937e-01  2.42862547269720452e-01  2.43164128607048308e-01  2.43652103859103825e-01  2.44439927732988643e-01  2.45707244431637550e-01  2.47733806663521489e-01  2.50942670395911449e-01  2.55940720402969002e-01  2.63508212287945298e-01  2.74408165204573451e-01  2.88658573740338209e-01  3.03632128995598771e-01  3.09873179459646597e-01  2.85229833814258704e-01  1.95327836695385476e-01  3.00202127620871062e-02  -1.04769257667437485e-01  
1.77827941003892270e-04  2.42499937242828367e-01  2.42576319472601248e-01  2.42700237154648779e-01  2.42901161886134087e-01  2.43226655084352178e-01  2.43753172186184530e-01  2.44602828225489177e-01  2.45968577432736396e-01  2.48149818635071656e-01  2.51596461719325426e-01  2.56946033469718504e-01  2.64996687573470946e-01  2.76462815402436390e-01  2.91115578728092517e-01  3.05590224056675075e-01  3.08823493792347414e-01  2.76233264779116305e-01  1.73433302443211312e-01  1.29297549552175582e-03  -1.07526577515481891e-01  
1.84784979742229062e-04  2.42509708690401449e-01  2.42592174967757063e-01  2.42725953541118006e-01  2.42942842094492961e-01  2.43294130412690379e-01  2.43862200026175702e-01  2.44778453070214369e-01  2.46250046628667063e-01  2.48597160959095814e-01  2.52297570742808119e-01  2.58019123785331150e-01  2.66572223025647925e-01  2.78603520265727767e-01  2.93582318331673919e-01  3.07295896002732050e-01  3.06907658483371093e-01  2.65420783958075723e-01  1.49532673981257025e-01  -2.62337175038022188e-02  -1.02955837659397698e-01  
1.92014193863880117e-04  2.42520258707982245e-01  2.42609292837290658e-01  2.42753714865278802e-01  2.42987829991848148e-01  2.43366942865923891e-01  2.43979805378935072e-01  2.44967772207169754e-01  2.46553142694273975e-01  2.49078023392089926e-01  2.53049006477769289e-01  2.59163331704380440e-01  2.68237083381419661e-01  2.80824369974940813e-01  2.96035517809246085e-01  3.08677611902568705e-01  3.03989627004951468e-01  2.52660773233666869e-01  1.23815357074367069e-01  -5.15282947383881515e-02  -9.11720031782577295e-02  
1.99526231496887876e-04  2.42531649248972248e-01  2.42627773371819511e-01  2.42783683172799414e-01  2.43036386561535450e-01  2.43445510686144534e-01  2.44106652471947877e-01  2.45171826529359954e-01  2.46879452495865931e-01  2.49594734093267878e-01  2.53853842683710806e-01  2.60382135087899313e-01  2.69992279725566664e-01  2.83119890640993466e-01  2.98441683215598441e-01  3.09659213515412979e-01  2.99921237229612503e-01  2.37846844187392159e-01  9.65662055327569935e-02  -7.34444561288201403e-02  -7.29691187682378894e-02  
2.07332157348595402e-04  2.42543947182467134e-01  2.42647724795963665e-01  2.42816033247825969e-01  2.43088793159129790e-01  2.43530284121747709e-01  2.44243455637389389e-01  2.45391729894886279e-01  2.47230672746950791e-01  2.50149728736706378e-01  2.54715330024338049e-01  2.61678639634766952e-01  2.71839129954309144e-01  2.85478496813274807e-01  3.00768660449831748e-01  3.10147437325368425e-01  2.94550311553031963e-01  2.20905114017994647e-01  6.81828558089805914e-02  -9.07909577161709197e-02  -4.98537019319792440e-02  
2.15443469003188449e-04  2.42557224682114964e-01  2.42669263886024750e-01  2.42850953613628712e-01  2.43145353005023435e-01  2.43621747974828634e-01  2.44390982019287745e-01  2.45628676339040092e-01  2.47608604709034896e-01  2.50745588838821920e-01  2.55636741973761905e-01  2.63056037638703444e-01  2.73777139617972176e-01  2.87889384171453155e-01  3.02970083536823531e-01  3.10045873091958468e-01  2.87716766689447678e-01  2.01805793405687522e-01  3.91947123532436770e-02  -1.02433086697923267e-01  -2.39895356244568154e-02  
2.23872113856833996e-04  2.42571559644372520e-01  2.42692516638435524e-01  2.42888647595488005e-01  2.43206392830184664e-01  2.43720424141885439e-01  2.44550055064510274e-01  2.45883945183450164e-01  2.48015157030885919e-01  2.51385047578620846e-01  2.56621332331239682e-01  2.64517620530424991e-01  2.75803473225521012e-01  2.90339638683946966e-01  3.04994067633779231e-01  3.09243387112201673e-01  2.79263316384121829e-01  1.80571127006463328e-01  1.02781375237069837e-02  -1.07429298445911953e-01  1.99556574263643274e-03  
2.32630506715362622e-04  2.42587036136346523e-01  2.42717619000330870e-01  2.42929334421556231e-01  2.43272264791191462e-01  2.43826873746048611e-01  2.44721560322078396e-01  2.46158898327478698e-01  2.48452377848972672e-01  2.52070883550228331e-01  2.57672699195254151e-01  2.66065239725624292e-01  2.77918131339083330e-01  2.92804422345731175e-01  3.06787889397555136e-01  3.07614695950688743e-01  2.69039608753050608e-01  1.57287563104555661e-01  -1.77320548872735573e-02  -1.05191184804364873e-01  2.52974029706736700e-02  
2.41731548080410368e-04  2.42603744886394246e-01  2.42744717625946738e-01  2.42973250516359596e-01  2.43343348104063856e-01  2.43941700947006457e-01  2.44906445787014565e-01  2.46454998655962904e-01  2.48922407908485993e-01  2.52806105536365566e-01  2.58794048636877883e-01  2.67701833311352388e-01  2.80113857218967865e-01  2.95265871867126051e-01  3.08279075655585710e-01  3.05029001574586789e-01  2.56907427690094337e-01  1.32117615647269371e-01  -4.38496309319945793e-02  -9.56375667990264910e-02  4.33215650220414653e-02  
2.51188643150957955e-04  2.42621783801385521e-01  2.42773970732704986e-01  2.43020650731663346e-01  2.43420051377464863e-01  2.44065554800926010e-01  2.45105730344099354e-01  2.46773798912286707e-01  2.49427543418860226e-01  2.53593722979272351e-01  2.59988987578369413e-01  2.69428198593732071e-01  2.82387409446118953e-01  2.97689064958709615e-01  3.09397609043135013e-01  3.01339507602422063e-01  2.42752089338622662e-01  1.05314721306745129e-01  -6.69597447847714161e-02  -7.93373397421758692e-02  5.41018703855314226e-02  
2.61015721568253574e-04  2.42641258536457988e-01  2.42805548975265545e-01  2.43071809841209741e-01  2.43502814455654026e-01  2.44199133641071181e-01  2.45320503636799386e-01  2.47116963182362731e-01  2.49970176322911103e-01  2.54436967959963900e-01  2.61260611394367681e-01  2.71246074417292204e-01  2.84727164357609419e-01  3.00045758375745542e-01  3.10051456257029567e-01  2.96397137002612387e-01  2.26487702873096497e-01  7.72389170866628755e-02  -8.58769402940119109e-02  -5.75676987976994278e-02  5.66480306858494001e-02  
2.71227257933202707e-04  2.42662283097293763e-01  2.42839636427743200e-01  2.43127023985472979e-01  2.43592110972385367e-01  2.44343187526824157e-01  2.45551933980212717e-01  2.47486258852831709e-01  2.50552843402018999e-01  2.55339103565939418e-01  2.62612111185725805e-01  2.73155489364040271e-01  2.87123033578014997e-01  3.02291475832660972e-01  3.10148222345791869e-01  2.90042308640737545e-01  2.08070084412921907e-01  4.83762899523965673e-02  -9.94354433453031039e-02  -3.23016270065990749e-02  5.11877611743525307e-02  
2.81838293126445501e-04  2.42684980492622521e-01  2.42876431624715117e-01  2.43186612274637975e-01  2.43688450869524620e-01  2.44498521574618211e-01  2.45801273809782478e-01  2.47883558111296337e-01  2.51178237840403440e-01  2.56303363244392679e-01  2.64046863993929848e-01  2.75153967888990603e-01  2.89563125021720824e-01  3.04377039418999407e-01  3.09579934342775254e-01  2.82117148576014720e-01  1.87503593209005587e-01  1.93546761299795075e-02  -1.06614538949175469e-01  -6.05051644343862407e-03  3.91541492504747304e-02  
2.92864456462523751e-04  2.42709483447989954e-01  2.42916148637565166e-01  2.43250918662514470e-01  2.43792382490864518e-01  2.44666001650433673e-01  2.46069857123312086e-01  2.48310869483005819e-01  2.51849106072787154e-01  2.57333307189678506e-01  2.65566933531417915e-01  2.77241586659515871e-01  2.92024722188761021e-01  3.06251250788604878e-01  3.08225618931382450e-01  2.72468249546256980e-01  1.64853403344466271e-01  -9.04133850672434770e-03  -1.06697053465756239e-01  1.83968413070293331e-02  2.29829673296333831e-02  
3.04321988710772246e-04  2.42735935146985743e-01  2.42959018331187021e-01  2.43320313576516678e-01  2.43904496204767229e-01  2.44846555156215201e-01  2.46359116003780326e-01  2.48770298072168439e-01  2.52568407267287354e-01  2.58432185168340156e-01  2.67175240299103833e-01  2.79412243697216234e-01  2.94490180682711489e-01  3.07845667826071534e-01  3.05957270294133110e-01  2.60952407736953773e-01  1.40256448819215285e-01  -3.58719179911573677e-02  -9.94244401606214218e-02  3.83353947174344817e-02  5.67865237091406006e-03  
3.16227766016837939e-04  2.42764490063275468e-01  2.43005289584636269e-01  2.43395196138850689e-01  2.44025426470008300e-01  2.45041178443799496e-01  2.46670573124419368e-01  2.49264095055987817e-01  2.53339135290320205e-01  2.59603542913290020e-01  2.68873045720154191e-01  2.81662311043013869e-01  2.96928317466702896e-01  3.09091245886239541e-01  3.02632156304219690e-01  2.47446865627484081e-01  1.13935798034371802e-01  -6.00581040918155284e-02  -8.51507898095958393e-02  5.15620577113063694e-02  -9.74645936340521116e-03  
3.28599324760065414e-04  2.42795314822075031e-01  2.43055230725912813e-01  2.43475996073888756e-01  2.44155855754633749e-01  2.45250938143718067e-01  2.47005857602902945e-01  2.49794619289670977e-01  2.54164463095554627e-01  2.60850606060638479e-01  2.70661946547014864e-01  2.83982337251558969e-01  2.99309904185538433e-01  3.09901949707698188e-01  2.98102158896754899e-01  2.31855479887295629e-01  8.62158036599890848e-02  -8.04284703364974429e-02  -6.49268392115981835e-02  5.67456487211135049e-02  -2.08425895603974523e-02  
3.41454887383360085e-04  2.42828589148406770e-01  2.43109130989227956e-01  2.43563176046485780e-01  2.44296517558425935e-01  2.45476976674537412e-01  2.47366705787962132e-01  2.50364353948649587e-01  2.55047674761344656e-01  2.62176433877963300e-01  2.72542936434071736e-01  2.86360863176599534e-01  3.01596836462700912e-01  3.10184733692125458e-01  2.92210956401371402e-01  2.14119793807661107e-01  5.75408666295239637e-02  -9.57993299720403535e-02  -4.05149754690456651e-02  5.37154931728173191e-02  -2.62051364975457272e-02  
3.54813389233575322e-04  2.42864506895660609e-01  2.43167302042528372e-01  2.43657234283498614e-01  2.44448199119810805e-01  2.45720519760838529e-01  2.47754954946443423e-01  2.50975947929961973e-01  2.55991996569074565e-01  2.63584422972697796e-01  2.74514092595729786e-01  2.88787312351954817e-01  3.03740440061009864e-01  3.09837462914940742e-01  2.84799191985583677e-01  1.94227824596468701e-01  2.84923655267144728e-02  -1.05088356803798535e-01  -1.42799385845252778e-02  4.35349742019768698e-02  -2.56832082254927381e-02  
3.68694506451957334e-04  2.42903277112041571e-01  2.43230079768337382e-01  2.43758706826380928e-01  2.44611746268099839e-01  2.45982876759354874e-01  2.48172564010766039e-01  2.51632153875198994e-01  2.57000803458011129e-01  2.65077378594633040e-01  2.76573529729330025e-01  2.91245050879812450e-01  3.05687160389592649e-01  3.08745282399696397e-01  2.75710626864905051e-01  1.72224505203263129e-01  -1.95616359766649623e-04  -1.07464859627890763e-01  1.10423923006698257e-02  2.83591543843907910e-02  -2.03157299902054500e-02  
3.83118684955728909e-04  2.42945125214593688e-01  2.43297826063857275e-01  2.43868170320151262e-01  2.44788067066496029e-01  2.46265446282395328e-01  2.48621614553279802e-01  2.52335836820726966e-01  2.58077549265368411e-01  2.66657579975841108e-01  2.78718554865689694e-01  2.93711825003198201e-01  3.07377526764645415e-01  3.06780232155609289e-01  2.64798775089613303e-01  1.48222608634941799e-01  -2.76311474349785827e-02  -1.02508337753473580e-01  3.26752855419800842e-02  1.10745686140133748e-02  -1.20120564639760487e-02  
3.98107170553497352e-04  2.42990294257816070e-01  2.43370930735909402e-01  2.43986245088313847e-01  2.44978135200257047e-01  2.46569723508140881e-01  2.49104305183507846e-01  2.53090003299391630e-01  2.59225605461534281e-01  2.68327144317908384e-01  2.80943606715726157e-01  2.96163195618051156e-01  3.08740404488312858e-01  3.03805289204207574e-01  2.51933185437983265e-01  1.22416351434649712e-01  -5.27760483306112527e-02  -9.03652151924815017e-02  4.82121244433932894e-02  -5.24385765502371169e-03  -3.03124343240576081e-03  
4.13682040238850732e-04  2.43039046262004205e-01  2.43449813649119856e-01  2.44113597934251331e-01  2.45182995212769733e-01  2.46897301260785323e-01  2.49622968571332038e-01  2.53897740806169281e-01  2.60448416281085005e-01  2.70087160299598950e-01  2.83242673753028473e-01  2.98566229342950518e-01  3.09698279610599370e-01  2.99672267609507159e-01  2.37008799800149245e-01  9.50963182435108495e-02  -7.44806948145307623e-02  -7.18626576013508683e-02  5.60125588248354955e-02  -1.79145302221840191e-02  4.57790622957256893e-03  
4.29866234708227673e-04  2.43091663696580640e-01  2.43534926801147522e-01  2.44250945917524304e-01  2.45403764937803082e-01  2.47249882125466752e-01  2.50180046242627352e-01  2.54762308365462153e-01  2.61749068398316909e-01  2.71938949201460833e-01  2.85604064049053585e-01  3.00888123971653099e-01  3.10157759448087322e-01  2.94228451981804751e-01  2.19953801416660849e-01  6.66668148444984204e-02  -9.15545598412443457e-02  -4.85423735754768881e-02  5.55180834707500181e-02  -2.51651184547752697e-02  9.42988312074493663e-03  
4.46683592150963048e-04  2.43148450971204438e-01  2.43626756904492203e-01  2.44399058971804167e-01  2.45641643088305967e-01  2.47629271762774106e-01  2.50778131984272346e-01  2.55686963023344538e-01  2.63130820691945821e-01  2.73881677048743610e-01  2.88017368703999521e-01  3.03081649466062419e-01  3.10022063089887723e-01  2.87313618411499827e-01  2.00740938604967417e-01  3.76644603616039034e-02  -1.02868934087720590e-01  -2.25997302511692783e-02  4.74098084182105473e-02  -2.64418872390079773e-02  1.10203448042979490e-02  
4.64158883361277732e-04  2.43209736110634261e-01  2.43725827849226279e-01  2.44558763727433376e-01  2.45897913170570526e-01  2.48037386217847711e-01  2.51419960851434865e-01  2.56674979543472626e-01  2.64596883026580632e-01  2.75912694104900158e-01  2.90468998473120132e-01  3.05094950842677293e-01  3.09179290436362664e-01  2.78770676566563513e-01  1.79395632120614268e-01  8.77354516231402225e-03  -1.07495870013202738e-01  3.31617302204973872e-03  3.35242781463388970e-02  -2.24286219955011287e-02  9.70337790204699353e-03  
4.82317848223930449e-04  2.43275872650410757e-01  2.43832702939677848e-01  2.44730948962975647e-01  2.46173942114816163e-01  2.48476279020660246e-01  2.52108321407332303e-01  2.57729944701982738e-01  2.66149135163500195e-01  2.78031744072350151e-01  2.92934237496280725e-01  3.06874588367108014e-01  3.07503658005583103e-01  2.68449786119414113e-01  1.56008030875021048e-01  -1.91630177484272447e-02  -1.04869141720438860e-01  2.63996820581190138e-02  1.65718599470114671e-02  -1.48154202975095996e-02  6.47593450614222712e-03  
5.01187233627272528e-04  2.43347241298419864e-01  2.43947988634848845e-01  2.44916566251245527e-01  2.46471197593222918e-01  2.48948098356624015e-01  2.52846225159914839e-01  2.58855077377562359e-01  2.67790440589443013e-01  2.80231659721020265e-01  2.95394602034704079e-01  3.08347979563436458e-01  3.04863620494789711e-01  2.56213737249877782e-01  1.30745016636823558e-01  -4.51512470815659678e-02  -9.49393627542497315e-02  4.40814396489809177e-02  -3.70234465447826595e-04  -5.80804291283767635e-03  2.58653727155992112e-03  
5.20794832859546508e-04  2.43424252258028717e-01  2.44072336481405056e-01  2.45116638174037144e-01  2.46791237782277684e-01  2.49455146567357705e-01  2.53636689269801041e-01  2.60053974781005337e-01  2.69521590487672547e-01  2.82508989671256150e-01  2.97815088970597830e-01  3.09444404047455046e-01  3.01111982085776053e-01  2.41949218770938945e-01  1.03865142871358285e-01  -6.80705600685991702e-02  -7.83128932694416302e-02  5.44424197253832870e-02  -1.44367708261965884e-02  2.42380693290989400e-03  -8.44604576403274929e-04  
5.41169526546463747e-04  2.43507347088734005e-01  2.44206447465682513e-01  2.45332258341869947e-01  2.47135732313012446e-01  2.49999822353052098e-01  2.54482950961552656e-01  2.61329727137438128e-01  2.71344281906123197e-01  2.84851982741912479e-01  3.00167128774247116e-01  3.10071295134187574e-01  2.96099298287811119e-01  2.25572217642283190e-01  7.57345779511151146e-02  -8.67339392354758987e-02  -5.63050101348864379e-02  5.65527462291405408e-02  -2.35191262501823137e-02  8.24374945171383808e-03  -3.10345796567429357e-03  
5.62341325190349097e-04  2.43597001268944929e-01  2.44351074468132007e-01  2.45564599330414496e-01  2.47506454163855943e-01  2.50584670035236934e-01  2.55388274867772491e-01  2.62685527406826602e-01  2.73258453284574987e-01  2.87250515551046581e-01  3.02405689718639015e-01  3.10135866229925783e-01  2.89665731871060261e-01  2.07040921717199317e-01  4.68465740182965260e-02  -9.99800407477519221e-02  -3.09212524405681512e-02  5.07025566014077250e-02  -2.66659419403748772e-02  1.08643457089067415e-02  -3.95830062608027063e-03  
5.84341413373517539e-04  2.43693726719650700e-01  2.44507025615776086e-01  2.45814918092088719e-01  2.47905281312667619e-01  2.51212390434970123e-01  2.56355894410796592e-01  2.64124752313495970e-01  2.75261520821320882e-01  2.89692576464598506e-01  3.04481224666107164e-01  3.09529467883872533e-01  2.81653559031533940e-01  1.86362555903166027e-01  1.78369357226785819e-02  -1.06800188006914057e-01  -4.69424558563612000e-03  3.83818124606212716e-02  -2.41807492116385553e-02  1.03825334961109624e-02  -3.56815256145257605e-03  
6.07202195690988416e-04  2.43798073878885746e-01  2.44675170088364508e-01  2.46084553015354257e-01  2.48334229703775944e-01  2.51885732222931757e-01  2.57389388062832958e-01  2.65649387021506644e-01  2.77353714049301370e-01  2.92154781313128775e-01  3.06342567185834413e-01  3.08130294724647813e-01  2.71909848932774034e-01  1.63605790064416917e-01  -1.05013949788584360e-02  -1.06497409852625138e-01  1.95811205175319761e-02  2.20715897311343674e-02  -1.74796077501181597e-02  7.62688650278962182e-03  -2.37975873022142678e-03  
6.30957344480192984e-04  2.43910635411752424e-01  2.44856438621396139e-01  2.46374941544609566e-01  2.48795409382681049e-01  2.52607666521562968e-01  2.58491984969681565e-01  2.67262406529450269e-01  2.79528551270050774e-01  2.94619841758652301e-01  3.07920215903613237e-01  3.05810077852891993e-01  2.60292106943274315e-01  1.38911729832859210e-01  -3.72207853487258392e-02  -9.88414478994032314e-02  3.92147442538826260e-02  4.79468234699144662e-03  -8.66501121245728811e-03  3.81188752772117960e-03  -9.62968029376933205e-04  
6.55641849417978547e-04  2.44032048171595434e-01  2.45051831354008459e-01  2.46687611101360837e-01  2.49291079871786531e-01  2.53381186655950053e-01  2.59667253321538671e-01  2.68964951310212919e-01  2.81782637670486058e-01  2.97055618885266270e-01  3.09145298013291381e-01  3.02425231286035712e-01  2.46678916089862504e-01  1.12508387307613089e-01  -6.12358597916227779e-02  -8.42220295049147250e-02  5.20415942618140392e-02  -1.04542490199677034e-02  2.27757886806612093e-05  1.36251262965721593e-04  2.01574826505398347e-04  
6.81292069057961506e-04  2.44162997261340220e-01  2.45262418670071647e-01  2.47024196789607076e-01  2.49823604815534367e-01  2.54209478187690352e-01  2.60918387479321334e-01  2.70758680070839919e-01  2.84106023868005542e-01  2.99433334415255048e-01  3.09930508887511336e-01  2.97827593042883365e-01  2.30975740185893230e-01  8.47259033169648068e-02  -8.13722083330431362e-02  -6.37277873901577752e-02  5.67863355712841730e-02  -2.12737041268294957e-02  6.73349309298107088e-03  -2.54052924903857939e-03  9.08351501620930073e-04  
7.07945784384138017e-04  2.44304218922999861e-01  2.45489347247541595e-01  2.47386440191716878e-01  2.50395475975173698e-01  2.55095823104160735e-01  2.62248464329778941e-01  2.72644444925479346e-01  2.86487481539566602e-01  3.01713745457836857e-01  3.10183030491691492e-01  2.91860206364664254e-01  2.13126455989808561e-01  5.60155396672843489e-02  -9.64483960356120329e-02  -3.91568633214930961e-02  5.33435076191534630e-02  -2.63210523635861171e-02  1.03942248402090365e-02  -3.83715417386884441e-03  1.18205909840749706e-03  
7.35642254459641402e-04  2.44456503330565844e-01  2.45733847299064750e-01  2.47776184107029313e-01  2.51009350597327263e-01  2.56043445447676821e-01  2.63660891154611443e-01  2.74620182566458315e-01  2.88916303740417157e-01  3.03848050501375533e-01  3.09799748573116984e-01  2.84363943658308083e-01  1.93121713805303741e-01  2.69663222543270915e-02  -1.05391384715910488e-01  -1.28997102734409227e-02  4.28378089727353001e-02  -2.55077487267158579e-02  1.08317461511451569e-02  -3.80346797191890261e-03  1.10467870600167357e-03  
7.64422274252600184e-04  2.44620699654290286e-01  2.45997232148865014e-01  2.48195396101393573e-01  2.51667978833352235e-01  2.57055756736282726e-01  2.65158329711545404e-01  2.76684413202159474e-01  2.91374686377436964e-01  3.05783260294555215e-01  3.08664694551137375e-01  2.75183022896173579e-01  1.71009746207858221e-01  -1.67928478556400151e-03  -1.07388253672185172e-01  1.22963485045484607e-02  2.74747627938841700e-02  -1.99318363010857758e-02  8.67234323594382947e-03  -2.80689067933007465e-03  7.48341872027815107e-04  
7.94328234724281314e-04  2.44797719112893608e-01  2.46280906101176006e-01  2.48646161095686824e-01  2.52374243495013195e-01  2.58136169384711456e-01  2.66743195450867665e-01  2.78833771144284204e-01  2.93841371630263803e-01  3.07458176670898753e-01  3.06650032686875018e-01  2.64171403683803763e-01  1.46907267922918305e-01  -2.90213257285213307e-02  -1.02044235634993263e-01  3.36632318230010025e-02  1.01656702531432979e-02  -1.15371121079001007e-02  5.05341065740718895e-03  -1.40101668334769954e-03  2.79083078308151533e-04  
8.25404185268018118e-04  2.44988539145837209e-01  2.46586368861192479e-01  2.49130686522503558e-01  2.53131148756984503e-01  2.59288085334540952e-01  2.68417459649840151e-01  2.81063035365204494e-01  2.96290768865971110e-01  3.08802049299307935e-01  3.03617763323559942e-01  2.51199864249675997e-01  1.21013192236272660e-01  -5.40145344860335219e-02  -8.95396864756975858e-02  4.88257375753161846e-02  -6.02189678890190528e-03  -2.58138570043172418e-03  1.22033625251448505e-03  -1.20286663763232590e-04  -6.55997837906516104e-05  
8.57695898590893758e-04  2.45194207951202475e-01  2.46915219253675683e-01  2.49651309458627957e-01  2.53941796227635852e-01  2.60514913528630543e-01  2.70182293842699373e-01  2.83365634457468263e-01  2.98690545638745752e-01  3.09735969496568231e-01  2.99419684128514885e-01  2.36164770853678319e-01  9.36236011993107214e-02  -7.55051131525797808e-02  -7.07388845727620480e-02  5.61930198882415882e-02  -1.84420414040671436e-02  4.91129896340122742e-03  -1.83587616311473739e-03  7.35477130319498362e-04  -2.02218034930343551e-04  
8.91250938133745932e-04  2.45415847371037221e-01  2.47269165673644320e-01  2.50210477563445444e-01  2.54809452209210918e-01  2.61819725332763764e-01  2.72039007690140167e-01  2.85729814677900484e-01  3.01007166740824617e-01  3.10166492528663962e-01  2.93902503448327745e-01  2.18996452650223383e-01  6.51493627135209946e-02  -9.23029393537020959e-02  -4.72208017885362430e-02  5.52700183876999110e-02  -2.53806646786860074e-02  9.59527926878888868e-03  -3.58089000376613951e-03  1.13694600807054619e-03  -2.48514547511172765e-04  
9.26118728128793776e-04  2.45654660730233732e-01  2.47650018486795548e-01  2.50810795797504704e-01  2.55737361354434811e-01  2.63205830744990765e-01  2.73986484066805924e-01  2.88145410390727497e-01  3.03192766820414683e-01  3.09996273258816901e-01  2.86905962141432491e-01  1.99670174132322298e-01  3.61344428926515457e-02  -1.03286021092179214e-01  -2.12105832276074623e-02  4.68024316918371694e-02  -2.63514712933278113e-02  1.10168333864638091e-02  -3.94046077406406785e-03  1.16347119967864375e-03  -2.96788277099871510e-04  
9.62350626398088727e-04  2.45911935819764060e-01  2.48059700822321955e-01  2.51455002294951158e-01  2.56728814810877837e-01  2.64676374653462276e-01  2.76022195495669920e-01  2.90598323822318427e-01  3.05195259478430736e-01  3.09112857409639952e-01  2.78273103629571916e-01  1.78214519391724585e-01  7.27136221496872074e-03  -1.07541478801301577e-01  4.62599357769480357e-03  3.26822336097356558e-02  -2.20998588303058519e-02  9.57130065151940747e-03  -3.19366601392034833e-03  8.83419273463731457e-04  -2.78233482988987635e-04  
1.00000000000000002e-03  2.46189044642533161e-01  2.48500271508073217e-01  2.52145895971843004e-01  2.57787386469072455e-01  2.66233270381252662e-01  2.78145607501804060e-01  2.93063987271989845e-01  3.06960492523839834e-01  3.07389927168969790e-01  2.67854652848398711e-01  1.54723314144067065e-01  -2.05887190709745753e-02  -1.04526325451897870e-01  2.74853152750192155e-02  1.56528054432495192e-02  -1.43558279278817712e-02  6.27632151896304145e-03  -1.85399261284315193e-03  4.24657118383114072e-04  -1.29353398202379294e-04  
1.03912230383516901e-03  2.46487459578930590e-01  2.48973886524101379e-01  2.52886489752110311e-01  2.58916312722981379e-01  2.67879288496385759e-01  2.80349708576538126e-01  2.95523159369529831e-01  3.08415904071466629e-01  3.04695129311598645e-01  2.55514437441378972e-01  1.29367889560214666e-01  -4.64442732664893526e-02  -9.42228518612566179e-02  4.48222555478693038e-02  -1.20491886002027518e-03  -5.33808191491881405e-03  2.38641571938330143e-03  -4.87459963209072489e-04  2.02052684841597707e-05  2.44140187895157607e-05  
1.07977516232770927e-03  2.46808744354560045e-01  2.49482853967814860e-01  2.53679809916244781e-01  2.60119175606530584e-01  2.69615233555602130e-01  2.82630762125689050e-01  2.97940905010891655e-01  3.09489920803408203e-01  3.00880952038525940e-01  2.41140501684506015e-01  1.02412029200347768e-01  -6.91694217936721228e-02  -7.72739840323322102e-02  5.47620680332387075e-02  -1.50527897357110949e-02  2.80104733795353937e-03  -9.96572377996057237e-04  5.16946289074794816e-04  -1.76582728481605521e-04  5.62274065025387382e-05  
1.12201845430196304e-03  2.47154574019180229e-01  2.50029579821264725e-01  2.54529096850945658e-01  2.61399067288349884e-01  2.71442733263398406e-01  2.84976989386240498e-01  3.00288121353566917e-01  3.10089640817476420e-01  2.95797493775579623e-01  2.24650763275724530e-01  7.42281119562668706e-02  -8.75759055808216086e-02  -5.50328575993691768e-02  5.64351430235985746e-02  -2.38353580672961314e-02  8.46427165368167193e-03  -3.18375765052109592e-03  1.05462588117771153e-03  -2.35076391024975417e-04  3.37900682689678037e-05  
1.16591440117983121e-03  2.47526727360396048e-01  2.50616615182219449e-01  2.55437619535400950e-01  2.62759171751809961e-01  2.73361675081440991e-01  2.87378100782307522e-01  3.02519460735945434e-01  3.10121660019908152e-01  2.89284777634308043e-01  2.06005791274460698e-01  4.53165282073793169e-02  -1.00506920479844997e-01  -2.95379584929576049e-02  5.01972563809121100e-02  -2.66672781365580973e-02  1.09115809243981246e-02  -3.96551926495555991e-03  1.19136934926549658e-03  -2.83136786223388932e-04  6.34680281940044324e-05  
1.21152765862858895e-03  2.47927088114974964e-01  2.51246668665580708e-01  2.56408610700716022e-01  2.64202867418338039e-01  2.75369357930652148e-01  2.89822010024868015e-01  3.04584891556754500e-01  3.09476771286741836e-01  2.81185181577933374e-01  1.85215742627378083e-01  1.63210407844533480e-02  -1.06966073698403288e-01  -3.34321253997771350e-03  3.75976430369392503e-02  -2.39166603846767238e-02  1.02844981147158319e-02  -3.52100787922995061e-03  9.99634665739965221e-04  -2.98209837287339468e-04  1.21990647825546614e-04  
1.25892541179416749e-03  2.48357679317169455e-01  2.51922492436835510e-01  2.57445662281060417e-01  2.65732078296354479e-01  2.77466097536955947e-01  2.92284795347654613e-01  3.06433152560223798e-01  3.08032395760065081e-01  2.71346258455342271e-01  1.62352799644815804e-01  -1.19570212381362572e-02  -1.06277177378573034e-01  2.07520620016872215e-02  2.11589711699517909e-02  -1.70482812739141398e-02  7.44115339273972252e-03  -2.30553875073213335e-03  5.75901462426740428e-04  -1.86444026521210242e-04  1.04910615701339315e-04  
1.30817747426019426e-03  2.48820616341426659e-01  2.52647068144031761e-01  2.58551987970893515e-01  2.67349813884023735e-01  2.79645105061839483e-01  2.94749369866450450e-01  3.07993841362390164e-01  3.05659912893354313e-01  2.59626279128249704e-01  1.37562258843812374e-01  -3.85621950853700865e-02  -9.82389752604168887e-02  4.00748649358935241e-02  3.91720433354814535e-03  -8.18602101088130620e-03  3.60575183281410276e-03  -8.92684382770310165e-04  1.28467546221299828e-04  -1.33358387552730101e-05  2.50942026381988612e-05  
1.35935639087852544e-03  2.49318166790339496e-01  2.53423389562409229e-01  2.59731174501357132e-01  2.69057107469350520e-01  2.81903165083573992e-01  2.97182744104610430e-01  3.09198150512645875e-01  3.02214939704349927e-01  2.45905173023826279e-01  1.11077123339911932e-01  -6.24028518179948755e-02  -8.32769264109263219e-02  5.24988211114082934e-02  -1.11507851920393947e-02  4.38269981953884444e-04  -3.49076717743481405e-05  2.50829768527338929e-04  -1.36927935007706661e-04  5.90532757902885677e-05  -4.52243042921857712e-06  
1.41253754462275396e-03  2.49852699327012401e-01  2.54254653988281287e-01  2.60986387937621744e-01  2.70855667576905434e-01  2.84229872831943009e-01  2.99556499527183051e-01  3.09957590252060378e-01  2.97549236203987433e-01  2.30090044589843556e-01  8.32333973259673648e-02  -8.23018968885980279e-02  -6.25173317754348645e-02  5.68041839989887401e-02  -2.16890633020826312e-02  7.00722911067292419e-03  -2.64417883318981278e-03  9.32454168095513299e-04  -2.21756001852924832e-04  3.80691345839429798e-05  2.05073077363498359e-06  
1.46779926762206914e-03  2.50426714869290690e-01  2.55144139147002347e-01  2.62320730533877777e-01  2.72746174654417750e-01  2.86614287965166747e-01  3.01830198831367191e-01  3.10179592803899951e-01  2.91505215557485597e-01  2.12127131592825091e-01  5.44892371102071033e-02  -9.70804268962217193e-02  -3.77938884979059780e-02  5.29513362849434871e-02  -2.64192426233666317e-02  1.04950648794748091e-02  -3.86649272289635478e-03  1.18636733469197598e-03  -2.66501036484237603e-04  4.67165057354080920e-05  -1.97586525542604032e-05  
1.52522295653901825e-03  2.51042878288687876e-01  2.56095069476409920e-01  2.63737609971698206e-01  2.74726461788579290e-01  2.89045491085360207e-01  3.03955001565412775e-01  3.09760008362610306e-01  2.83924012084284638e-01  1.92009747830110628e-01  2.54413462187360745e-02  -1.05675043357303503e-01  -1.15223954178913391e-02  4.21269079437785743e-02  -2.53186517176083939e-02  1.07743348909764246e-02  -3.77063252170292467e-03  1.09183863668768535e-03  -3.04269012268745993e-04  1.06912016730430323e-04  -7.22941373437126792e-05  
1.58489319246111408e-03  2.51703937351853146e-01  2.57110892574260230e-01  2.65239545834679125e-01  2.76795448103375696e-01  2.91504517395686946e-01  3.05878473704921217e-01  3.08581756281571251e-01  2.74650319361860462e-01  1.69789451521171086e-01  -3.15940193598412185e-03  -1.07291087877148431e-01  1.35394912599490682e-02  2.65851738246254340e-02  -1.95409686662196824e-02  8.50718728250514714e-03  -2.73800768145031305e-03  7.24577848719441960e-04  -2.36489183189571929e-04  1.22455469700884462e-04  -1.22150819348923494e-04  
1.64689786548286878e-03  2.52412791774147383e-01  2.58194982538801965e-01  2.66829077535515435e-01  2.78949138972686639e-01  2.93971013937427861e-01  3.07537772824917788e-01  3.06517085728038763e-01  2.63538576490590370e-01  1.45586936093957647e-01  -3.04050336217876783e-02  -1.01560074191927766e-01  3.46337549832007527e-02  9.25990299810420386e-03  -1.10602273579912345e-02  4.84680589965712054e-03  -1.32671119600561143e-03  2.56465540919254475e-04  -6.25901221515814070e-05  4.82021045396125456e-05  -1.24739344771865096e-04  
1.71132830416178107e-03  2.53172443815272818e-01  2.59350769930564051e-01  2.68508036537262074e-01  2.81182628553005520e-01  2.96418285562744632e-01  3.08862483304603364e-01  3.03427048154728152e-01  2.50460806787663415e-01  1.19605858950766253e-01  -5.52433262967272701e-02  -8.86965177513378278e-02  4.94174738886404355e-02  -6.78937857541118874e-03  -2.13518165384598071e-03  1.03321997206038394e-03  -6.32708251038329095e-05  -7.78321187701520753e-05  5.13095569707989557e-05  -2.74812537939057393e-06  -1.40086245203005727e-04  
1.77827941003892275e-03  2.53986009777515787e-01  2.60581625975898734e-01  2.70277685316738348e-01  2.83488752747230177e-01  2.98814663082594190e-01  3.09772237252556870e-01  2.99163462642823341e-01  2.35314817005349619e-01  9.21478474565068650e-02  -7.65165175205763104e-02  -6.96018640938597388e-02  5.63501368849536055e-02  -1.89538350051073300e-02  5.23589829783674583e-03  -1.96295693643880071e-03  7.67351665904130440e-04  -2.05423461523393899e-04  4.63906443249974512e-05  1.45760722930375226e-06  -1.70673156792371117e-04  
1.84784979742229068e-03  2.54856762096968281e-01  2.61890610672250501e-01  2.72139306063926611e-01  2.85855739203945580e-01  3.01125802359088146e-01  3.10173601547826583e-01  2.93572439949367270e-01  2.18033118561262895e-01  6.36303780725375745e-02  -9.30351614135499910e-02  -4.58922344598327731e-02  5.50008097401275334e-02  -2.55794458135708454e-02  9.75161395066361132e-03  -3.63332007256462986e-03  1.14697270718630735e-03  -2.50822713510454704e-04  3.64210299152713531e-05  -9.21646622867827653e-06  -1.78246257469399575e-04  
1.92014193863880101e-03  2.55787936887453771e-01  2.63281070339287604e-01  2.74091552372802472e-01  2.88273522782058644e-01  3.03303412044146958e-01  3.09968493486236341e-01  2.86493776152956681e-01  1.98593496389678548e-01  3.46048130591803463e-02  -1.03684391422611599e-01  -1.98218999304588875e-02  4.61792467254068112e-02  -2.62464656517801577e-02  1.10055382366041170e-02  -3.92507542683644215e-03  1.15583959811761693e-03  -2.98859184536908601e-04  8.71078997574863085e-05  -5.28165342148511518e-05  -1.74946177578663784e-04  
1.99526231496887892e-03  2.56782838265224134e-01  2.64756097124057288e-01  2.76131971767982765e-01  2.90727621747764842e-01  3.05294975224936871e-01  3.09044070279092697e-01  2.77770589939009938e-01  1.77027751147454337e-01  5.77193123572246249e-03  -1.07566851115985268e-01  5.92752657739026387e-03  3.18320233167497871e-02  -2.17611433295616073e-02  9.43333353320899293e-03  -3.13283664108537571e-03  8.62098242524897461e-04  -2.73577710663078352e-04  1.28786345256185847e-04  -1.11585411749712799e-04  -1.49402453128451052e-04  
2.07332157348595397e-03  2.57845025159215868e-01  2.66317645034728434e-01  2.78259723147112170e-01  2.93193663078734124e-01  3.07045596423773104e-01  3.07273478677200840e-01  2.67254199070342202e-01  1.53433414035056809e-01  -2.20088910217255823e-02  -1.04163192028226964e-01  2.85555126705876426e-02  1.47343056091159118e-02  -1.38928226449103933e-02  6.07544831908477401e-03  -1.77813134812160193e-03  3.99758153497846924e-04  -1.19412241389837753e-04  7.51901497316728647e-05  -1.25764096985767505e-04  -1.38189477984703617e-04  
2.15443469003188427e-03  2.58977755532398490e-01  2.67968375835269446e-01  2.80468007837486322e-01  2.95651528856536117e-01  3.08482847011442629e-01  3.04523503108338756e-01  2.54809507993986051e-01  1.27986307155495166e-01  -4.77286382554112307e-02  -9.34878054036971246e-02  4.55424007543795625e-02  -2.03113410243369388e-03  -4.87060460579054680e-03  2.18756681326979716e-03  -4.23398949038430322e-04  4.25796367398820155e-06  2.95536307327701778e-05  5.77201678740361202e-06  -1.31858493138246869e-04  -1.24359868101334544e-04  
2.23872113856833990e-03  2.60184591225807782e-01  2.69709125266536953e-01  2.82752735048666826e-01  2.98066487937371116e-01  3.09534164421268410e-01  3.00646388194229341e-01  2.40325920413492100e-01  1.00955486501773162e-01  -7.02563139811205883e-02  -7.62202760934199280e-02  5.50585697239608235e-02  -1.56545492698202462e-02  3.17130081612315793e-03  -1.14531382927695615e-03  5.56636436880994924e-04  -1.81675259409457387e-04  5.51233728255596641e-05  -1.55851807827810307e-06  -1.62403567972194325e-04  -9.15158447609518984e-05  
2.32630506715362628e-03  2.61468631948412411e-01  2.71541429716690430e-01  2.85102177548934077e-01  3.00408739487971699e-01  3.10106468672203484e-01  2.95491704953209255e-01  2.23723335548023511e-01  7.27196001409329967e-02  -8.84026732170306306e-02  -5.37515859271723573e-02  5.62953792539286971e-02  -2.41348320671805894e-02  8.67563356462867225e-03  -3.25981657853305221e-03  1.07102619020482356e-03  -2.37217234917599739e-04  3.35312656491747307e-05  -1.99522462949947696e-06  -1.77921302194196065e-04  -6.43188394535002998e-05  
2.41731548080410374e-03  2.62833045508391816e-01  2.73465151248219684e-01  2.87505791308293068e-01  3.02632781876016721e-01  3.10105582782340461e-01  2.88899423665057498e-01  2.04964706897630217e-01  4.37862169422826436e-02  -1.01015806667482472e-01  -2.81526744252696172e-02  4.96741349084768163e-02  -2.66529452825489399e-02  1.09502496620982204e-02  -3.96966306469174416e-03  1.18896260521504735e-03  -2.85730896287196849e-04  6.65887421621419299e-05  -3.57889801990633112e-05  -1.77649757200295594e-04  -4.46510385596601069e-05  
2.51188643150957944e-03  2.64281210148138657e-01  2.75477476990377335e-01  2.89951426336294227e-01  3.04688027742933798e-01  3.09421828234431318e-01  2.80711993026382889e-01  1.84063171836432421e-01  1.48071057560156226e-02  -1.07112074534829044e-01  -1.99801265946534081e-03  3.68027342084464582e-02  -2.36410161529046585e-02  1.01801634740016026e-02  -3.47136647994198896e-03  9.81810935192251174e-04  -2.95902385682858331e-04  1.23760729449027651e-04  -9.51102976753890879e-05  -1.58505536570803876e-04  -3.66269382066961483e-05  
2.61015721568253574e-03  2.65815007355083233e-01  2.77578737540108089e-01  2.92414758388797491e-01  3.06522999172283317e-01  3.07931900500616140e-01  2.70777460933717018e-01  1.61094451415757428e-01  -1.34080394428286800e-02  -1.06036469345540757e-01  2.19096832085424603e-02  2.02441384821664822e-02  -1.66114281257751760e-02  7.25276065795688735e-03  -2.23110334394780894e-03  5.50618286071967119e-04  -1.77184342043848367e-04  1.00962883434931193e-04  -1.26382657193275979e-04  -1.39494621298706374e-04  -2.82992578490320781e-05  
2.71227257933202674e-03  2.67437460254763171e-01  2.79761912744675545e-01  2.94878743055245918e-01  3.08066549954388591e-01  3.05506745248956102e-01  2.58954911985370739e-01  1.36208072975808642e-01  -3.98959633868587668e-02  -9.76171954999021929e-02  4.09157154427228151e-02  3.04584839548196432e-03  -7.70773726845033931e-03  3.40012976733347887e-03  -8.22863719195804648e-04  1.08940537463173004e-04  -6.10273256211067861e-06  2.16141615649382503e-05  -1.26649880448631997e-04  -1.31234305322303882e-04  -1.29110041392115977e-05  
2.81838293126445219e-03  2.69149511187257107e-01  2.82023903576856416e-01  2.97309664276189045e-01  3.09249813395086504e-01  3.02001248099775021e-01  2.45125627211685071e-01  1.09642070539385572e-01  -6.35589282229219177e-02  -8.23156184145760889e-02  5.29333210042647953e-02  -1.18345550213733216e-02  8.47894911062468492e-04  -2.03046753864966566e-04  2.98519430849234619e-04  -1.44749087830317867e-04  5.91784415692678058e-05  -4.27914368489028573e-06  -1.52149804328884769e-04  -1.02710905355384043e-04  -1.36548952715406652e-05  
2.92864456462523740e-03  2.70952903858747318e-01  2.84353901733951420e-01  2.99679353975032481e-01  3.09983217645018239e-01  2.97267046507682098e-01  2.29198393760045471e-01  8.17383667490143712e-02  -8.32173800702134259e-02  -6.12957652403464948e-02  5.67991667605310460e-02  -2.20880659686633965e-02  7.27225713081750946e-03  -2.74398624575716192e-03  9.55714077856139590e-04  -2.24095135965828740e-04  3.70256921869703987e-05  1.68732183697849727e-06  -1.76164376625350105e-04  -7.11960677612891071e-05  -2.30061604801184921e-05  
3.04321988710772214e-03  2.72848133625419431e-01  2.86741268676760364e-01  3.01946189125029740e-01  3.10174415221285027e-01  2.91145952832813082e-01  2.11121828792555838e-01  5.29620547935793842e-02  -9.76952667089381610e-02  -3.64265314977783861e-02  5.25395785603270452e-02  -2.65009773531022647e-02  1.05868009255048207e-02  -3.89205371692198567e-03  1.18954357966943153e-03  -2.69288773126491986e-04  4.90982876842410091e-05  -2.17159183046777130e-05  -1.78310641370254018e-04  -5.07568535796819729e-05  -2.39108419918271686e-05  
3.16227766016837939e-03  2.74832958957717532e-01  2.89174812879964160e-01  3.04061342271066515e-01  3.09718195847550670e-01  2.83479382947981418e-01  1.90891939751395262e-01  2.39175644844834522e-02  -1.05939256360206027e-01  -1.01484215105424169e-02  4.14027380238288639e-02  -2.51163596597533921e-02  1.07097315747221328e-02  -3.73517622347685919e-03  1.07832013179935769e-03  -3.04115910270609036e-04  1.09814343661717413e-04  -7.54927207519684722e-05  -1.67629157419041538e-04  -3.69223963227057630e-05  -1.68079688333528754e-05  
3.28599324760065403e-03  2.76906659107445829e-01  2.91634489362488813e-01  3.05972840960409220e-01  3.08496423152875399e-01  2.74112503563603005e-01  1.68563644035777810e-01  -4.63581374621345986e-03  -1.07173385046733030e-01  1.47715180487710956e-02  2.56905920274882148e-02  -1.91425096155893489e-02  8.33812885840389678e-03  -2.66804101789707999e-03  7.00353475109058671e-04  -2.28916880326129012e-04  1.20234984530487220e-04  -1.23328483429605397e-04  -1.42113022339641285e-04  -3.34472532535597114e-05  -8.91555750272649595e-06  
3.41454887383360085e-03  2.79064643086640696e-01  2.94100776876148107e-01  3.07616275814109719e-01  3.06381384557351977e-01  2.62900271913345362e-01  1.44261648707986745e-01  -3.17821139261489638e-02  -1.01055905934791565e-01  3.55865070578641335e-02  8.35783420024975750e-03  -1.05822050314443618e-02  4.63985661644931990e-03  -1.25281357827710001e-03  2.33916723009055107e-04  -5.37173570855665677e-05  4.39671782885369230e-05  -1.24732156988850940e-04  -1.35763988422539137e-04  -1.64504697341622864e-05  -1.37553480139785456e-05  
3.54813389233575322e-03  2.81302353613247680e-01  2.96545804543055125e-01  3.08921631805074093e-01  3.03233152501003911e-01  2.49715990257759424e-01  1.18194400714610459e-01  -5.64622555499553203e-02  -8.78358446728772363e-02  4.99870817487015756e-02  -7.54576585932539758e-03  -1.69353237395413218e-03  8.48545699574978054e-04  -7.59939099077849630e-06  -8.92418572779567069e-05  5.35314374668106061e-05  -3.46347605674419841e-06  -1.41712836121704941e-04  -1.13578492818989653e-04  -1.14489989876926254e-05  -1.15037869208012685e-05  
3.68694506451957334e-03  2.83612002940821450e-01  2.98938624736677261e-01  3.09807021177125552e-01  2.98903603678663921e-01  2.34458923655319673e-01  9.06691224302829113e-02  -7.75147294742433018e-02  -6.84518722224009002e-02  5.64839425978765491e-02  -1.94499132398845490e-02  5.55231845823931508e-03  -2.08623771941947615e-03  7.97980637842001330e-04  -2.08514658797829768e-04  4.48524734667681891e-05  1.77059065254719325e-06  -1.71723410786889865e-04  -7.95645725467212687e-05  -2.06020010119473858e-05  6.81277361690006465e-07  
3.83118684955728898e-03  2.85981823906980404e-01  3.01244054390202742e-01  3.10179038247952676e-01  2.93238255018013594e-01  2.17063793016011974e-01  6.21099479471128244e-02  -9.37510676807674498e-02  -4.45570218472242444e-02  5.47106130865454635e-02  -2.57614065538659676e-02  9.89869922556159930e-03  -3.68185167618625313e-03  1.15600349485969712e-03  -2.53261209798339847e-04  3.76009844720616505e-05  -1.07338130842566892e-05  -1.78282497027065919e-04  -5.70525312431141237e-05  -2.45467477170565870e-05  7.74704662208765567e-06  
3.98107170553497342e-03  2.88401729795992268e-01  3.03413551187401931e-01  3.09938719446803290e-01  2.86077034302588740e-01  1.97510913660566112e-01  3.30756808647628200e-02  -1.04063928235077749e-01  -1.84340848482043157e-02  4.55405726596880486e-02  -2.61269722842656787e-02  1.09862764128450200e-02  -3.90661615697620538e-03  1.14727017750313625e-03  -3.00418402149192198e-04  9.05628335678487431e-05  -5.59055938340604510e-05  -1.74186913732129377e-04  -3.91544237865378765e-05  -1.99651123080496834e-05  5.15923873487353723e-06  
4.13682040238850732e-03  2.90856910028652604e-01  3.05394068335905045e-01  3.08972920379363136e-01  2.77263111443504962e-01  1.75835346296802142e-01  4.27538487050692275e-03  -1.07571930211916106e-01  7.22034889261354874e-03  3.09741421837425659e-02  -2.14129742062646143e-02  9.29038358744611707e-03  -3.07043708898397391e-03  8.40258897060275215e-04  -2.68423760088172850e-04  1.28574439831016503e-04  -1.13831014202862006e-04  -1.48070998673306172e-04  -3.61930254771613121e-05  -9.61403707938541282e-06  1.19454462413405879e-07  
4.29866234708227695e-03  2.93323266964166884e-01  3.07129883701239448e-01  3.07154294941331396e-01  2.66648405618020612e-01  1.52138361686883911e-01  -2.34233765320532861e-02  -1.03779784436214398e-01  2.96099428878170944e-02  1.38167903936165792e-02  -1.34266518876807305e-02  5.87315291345538119e-03  -1.70232638410050281e-03  3.75117909039858585e-04  -1.09678282526577223e-04  7.06225052508458433e-05  -1.25520396893637860e-04  -1.37987152744474463e-04  -2.15150407740360096e-05  -1.22245749559494127e-05  4.00807599150390884e-06  
4.46683592150963048e-03  2.95779705965476480e-01  3.08548796236054967e-01  3.04348720156194630e-01  2.54098934482528127e-01  1.26600315591106238e-01  -4.90041703839418086e-02  -9.27343698277528494e-02  4.62416635212715560e-02  -2.84849206865487497e-03  -4.40595562467231520e-03  1.99033959430238447e-03  -3.60442160116785433e-04  -1.10228302161936665e-05  3.41653826438125728e-05  3.84992331121533160e-06  -1.33052273037075357e-04  -1.22958036159969412e-04  -1.10053466264372670e-05  -1.36848408763731429e-05  6.05672067385134084e-06  
4.64158883361277721e-03  2.98191816795366715e-01  3.09577136402753417e-01  3.00408260340411848e-01  2.39505468310186570e-01  9.94955791209884421e-02  -7.13310618594743123e-02  -7.51520297494066708e-02  5.53318982090357861e-02  -1.62418299184821889e-02  3.53435406571189553e-03  -1.29058657028159021e-03  5.95004799774013072e-04  -1.86390669326732096e-04  5.38516093363912635e-05  -9.96680010572792093e-07  -1.63953831479548049e-04  -8.97087257471257420e-05  -1.73821605555538312e-05  -3.31468152748849005e-06  1.10649582881876663e-06  
4.82317848223930406e-03  3.00528960533898326e-01  3.10121779288024368e-01  2.95181900874925740e-01  2.22789934772801873e-01  7.12091268880865047e-02  -8.92140815082213684e-02  -5.24615479942966562e-02  5.61336228162072209e-02  -2.44175516916053520e-02  8.87788176738630100e-03  -3.33191512688371747e-03  1.08633961510507969e-03  -2.39397814915909247e-04  3.35341349486347400e-05  -2.95859720538864271e-06  -1.78046654515042109e-04  -6.32532058367647190e-05  -2.43442602368653070e-05  6.55724496822441730e-06  -2.64090305349251149e-06  
5.01187233627271942e-03  3.02745651600719645e-01  3.10087610418206705e-01  2.88509650978431564e-01  2.03917672807436917e-01  4.22557449539203364e-02  -1.01506570342793354e-01  -2.67657997110329858e-02  4.91334902847023469e-02  -2.66230564279214751e-02  1.09803304532822953e-02  -3.97040366301644812e-03  1.18565839588434074e-03  -2.88262466771076718e-04  6.98938105778900771e-05  -3.84381938122841879e-05  -1.77360718267310534e-04  -4.37731470596683936e-05  -2.22006536504355470e-05  6.71126367263122754e-06  -2.48791947374731276e-06  
5.20794832859546464e-03  3.04790610756456026e-01  3.09364627129505854e-01  2.80233969775076586e-01  1.82904858921593444e-01  1.32952577620230640e-02  -1.07238116692122784e-01  -6.59063382450443590e-04  3.59975152330825124e-02  -2.33541183761071178e-02  1.00697849778741411e-02  -3.41964686213930323e-03  9.63339904928854846e-04  -2.93202707132616137e-04  1.25302334509617015e-04  -9.81577994415082746e-05  -1.56906313749169337e-04  -3.66763102160111356e-05  -1.24410721178112871e-05  1.15837263980772909e-06  5.19481702305890249e-07  
5.41169526546463747e-03  3.06612088817585449e-01  3.07828792970363141e-01  2.70203435865278285e-01  1.59830772435736568e-01  -1.48542993424445012e-02  -1.05775296418921777e-01  2.30536186321942012e-02  1.93275476871217662e-02  -1.61693659187505043e-02  7.06181649327632457e-03  -2.15622794257408143e-03  5.25315339361159339e-04  -1.67796903559790361e-04  9.69875691727142071e-05  -1.26451448884302991e-04  -1.39245622901321858e-04  -2.73278039471532320e-05  -1.04175517923822927e-05  2.27900509930335816e-06  -3.74032389969937857e-07  
5.62341325190349097e-03  3.08138336942995084e-01  3.05350550116776975e-01  2.58277990770439003e-01  1.34849213739681062e-01  -4.12219215496882688e-02  -9.69762258182917253e-02  4.17370453411318176e-02  2.18102499186793386e-03  -7.23049414050739962e-03  3.19526572479605616e-03  -7.53894982675713658e-04  8.99904929636374779e-05  7.53835854502143287e-07  1.84752118227810919e-05  -1.27285928694216674e-04  -1.30236198004817720e-04  -1.25214708059975297e-05  -1.43814826165735276e-05  6.25950158400627713e-06  -2.25824494640878617e-06  
5.84341413373517474e-03  3.09300286299397209e-01  3.01784127665159718e-01  2.44340269797440501e-01  1.08203287215130631e-01  -6.47039130240149724e-02  -8.13383334413073922e-02  5.33450128041805041e-02  -1.25053000897070946e-02  1.25146174492147795e-03  -3.68148088454823489e-04  3.44876050934592789e-04  -1.52056815421660149e-04  5.90448822030531286e-05  -3.97831485462472278e-06  -1.53929277274888511e-04  -1.00832832509062541e-04  -1.41452960436185738e-05  -7.37903395907003781e-06  2.89445940354546995e-06  -5.20822085537830578e-07  
6.07202195690988416e-03  3.10007404385163665e-01  2.96980987042242572e-01  2.28300787706933378e-01  8.02408902893232689e-02  -8.41184918592585151e-02  -6.00634186417231611e-02  5.67713984621840209e-02  -2.24706404250447876e-02  7.52849106564198404e-03  -2.83985071838832029e-03  9.77793683912995051e-04  -2.26358879938485971e-04  3.60758120976056501e-05  1.32415523856562680e-06  -1.76606870669057301e-04  -6.99726676515270550e-05  -2.32693811051723736e-05  4.46112984054228593e-06  -1.95555256338205034e-06  4.95748155253144961e-07  
6.30957344480193028e-03  3.10167475708575724e-01  2.90782395111069236e-01  2.10110552140782753e-01  5.14340949814981949e-02  -9.82927817199959752e-02  -3.50551908847410928e-02  5.21085281831564079e-02  -2.65663859557234185e-02  1.06695163271741441e-02  -3.91393101478042064e-03  1.19177387608448634e-03  -2.72095014943527186e-04  5.16706302857918387e-05  -2.38470698733143155e-05  -1.78284239300601161e-04  -4.97053137504236715e-05  -2.37355942302475164e-05  7.74205441812388661e-06  -3.03106866380661552e-06  8.35008208165688189e-07  
6.55641849417978526e-03  3.09674269551042824e-01  2.83030040662426374e-01  1.89768302776452819e-01  2.23951048804057265e-02  -1.06183950540796671e-01  -8.77820407254862461e-03  4.06657214195100258e-02  -2.49011481778500486e-02  1.06380937790879378e-02  -3.69715252399913921e-03  1.06403780413301180e-03  -3.03641929993812051e-04  1.12610419767485956e-04  -7.88471137437420718e-05  -1.66216589491686621e-04  -3.67962482159111883e-05  -1.61772801326164050e-05  2.98196296266665739e-06  -4.25169997613310647e-07  1.60748123418277178e-07  
6.81292069057961528e-03  3.08408649032664517e-01  2.73569563070587218e-01  1.67332348679402609e-01  -6.10836951448440104e-03  -1.07035155520669334e-01  1.59920616111812047e-02  2.47914801118740043e-02  -1.87368017685448120e-02  8.16536949362010704e-03  -2.59711445565565099e-03  6.75850422924736765e-04  -2.20989977302005295e-04  1.17676010842659510e-04  -1.24220441587284913e-04  -1.41492681820539162e-04  -3.27101285584681891e-05  -9.02778796854100054e-06  7.18745872861259456e-07  5.13249450030364368e-07  -2.81760957885680447e-07  
7.07945784384138039e-03  3.06242880808730855e-01  2.62256481290012611e-01  1.42931444553443726e-01  -3.31523985319026743e-02  -1.00531841342428638e-01  3.65212304964427151e-02  7.45987447927149577e-03  -1.01033649477629307e-02  4.43274593995389085e-03  -1.17947544251541464e-03  2.11830944197706792e-04  -4.50880827132835890e-05  3.98684036067251541e-05  -1.24836524985236106e-04  -1.35175676686941635e-04  -1.57557437596835960e-05  -1.39135942312355751e-05  5.63927319665718673e-06  -2.09222458864993632e-06  7.19343869739955635e-07  
7.35642254459641359e-03  3.03036070666685198e-01  2.48965396933927857e-01  1.16778868170868244e-01  -5.76711495626851881e-02  -8.69578361465525446e-02  5.05343872027636115e-02  -8.29071607415608584e-03  -1.25670015664148486e-03  6.66422044247812402e-04  4.67468002498907633e-05  -9.99980683630800085e-05  5.53526136680933999e-05  -3.99121911569073419e-06  -1.43374491467658223e-04  -1.11842180158531516e-04  -1.17169083228597011e-05  -1.09836282111440440e-05  4.66768377958842609e-06  -1.25800093663892486e-06  2.83224370698432016e-07  
7.64422274252600162e-03  2.98640112918905298e-01  2.33597074558560519e-01  8.91874929901215613e-02  -7.84995746925752635e-02  -6.72891700577195745e-02  5.65944139675285673e-02  -1.99300696066783481e-02  5.86039436275609393e-03  -2.20565582985368745e-03  8.27348718387762249e-04  -2.11430797712216920e-04  4.33530427838663644e-05  2.00386386719806372e-06  -1.72703463163344771e-04  -7.80382520547585488e-05  -2.10729809908616743e-05  1.29244215236668704e-06  -7.68249994654510079e-07  3.74833008726044331e-07  -1.56276210135489256e-07  
7.94328234724281379e-03  2.92899946772250119e-01  2.16088468708470482e-01  6.05881594668546269e-02  -9.44504990592550386e-02  -4.32155173369229845e-02  5.43995957427908586e-02  -2.59265354949553654e-02  1.00365109991450534e-02  -3.72648962364584800e-03  1.16403297081384182e-03  -2.55768395908926812e-04  3.89954276274838741e-05  -1.23482286967697748e-05  -1.78285219396964847e-04  -5.60186350977782935e-05  -2.45013452380589911e-05  7.84294886734903965e-06  -3.11432098413945834e-06  6.91070611786726583e-07  -6.45501084901303610e-08  
8.25404185268018183e-03  2.85655709088169618e-01  1.96422434693486497e-01  3.15471558117759107e-02  -1.04424513145804268e-01  -1.70475481274581751e-02  4.48867497281333350e-02  -2.59931718732869486e-02  1.09591587310405372e-02  -3.88516315894787056e-03  1.13784993577014564e-03  -3.01740751107980331e-04  9.39767173603107980e-05  -5.90494465501027049e-05  -1.73352757379882866e-04  -3.85911888873621963e-05  -1.95099055932400513e-05  4.87201698785439028e-06  -1.46327182996138919e-06  6.05200754311420162e-07  -2.94018378475942441e-07  
8.57695898590893693e-03  2.76750642822644000e-01  1.74637323839310132e-01  2.78185667212859939e-03  -1.07556663061782243e-01  8.50405136007176959e-03  3.01090329841685288e-02  -2.10556555670133282e-02  9.14263157187830862e-03  -3.00656016123981764e-03  8.17951534795761416e-04  -2.62859295794890262e-04  1.28038635261618045e-04  -1.15904259855254224e-04  -1.46819044761253669e-04  -3.59359815345545758e-05  -9.32862166483424927e-06  8.66467062284375469e-08  9.70281663272346213e-07  -5.10010334303724091e-07  2.16962284002382338e-07  
8.91250938133745021e-03  2.66037251937438823e-01  1.50838188728431938e-01  -2.48320191065030671e-02  -1.03376143859929118e-01  3.06482679319916955e-02  1.29007144938588329e-02  -1.29576554499717597e-02  5.66961797969735629e-03  -1.62664360969681852e-03  3.50727851729196942e-04  -1.00004829817634041e-04  6.60485676961615118e-05  -1.25286936287816029e-04  -1.37734924929058670e-04  -2.05911160591910119e-05  -1.25135136701805183e-05  4.27388446161276071e-06  -1.44330083151300377e-06  5.16931915174989617e-07  -1.58770991553236929e-07  
9.26118728128793797e-03  2.53382701158661350e-01  1.25209961315633778e-01  -5.02706977851151773e-02  -9.19626926700606306e-02  4.69198362605529884e-02  -3.65662018118720735e-03  -3.94442158389034583e-03  1.79486654253064540e-03  -2.98613778141010268e-04  -2.56702590462633828e-05  3.83872440248391508e-05  2.12894284335369655e-06  -1.34318100326459485e-04  -1.21529547730628128e-04  -1.09413309928409499e-05  -1.34242506299292967e-05  5.92776218481743535e-06  -1.92164303049930472e-06  5.53868020792877724e-07  -1.61241120835545188e-07  
9.62350626398088792e-03  2.38679137370409300e-01  9.80323717026740649e-02  -7.23934904981191202e-02  -7.40695062329026765e-02  5.55820304844464388e-02  -1.68144255737332077e-02  3.89004380882443206e-03  -1.43233493421283031e-03  6.32062387807114405e-04  -1.90766453003307862e-04  5.24738106003291461e-05  -4.40642529592094634e-07  -1.65442573463171609e-04  -8.79233373201746731e-05  -1.79443173423214709e-05  -2.62553118019096117e-06  8.06518875670775655e-07  9.22419903364773961e-08  -1.62268654898866253e-07  6.13062842796288075e-08  
1.00000000000000002e-02  2.21850560738575314e-01  6.96967774251983918e-02  -9.00099708442794744e-02  -5.11630973408812376e-02  5.59500411279725759e-02  -2.46835057888324765e-02  9.07099307742594528e-03  -3.40006149094650286e-03  1.10057339122685721e-03  -2.41603646695969247e-04  3.37224426975360459e-05  -4.01962581862799094e-06  -1.78137971420404734e-04  -6.22049064910582450e-05  -2.44321206752837941e-05  6.81470029765951411e-06  -2.72414385973203368e-06  5.23890488317075334e-07  -1.00054587745475789e-09  -1.05074396637979233e-08  
1.03912230383516897e-02  2.02864695341442219e-01  4.07252216145424437e-02  -1.01979091859392801e-01  -2.53777432388728706e-02  4.85756578757500918e-02  -2.65777856000491731e-02  1.10019246708717676e-02  -3.96779691944339555e-03  1.18145741048378641e-03  -2.90684819143843126e-04  7.32687988771467982e-05  -4.11656537187412653e-05  -1.77021748035972680e-04  -4.28825648467314813e-05  -2.18815623351574424e-05  6.48207060865867850e-06  -2.36203482831846716e-06  8.48247978913290683e-07  -3.26467608868012196e-07  1.03604492968694278e-07  
1.07977516232770944e-02  1.81740819899954525e-01  1.17856258160549312e-02  -1.07344132255803290e-01  6.73221349283950176e-04  3.51824141735778209e-02  -2.30562516140443083e-02  9.95353133693651151e-03  -3.36593142447874985e-03  9.44241245748992839e-04  -2.90095656816641257e-04  1.26574503952441421e-04  -1.01098211886891523e-04  -1.55331772293581741e-04  -3.66769624796364560e-05  -1.18676089495287720e-05  9.07247044840179973e-07  6.43855360409742182e-07  -3.63330118367814756e-07  1.69112907571871429e-07  -8.22337490076723944e-08  
1.12201845430196304e-02  1.58561790156983240e-01  -1.62956508910101321e-02  -1.05493668840615229e-01  2.41835011994722751e-02  1.84096607186194222e-02  -1.57224343564124729e-02  6.86851152745780475e-03  -2.08099563744707644e-03  5.00022510428788135e-04  -1.58270026969742778e-04  9.28517751657759784e-05  -1.26431321547185074e-04  -1.39022183430361190e-04  -2.63507979703274903e-05  -1.07126111385101274e-05  2.56649095801854233e-06  -5.36352742671683842e-07  1.75088300679547894e-07  -8.25902768541744895e-08  4.77752203155337489e-08  
1.16591440117983104e-02  1.33485722976693200e-01  -4.25399008408020515e-02  -9.63161838646465901e-02  4.25386059628386215e-02  1.32313797057565809e-03  -6.75460110252085882e-03  2.99131199042511862e-03  -6.85823363932064616e-04  7.16231505607230570e-05  7.26114061036876973e-06  1.55269652110446283e-05  -1.28013447753296499e-04  -1.29182320638826834e-04  -1.21440176006450228e-05  -1.43560824670167320e-05  6.28766555002441544e-06  -2.24468578497625923e-06  7.15226593114146645e-07  -1.88944037197632748e-07  4.63123896548656623e-08  
1.21152765862858770e-02  1.06760832066944575e-01  -6.58376304239230575e-02  -8.03452990671049416e-02  5.37338141621481746e-02  -1.31627574770245333e-02  1.64876485824043710e-03  -5.30131105626394984e-04  3.89897960187770328e-04  -1.58871579775636887e-04  5.86642458619912472e-05  -3.59552214008557233e-06  -1.55692920590165377e-04  -9.89538058273024818e-05  -1.46506068486764467e-05  -6.71848256421432812e-06  2.58994852830565463e-06  -4.17340642696713931e-07  -2.50381020855524205e-08  8.87362054204485638e-09  -5.45324095663547617e-10  
1.25892541179416610e-02  7.87410469853732642e-02  -8.50050662053111611e-02  -5.88206232988299771e-02  5.67209955281717179e-02  -2.28367217790674745e-02  7.77587024689458187e-03  -2.93176635144799325e-03  9.98709494624686013e-04  -2.28570548114231969e-04  3.52577029759467320e-05  8.61215559912852187e-07  -1.76982424934666048e-04  -6.87812140185666129e-05  -2.35228006593486145e-05  4.88506330259293927e-06  -2.10224948369563809e-06  5.04885641662500606e-07  -7.21001915796111943e-08  2.06823855852116452e-08  -5.18288211392052455e-09  
1.30817747426019287e-02  4.99054600073230575e-02  -9.88728382562079205e-02  -3.36802649693804385e-02  5.16584779596864635e-02  -2.66155943608146796e-02  1.07432814715743615e-02  -3.93217010151837316e-03  1.19306373331509209e-03  -2.74896948405766199e-04  5.43972292973895349e-05  -2.60643607062609415e-05  -1.78231414437441472e-04  -4.86673966613773894e-05  -2.35276757349537069e-05  7.62122154946050482e-06  -2.96782376217303845e-06  8.54161106973568402e-07  -2.14636419005230192e-07  4.35154827329337027e-08  -4.59652989309225815e-09  
1.35935639087852410e-02  2.08740951294560523e-02  -1.06409052651830524e-01  -7.41215877287837183e-03  3.99162808652825107e-02  -2.46732948601311210e-02  1.05595864070780719e-02  -3.65664221169092725e-03  1.04900830683872948e-03  -3.02824854448661008e-04  1.15241343299053454e-04  -8.21880074661614441e-05  -1.64744257331039188e-04  -3.67127797371622990e-05  -1.55515245074905347e-05  2.65864647797854347e-06  -2.53136024644801798e-07  7.75083555645657224e-08  -5.46690324443358900e-08  1.97958006100955640e-08  -1.00145656736514433e-08  
1.41253754462275539e-02  -7.57691862185630709e-03  -1.06876409664160538e-01  1.72007548720652138e-02  2.38883000737712681e-02  -1.83241850754999464e-02  7.98910075580175350e-03  -2.52531458131877379e-03  6.51111604658275930e-04  -2.12745390387426131e-04  1.14827039579596169e-04  -1.24940873343448619e-04  -1.40959627122811922e-04  -3.19128145322033932e-05  -9.18343913845182211e-06  9.43042109793168408e-07  3.77801978599714080e-07  -2.20320593223673460e-07  6.44881126262614303e-08  2.01862082022608597e-09  -7.02107821716277324e-09  
1.46779926762207052e-02  -3.45157181216851836e-02  -9.99879982167268117e-02  3.74376766576548017e-02  6.56642772786613597e-03  -9.62401678872607316e-03  4.22562693581004286e-03  -1.10674489479530014e-03  1.90224823317900062e-04  -3.67156335465226066e-05  3.59069458071984614e-05  -1.25024844323609727e-04  -1.34519897974751188e-04  -1.51025817874069232e-05  -1.40611577986541159e-05  5.79590759951075493e-06  -2.15145479258745375e-06  7.33013621171816481e-07  -1.86792405577582538e-07  3.43395416071583759e-08  -5.68668183646180150e-09  
1.52522295653901973e-02  -5.88698324363085349e-02  -8.60627123613848244e-02  5.10592961788704988e-02  -9.02395600987913882e-03  -8.24898250820247292e-04  4.86934539416340924e-04  9.97636245955943750e-05  -1.10121126280367427e-04  5.67918196341529873e-05  -4.34093009930449166e-06  -1.45080529477517318e-04  -1.10068234326655577e-04  -1.20290935044586869e-05  -1.04429636349612492e-05  4.39123595983829928e-06  -1.13003995112903547e-06  2.30851390709844069e-07  -7.13932032550510483e-08  2.11175526611632538e-08  -3.13786374005496478e-09  
1.58489319246111413e-02  -7.94708809666846427e-02  -6.61140374612461668e-02  5.66815652045765880e-02  -2.03941356754817581e-02  6.15998998002608312e-03  -2.32116827624198564e-03  8.55466069896636369e-04  -2.14196938782812305e-04  4.19155062813744570e-05  2.13936027603232035e-06  -1.73580310593704756e-04  -7.65686012986804734e-05  -2.15161898265404782e-05  1.88604101109705243e-06  -9.98491793855103936e-07  4.05779384649565228e-07  -1.49563329228413660e-07  5.45059041082880877e-08  -1.76984830035619282e-08  7.37406987533555234e-09  
1.64689786548286900e-02  -9.51332965561980937e-02  -4.18680743564411526e-02  5.40679252230430521e-02  -2.60748217026451241e-02  1.01650265702632192e-02  -3.76724365016745284e-03  1.17107399593158580e-03  -2.58350781398426343e-04  4.06065389028492630e-05  -1.40497379244222513e-05  -1.78291367979690763e-04  -5.49761959137727368e-05  -2.44336381418250960e-05  7.90968983340852539e-06  -3.14015048879944789e-06  7.22040784863505472e-07  -8.22676207995298478e-08  3.07186061503216298e-09  -3.80631984902510612e-09  4.00267398876963251e-09  
1.71132830416178099e-02  -1.04766027774747722e-01  -1.56626998122702463e-02  4.42181177576777135e-02  -2.58452435778429961e-02  1.09242903195461115e-02  -3.86077540072688732e-03  1.12758665239474378e-03  -3.02805405240024112e-04  9.73327315022998369e-05  -6.22504359840958261e-05  -1.72416213723801702e-04  -3.81022013119159512e-05  -1.90251797899964231e-05  4.57234198519111221e-06  -1.29447408216262043e-06  5.40358835268660228e-07  -2.68944860878585215e-07  1.07434040110871538e-07  -3.87239947162346965e-08  1.20908284274335447e-08  
1.77827941003892293e-02  -1.07520996621196130e-01  9.77822484216033828e-03  2.92371383716629601e-02  -2.06894910648195776e-02  8.99025654962568553e-03  -2.94129233695527865e-03  7.95202849898558493e-04  -2.56883892600046678e-04  1.27169726966427677e-04  -1.17793358302703346e-04  -1.45659344462304352e-04  -3.56061392353456966e-05  -9.10709678763729140e-06  8.73799252985145920e-08  9.49224546818289677e-07  -4.99090807409989272e-07  2.10115542282911578e-07  -7.56086940331009100e-08  2.28822991558158651e-08  -5.64653154749488808e-09  
1.84784979742229072e-02  -1.02952311439549679e-01  3.16701497347806060e-02  1.19865328575277114e-02  -1.24861740542629631e-02  5.46502965965765114e-03  -1.55116184202583763e-03  3.26627696855431556e-04  -9.04252575490854815e-05  6.14927223438539890e-05  -1.25073331741793961e-04  -1.37447285055455220e-04  -1.96918976090247211e-05  -1.27947158261744635e-05  4.54117640063824332e-06  -1.58022792394120638e-06  5.64678231452712415e-07  -1.65893120615070752e-07  4.15892087281227923e-08  -8.42294181491480763e-09  2.96632561251583770e-09  
1.92014193863880127e-02  -9.11729214267588406e-02  4.75767113247130349e-02  -4.45514566496324742e-03  -3.48628982653171075e-03  1.60128286347454283e-03  -2.37948155928157138e-04  -3.96795096669177639e-05  4.22155194599255559e-05  6.10294870098702557e-07  -1.35660542276877657e-04  -1.20044067627511085e-04  -1.09332816171730714e-05  -1.31206757427715664e-05  5.77376690357429300e-06  -1.82862897329087484e-06  5.13426037693340549e-07  -1.49851019284502855e-07  4.44191021779495073e-08  -1.38403537147491784e-08  3.57170145556937318e-09  
1.99526231496887883e-02  -7.29729667463776405e-02  5.58089435253505961e-02  -1.73721300744519615e-02  4.23820657576512872e-03  -1.57050254023066477e-03  6.67817546663656203e-04  -1.94830161772276486e-04  5.10145618079943010e-05  9.55796367879698454e-08  -1.66862021537025705e-04  -8.61700104394740838e-05  -1.85011037460107120e-05  -1.94446298162573886e-06  5.24936180730117731e-07  1.53841882133988308e-07  -1.70216875168963265e-07  6.31795501007235426e-08  -1.75469537268078070e-08  4.30795734839556084e-09  -2.50618995117424263e-11  
2.07332157348595406e-02  -4.98565866739898444e-02  5.57448014112412946e-02  -2.49326832581097044e-02  9.25494470968593261e-03  -3.46426541297818443e-03  1.11374054198585073e-03  -2.43841851317927542e-04  3.41005888946883462e-05  -5.17656443185572939e-06  -1.78201490217715064e-04  -6.11669439465406734e-05  -2.44980225330281522e-05  7.05012536943783014e-06  -2.80617205600204705e-06  5.41781602369587275e-07  -2.13389203304757544e-09  -1.25464477981801422e-08  -2.68640332811954311e-10  7.19967403085997292e-10  -2.17073610979895637e-11  
2.15443469003188219e-02  -2.39889150116853501e-02  4.80009774973078826e-02  -2.65173119540953670e-02  1.10151374391260892e-02  -3.96190178940030932e-03  1.17636738239464546e-03  -2.92976955399247856e-04  7.66962461899310026e-05  -4.39713104231941041e-05  -1.76614282933856912e-04  -4.20330249102751524e-05  -2.15430888773577069e-05  6.24070638627569853e-06  -2.23006679983101978e-06  8.26421775765209609e-07  -3.33710161098812101e-07  1.09241855300914645e-07  -2.64091141521108467e-08  5.41261485109086664e-09  -1.40970653463183458e-09  
2.23872113856833782e-02  1.99843181766674654e-03  3.43578718068376296e-02  -2.27477170773975855e-02  9.83158030880476076e-03  -3.31030620208538125e-03  9.24541046405923561e-04  -2.86580022168293931e-04  1.27568063569787315e-04  -1.03922481730724388e-04  -1.53783183727260349e-04  -3.66571781909466561e-05  -1.13271193254374739e-05  6.83877956511845496e-07  7.48689307378744737e-07  -4.12864387626086135e-07  1.91015744567947098e-07  -8.91462679186398540e-08  3.40822576578302247e-08  -1.14372073137785328e-08  3.30448658999787781e-09  
2.32630506715362402e-02  2.52989715625810407e-02  1.74909376889078837e-02  -1.52709735704454046e-02  6.67303577910737401e-03  -2.00549056673087400e-03  4.74780466465582311e-04  -1.48634490478134968e-04  8.85781760802884297e-05  -1.26336206462411137e-04  -1.38815885127277901e-04  -2.53710514355862808e-05  -1.10125826794773613e-05  2.85354129813145270e-06  -6.90704097020748545e-07  2.35606963648634536e-07  -9.85913452101275594e-08  4.81288594710112903e-08  -1.44676526015755667e-08  2.62260787839157374e-09  -9.28467881245110274e-11  
2.41731548080410114e-02  4.33201486528689908e-02  4.72591213154049006e-04  -6.28036783184951139e-03  2.78842165889721600e-03  -6.18697120750899164e-04  5.38557292258671352e-05  1.34035773565459630e-05  1.27790898659527047e-05  -1.28836594304645790e-04  -1.28063769409261519e-04  -1.18140600724947664e-05  -1.42977995972651398e-05  6.29303131152870304e-06  -2.22097704555293300e-06  6.99185519264549989e-07  -1.87503015928768883e-07  4.77910499194736335e-08  -1.58867406660411657e-08  4.96615269324261960e-09  -1.38269265838938667e-09  
2.51188643150958221e-02  5.40996427260819895e-02  -1.38066642763191791e-02  2.03959868084310813e-03  -6.88915442906629680e-04  4.33584264677205704e-04  -1.65216734098250001e-04  5.80589709030651107e-05  -3.14661327532517474e-06  -1.57431309562928301e-04  -9.70776594805578967e-05  -1.51743198148862123e-05  -6.04834414361639255e-06  2.28629279257218530e-06  -3.17385252490878457e-07  -5.64327925946157522e-08  1.93443706007461831e-08  -2.41699438184530844e-09  -5.51469080357899760e-11  6.38812086802168653e-10  -2.38130831564947767e-10  
2.61015721568253860e-02  5.66480743657314101e-02  -2.31862450998698948e-02  8.01433386850028753e-03  -3.01972673270891777e-03  1.01847610580419671e-03  -2.30746317245808768e-04  3.45829356677985594e-05  2.97901051320445311e-07  -1.77295487646504885e-04  -6.76241323578310772e-05  -2.37437489599949609e-05  5.27619778137548704e-06  -2.23200616161263710e-06  5.06543918286508160e-07  -5.53518544921846188e-08  1.27964430713734494e-08  -1.41743911684208212e-09  -3.23483547092058156e-09  2.13381838084534984e-09  -8.95549065984699320e-10  
2.71227257933202952e-02  5.11897207038702409e-02  -2.66487285300882858e-02  1.08081668666080901e-02  -3.94681691329795171e-03  1.19342034438906712e-03  -2.77678043466605430e-04  5.72652307575289245e-05  -2.83675618931510072e-05  -1.78146607374329147e-04  -4.76440001533668075e-05  -2.32992019666543230e-05  7.47652767976296455e-06  -2.89134108093431641e-06  8.64395369075318455e-07  -2.37042835356955352e-07  5.25050006171192335e-08  -5.30227947870473378e-09  -5.65257494160192349e-10  3.52177703035273713e-10  5.51844140822206921e-11  
2.81838293126445497e-02  3.91548391127510553e-02  -2.44330773524311512e-02  1.04743745749585077e-02  -3.61372687041732312e-03  1.03325126157905660e-03  -3.01653545252958920e-04  1.17689558424151447e-04  -8.55003981239945646e-05  -1.63223413509593123e-04  -3.66673810965902929e-05  -1.49189597682673062e-05  2.33866948113994963e-06  -8.44575343827810492e-08  -4.48453982424678283e-09  -1.23923703886616633e-08  1.59101498986988932e-10  -2.35128357884587128e-09  1.46428248518544897e-09  -4.58357304659888919e-10  7.46745841957206480e-11  
2.92864456462523723e-02  2.29815139010642912e-02  -1.79049994501836209e-02  7.80951407396192343e-03  -2.45272746362444746e-03  6.26178000015569923e-04  -2.04212822565964672e-04  1.11709641323992526e-04  -1.25503490065895668e-04  -1.40503780032620330e-04  -3.10634266223684585e-05  -9.37922723248779994e-06  1.18832572679831697e-06  2.32603250806554608e-07  -1.53185762005616030e-07  3.51599118162019935e-08  1.38185437202417528e-08  -1.06011888675830606e-08  3.88749515636969869e-09  -1.22511807502034679e-09  5.22369943615166054e-10  
3.04321988710772214e-02  5.67789784352980709e-03  -9.14447024753042154e-03  4.01865271052734372e-03  -1.03467019325636416e-03  1.69115546592054207e-04  -2.86154615897156075e-05  3.20918727841769703e-05  -1.25299003398217357e-04  -1.33796231366650439e-04  -1.44951473115179976e-05  -1.41813582136974387e-05  5.93052785912036143e-06  -2.19614164310615271e-06  7.39282347894577307e-07  -1.86687261791227270e-07  3.45456321315723861e-08  -6.04175147303757955e-09  8.21327202472177980e-10  9.93326926045136964e-11  -1.47755511589844467e-11  
3.16227766016837913e-02  -9.74522277088676198e-03  -3.98332223472336333e-04  3.10163546172861839e-04  1.51450190443423884e-04  -1.19634392170188915e-04  5.78715231296645551e-05  -4.52856643996012546e-06  -1.46821116055120317e-04  -1.08262017334183013e-04  -1.23839379901349434e-05  -9.87342966989775681e-06  4.10367776183422951e-06  -1.00254818713596798e-06  1.81864074916410051e-07  -5.65312185181513175e-08  1.70269247492717858e-08  -2.09219110945593495e-09  -3.10227845036308668e-10  1.20078506226950460e-10  -1.18976001772859556e-10  
3.28599324760065412e-02  -2.08420332685223218e-02  6.45103486986561142e-03  -2.43276395496766582e-03  8.82346694316701137e-04  -2.16830298803472385e-04  4.05525532449860113e-05  2.17560395921882846e-06  -1.74358690280223904e-04  -7.51534285316409080e-05  -2.19294401660387728e-05  2.45582948448306381e-06  -1.21694235488380059e-06  4.32132787673381496e-07  -1.38889737835634683e-07  4.95871424434820509e-08  -1.55947296721863926e-08  6.01030835152472175e-09  -3.13849188302060519e-09  1.28078723151706635e-09  -4.72529066721120070e-10  
3.41454887383360051e-02  -2.62062907348366708e-02  1.02842480901905436e-02  -3.80413317243141497e-03  1.17713804241797483e-03  -2.61009190092389455e-04  4.24341888917073028e-05  -1.58372999678329158e-05  -1.78302909110793646e-04  -5.39245025201454304e-05  -2.43421126490294732e-05  7.94184719474486618e-06  -3.15023999586989887e-06  7.51405081582297061e-07  -1.02390129074947828e-07  7.87728566019699048e-09  -3.40406863270212869e-09  3.38755483963856137e-09  -1.07502968347595188e-09  1.89813254870107686e-10  -1.30787572220304062e-10  
3.54813389233575305e-02  -2.56833666420265630e-02  1.08817763516377616e-02  -3.83351184017582816e-03  1.11648800506630383e-03  -3.03591128065749385e-04  1.00612492568514424e-04  -6.55050567383339244e-05  -1.71371593899836315e-04  -3.76931683764541027e-05  -1.85095936896031197e-05  4.26493634267522283e-06  -1.12277185364450222e-06  4.70884508758484480e-07  -2.40823953184732964e-07  9.78451840611247887e-08  -3.67449152098902233e-08  1.18617627508876742e-08  -3.35586174000388478e-09  1.02384346950593764e-09  -3.84273529252048004e-10  
3.68694506451957352e-02  -2.03147843533800186e-02  8.83343758464159683e-03  -2.87472009787849469e-03  7.72039546286434680e-04  -2.50497161676461360e-04  1.25958646037533707e-04  -1.19487025476994595e-04  -1.44602761175963022e-04  -3.51949681435244035e-05  -8.95621176807247407e-06  1.32922032605287244e-07  9.04311447119920262e-07  -4.76086314247532349e-07  1.94848397527360870e-07  -6.46488502605484833e-08  1.75320029609019505e-08  -3.60660593836021445e-09  6.65976780768761537e-10  -1.96742444230575148e-10  6.53607679115843171e-11  
3.83118684955728525e-02  -1.20125484258856215e-02  5.25957410408853850e-03  -1.47595993097135165e-03  3.02857281876830109e-04  -8.09733959129230093e-05  5.69810559256896118e-05  -1.24895549745074498e-04  -1.37115025432297481e-04  -1.88234370703274494e-05  -1.30616302278885503e-05  4.79649012212254799e-06  -1.70817837473069077e-06  6.08018219209843902e-07  -1.72844152761249611e-07  3.99580400542804974e-08  -7.49314611789325825e-09  2.64602635815688457e-09  -1.17372309729417487e-09  3.38434904666458155e-10  -5.80435970561165817e-11  
3.98107170553496925e-02  -3.03184769295585096e-03  1.40972375072637179e-03  -1.78479601312560938e-04  -5.30459369314310373e-05  4.56471405624373324e-05  -7.07141235151940927e-07  -1.37075432737048246e-04  -1.18503854241186590e-04  -1.09808148972488855e-05  -1.27747191300210771e-05  5.59547176457579659e-06  -1.72720650760450280e-06  4.70869760527432444e-07  -1.39519689267286439e-07  4.17884430735738069e-08  -1.23330969605083890e-08  3.17831001509834239e-09  -8.63033643425958706e-10  2.11810179001561559e-10  -9.01228674484417022e-11  
4.13682040238850315e-02  4.57867889572728757e-03  -1.70503300511073638e-03  7.02278613599880731e-04  -1.98609315643992506e-04  4.94983312843382995e-05  5.98407900949958808e-07  -1.68206031008207051e-04  -8.44530014315819167e-05  -1.90492887930253417e-05  -1.27089419718582674e-06  2.50011385699704955e-07  2.09151763906832685e-07  -1.74598876829403320e-07  6.54461370133635957e-08  -1.92394820188045740e-08  5.58425766481758325e-09  -1.06133925493680637e-09  -3.94463412193628227e-11  8.77857519036579041e-11  8.40932232346254864e-11  
4.29866234708227227e-02  9.42971391061451190e-03  -3.52453664490128037e-03  1.12585409795032529e-03  -2.46119568787991851e-04  3.46730421701531437e-05  -6.42792258654424947e-06  -1.78242494530602265e-04  -6.01358798911253800e-05  -2.45425059672510811e-05  7.26244871021497612e-06  -2.88415782500701519e-06  5.65749235555214345e-07  -8.21576213472674033e-09  -1.18564003106711169e-08  -1.48991787223181413e-09  2.27979216258218423e-09  -1.21906857877921675e-09  5.79483574549636915e-10  -1.62772566278510257e-10  1.70000490455675078e-11  
4.46683592150963482e-02  1.10200738776501037e-02  -3.95277721048618424e-03  1.17039597833891603e-03  -2.95117628723710261e-04  8.01577630772179619e-05  -4.68516489598440970e-05  -1.76132692705223247e-04  -4.12299924475178380e-05  -2.11836888470039608e-05  5.98733899792443667e-06  -2.09007624149409741e-06  7.97162235002306875e-07  -3.36588789459207768e-07  1.15346090620291123e-07  -3.05345093158355581e-08  6.96594274326361158e-09  -1.73973242301005025e-09  3.86408502547657712e-10  -7.14740111177745525e-11  5.94795834248273443e-11  
4.64158883361278224e-02  9.70411095650589549e-03  -3.25285767601604832e-03  9.04266008978352816e-04  -2.82655407695949249e-04  1.28273919634376311e-04  -1.06619232293677949e-04  -1.52271757078437179e-04  -3.66076374357822488e-05  -1.08262628351235702e-05  4.91885936938449316e-07  8.34301823351305481e-07  -4.52526013329742230e-07  2.07578356657414592e-07  -9.41176166030344720e-08  3.56778940762803821e-08  -1.19860653367687472e-08  3.61303717497292193e-09  -9.83514783763078949e-10  2.78423712243996804e-10  -1.48828753363166348e-10  
4.82317848223930909e-02  6.47557589356288765e-03  -1.92979225698624527e-03  4.49629149431775169e-04  -1.38923726943462970e-04  8.41923976589716927e-05  -1.26181719997135863e-04  -1.38617955315743048e-04  -2.43931445750144714e-05  -1.13157857026119679e-05  3.14148690976750604e-06  -8.44907772141709543e-07  2.94968593473960335e-07  -1.12996628023158096e-07  4.85123502375372448e-08  -1.37579229187286976e-08  2.82787199769386377e-09  -4.79427419948038843e-10  5.67566083970040551e-11  1.10283988580718072e-11  3.46236112119606144e-11  
5.01187233627272480e-02  2.58674305122789635e-03  -5.52560783868426340e-04  3.67020631875338409e-05  1.91690077970123938e-05  1.02379124131644403e-05  -1.29755567615112336e-04  -1.26881106112846178e-04  -1.15327691892464805e-05  -1.42045507238799990e-05  6.27404107828697108e-06  -2.18539436144629282e-06  6.78674685731269195e-07  -1.84736759576843408e-07  4.91573713774977399e-08  -1.69136666006209162e-08  5.44335552598333404e-09  -1.55896989409962641e-09  3.73347472776751440e-10  -6.22130636849490016e-11  1.16249179419745884e-11  
5.20794832859546517e-02  -8.44420759496138530e-04  4.75934081121559300e-04  -1.71115644789623906e-04  5.72515330449648821e-05  -2.64756676770032907e-06  -1.59134526855018120e-04  -9.52100773015376531e-05  -1.57130189622067338e-05  -5.37047833586045794e-06  1.98430324436032751e-06  -2.23228415081734274e-07  -8.47127881153181599e-08  2.92904516229110811e-08  -5.12876591937600171e-09  2.29894515182597325e-10  7.05802172346181828e-10  -4.93064102463461908e-11  -5.16189815592075157e-11  2.64038532040942680e-11  -8.14773119712332160e-11  
5.41169526546463747e-02  -3.10372544729021777e-03  1.03710810383807563e-03  -2.32902329034415925e-04  3.40629502377482355e-05  -3.65901964505540701e-07  -1.77552328535014742e-04  -6.64970502098229365e-05  -2.39343521448175731e-05  5.63685441867109299e-06  -2.34807048268966554e-06  5.06130701223669844e-07  -3.90773803390760653e-08  5.51321577076646482e-09  5.42149482594278484e-10  -3.92604039343564391e-09  2.47706712221177756e-09  -1.01444318319459155e-09  2.99272517347886746e-10  -5.27362813284926424e-11  -3.24766884639500393e-11  
5.62341325190349114e-02  -3.95791738735183380e-03  1.19285090639465559e-03  -2.80421785251305485e-04  6.02618373317542985e-05  -3.07566558589574771e-05  -1.78023469991103490e-04  -4.66389655878809905e-05  -2.30513030203713750e-05  7.31080132407653164e-06  -2.80407582360329121e-06  8.70883594748788442e-07  -2.58842351115250438e-07  6.23538008058287180e-08  -7.59827384932202463e-09  -2.49499103013688001e-10  1.64809014493988756e-10  4.37218773166170826e-11  -1.27625345990464441e-11  3.94638732313295257e-12  -4.98526232223761822e-11  
5.84341413373517526e-02  -3.56848808229333044e-03  1.01678628336358324e-03  -3.00116839161690884e-04  1.19937416512555864e-04  -8.87689355954412231e-05  -1.61666603110404209e-04  -3.66506187903545782e-05  -1.42854477763112907e-05  2.02507653296049925e-06  7.94767536443613572e-08  -8.52149369086589404e-08  2.95199809005004487e-08  -1.94391738832225806e-08  5.69795269059855280e-09  -1.27232630301966661e-09  2.33336709759112358e-10  -7.21005417026262995e-11  4.30620404517740548e-11  -1.73585655125621248e-11  5.12626386374664646e-11  
6.07202195690988364e-02  -2.37943917177595296e-03  6.01090590316586499e-04  -1.95421982810381077e-04  1.08345409000907056e-04  -1.25922086503358775e-04  -1.40114751149296484e-04  -3.01712416402349343e-05  -9.60753420190402365e-06  1.44913315347127739e-06  8.16806894003373893e-08  -8.51377768509422549e-08  7.27303823838253016e-09  2.37236099175230413e-08  -1.26849206321875484e-08  3.69316990333392080e-09  -8.02136348482824361e-10  2.20763165891340935e-10  -6.60801154963646430e-11  1.78497987185270445e-11  -7.20384601724981321e-12  
6.30957344480193028e-02  -9.63299594424280557e-04  1.48520294094745214e-04  -2.08029958710003783e-05  2.84321666733803127e-05  -1.25660570546961116e-04  -1.33005450405324993e-04  -1.39331422975999289e-05  -1.42741815547396303e-05  6.04401018767871127e-06  -2.22819031775514727e-06  7.41303842880678222e-07  -1.86913644423814769e-07  3.58662793574840462e-08  -7.33765805158372773e-09  1.31205611675488960e-09  -1.16274870949842162e-10  1.10590882351539425e-10  -6.76094753083923844e-11  2.46400258565068212e-11  -4.00956645989734243e-11  
6.55641849417978456e-02  2.01805606995525671e-04  -1.28561230302331287e-04  5.86142036323551236e-05  -4.57012929208845527e-06  -1.48586253928825941e-04  -1.06429500171108328e-04  -1.27770805214569658e-05  -9.27887654543695565e-06  3.80790052477386941e-06  -8.76844146719832382e-07  1.34687000028176042e-07  -4.20684825190478716e-08  1.32248887052213793e-08  -1.35692826080481602e-09  -3.05044842169193646e-10  5.01591096092562230e-11  3.49200390041235896e-11  -3.27254332993957124e-12  1.03583993171471007e-11  -5.15553494158228194e-11  
6.81292069057960886e-02  9.08005179807869255e-04  -2.19347025330128348e-04  3.92756453851649803e-05  2.11240051132628486e-06  -1.75044570688474816e-04  -7.37894856267687593e-05  -2.23120792922689644e-05  3.00009862736333486e-06  -1.42299662553461195e-06  4.54876476608599508e-07  -1.27540614198464895e-07  4.46040686417290308e-08  -1.34515295203977652e-08  4.60724388859617903e-09  -2.50421944918923778e-09  1.07523879562972103e-09  -4.10121861117892815e-10  1.37777444652618529e-10  -4.03149908012995522e-11  3.29110472824468005e-12  
7.07945784384137328e-02  1.18223285588345533e-03  -2.63729330597656816e-04  4.44672127796568223e-05  -1.77108035134557887e-05  -1.78314420334368441e-04  -5.28673328700216268e-05  -2.42263664985898365e-05  7.93980516129414169e-06  -3.14422936147375992e-06  7.78441616612421139e-07  -1.23848894553434571e-07  1.34865121906074885e-08  -2.88239218897784304e-09  2.36611095235379341e-09  -5.20684555410590980e-10  -4.11677606943152415e-11  1.60306633762370432e-11  2.27123791616318543e-12  -2.18692749096240519e-12  4.78295904965804069e-12  
7.35642254459640682e-02  1.10456485397003915e-03  -3.04079371161225683e-04  1.03797825135958091e-04  -6.88066918418888231e-05  -1.70217899552270495e-04  -3.73662938002697516e-05  -1.79623082672541696e-05  3.95002135429287990e-06  -9.48782165659582248e-07  3.97243358899160500e-07  -2.09109368284006529e-07  8.61606811019062500e-08  -3.37495879910840936e-08  1.12758441083694609e-08  -3.22574323124733768e-09  9.71602478373290719e-10  -3.44116773351040991e-10  1.08297951984038229e-10  -3.60935459278221002e-11  3.90868809365854974e-11  
7.64422274252599399e-02  7.48488346825349209e-04  -2.43698764453731420e-04  1.24396439173960524e-04  -1.20974330044855877e-04  -1.43658905608555959e-04  -3.46971576211962769e-05  -8.87672285724084733e-06  2.22204975398411726e-07  8.36313221090250765e-07  -4.42010216312356914e-07  1.74793059403448964e-07  -5.21190405370984943e-08  1.18656419479845870e-08  -1.40241820788017338e-09  -1.94443304147415059e-10  1.30709263157221910e-10  -5.85287562090000382e-11  2.40562301867965888e-11  -5.54832725299006897e-12  -3.85846461693325868e-12  
7.94328234724282212e-02  2.79456443349909277e-04  -7.16830717027589084e-05  5.25396424832877016e-05  -1.24769509424158887e-04  -1.36729115129318769e-04  -1.79910932269582350e-05  -1.33104330867666966e-05  5.03679054496545345e-06  -1.82518079621605494e-06  6.45992101904267997e-07  -1.78444541273803145e-07  3.84117900982102403e-08  -6.60768546409546468e-09  2.08379500088676516e-09  -7.58106571020887084e-10  1.22968129791087222e-10  5.95685437414519821e-12  -1.14627267565025416e-11  1.12616091737391353e-11  -2.80663816263514878e-11  
8.25404185268018981e-02  -6.57648957459417241e-05  4.86790391751839227e-05  -1.82448696543184207e-06  -1.38558602319166681e-04  -1.16911178039042784e-04  -1.10835021556017840e-05  -1.23871519620514206e-05  5.39424177209667555e-06  -1.61823357285233944e-06  4.25802045384603431e-07  -1.27793247851861863e-07  3.84124433600844186e-08  -1.04713402552756736e-08  2.34593512697832523e-09  -5.53899849541862889e-10  8.19901281466563331e-11  3.19171369911094609e-12  -1.07760105820423271e-11  2.91311480827707358e-12  -1.95402562095558461e-12  
8.57695898590894595e-02  -2.02131435867460891e-04  4.79495920118935053e-05  1.05424628364330762e-06  -1.69468392277521621e-04  -8.27768088608574112e-05  -1.95847374666644203e-05  -6.07601496666169114e-07  -1.75146383607249671e-08  2.58482640168076235e-07  -1.75206500626511176e-07  6.59939059103373191e-08  -2.02293888310945599e-08  6.54026558547971582e-09  -1.71345986770533629e-09  1.49261662347028401e-10  9.45076896328697303e-11  -4.44351643364240718e-11  6.30643078422274461e-12  7.58390651957313312e-12  -2.84170401513253852e-11  
8.91250938133745924e-02  -2.48443939925340460e-04  3.54442752706420161e-05  -7.77222547793049521e-06  -1.78266209485988049e-04  -5.91084943449542713e-05  -2.45656147435192148e-05  7.45016355519013887e-06  -2.95629291453729660e-06  5.94241888922211329e-07  -1.80711583581124781e-08  -1.02764250944222834e-08  -2.43427736603966071e-09  3.36908158135595925e-09  -1.73295175633202751e-09  7.28408783317692825e-10  -2.12299091751617565e-10  6.27283309284626149e-11  -2.38330119424928565e-11  3.20055127957495185e-12  1.80178581657049859e-11  
9.26118728128793728e-02  -2.97085592041064386e-04  8.36349591095334041e-05  -4.98031506653765616e-05  -1.75571360890480928e-04  -4.04788811630086152e-05  -2.08020099843423748e-05  5.72285363211564056e-06  -1.94266590581737021e-06  7.60274172620905178e-07  -3.34159357557654642e-07  1.19317516438271498e-07  -3.42137567564211605e-08  8.49410505910063057e-09  -2.06939406815434970e-09  3.85995309575315501e-10  -1.70543739943989663e-11  -1.23395547022559826e-11  5.98392795499574596e-12  -6.24188194696674967e-12  1.91607103085505802e-11  
9.62350626398088688e-02  -2.78321420119940946e-04  1.28682986664456869e-04  -1.09177117666907212e-04  -1.50808586534997082e-04  -3.65194488877274248e-05  -1.03707334145487333e-05  3.33992949776272336e-07  8.99827210511817510e-07  -4.82203517974462982e-07  2.18685308242683391e-07  -9.60508103588041391e-08  3.57770058443550542e-08  -1.18871373599618593e-08  3.68955250846233716e-09  -1.08964671065321634e-09  3.04235405158375804e-10  -8.49984799430683819e-11  2.43073718877044638e-11  -7.92478942019983523e-12  3.31598993024717725e-12  
1.00000000000000006e-01  -1.29171557479435743e-04  7.97204927974470981e-05  -1.25983702373649262e-04  -1.38419657536479452e-04  -2.34215876997346231e-05  -1.16199857979697153e-05  3.42915579624468101e-06  -9.98409058010179724e-07  3.53171333502110805e-07  -1.25901643970790086e-07  4.79075276525520511e-08  -1.27989150637984012e-08  3.05117754323885754e-09  -8.90060045660438495e-10  2.71624223082584423e-10  -6.25923783859915834e-11  1.28837685327910657e-11  -5.00788269350593406e-12  -2.15101795930619213e-12  1.72332280978879177e-11  
1.03912230383516907e-01  2.45531804719505656e-05  7.90334597767307739e-06  -1.30767058891065395e-04  -1.25635258803463143e-04  -1.13025442004857607e-05  -1.40733167694733980e-05  6.22915110128215681e-06  -2.13758978943761004e-06  6.53566693566430377e-07  -1.80340386785563432e-07  4.96402646022166337e-08  -1.73648706461842684e-08  5.66978696747381033e-09  -1.67932140985098157e-09  4.34812985382322704e-10  -9.90380226288032727e-11  1.89793098178671377e-11  2.88139373862079443e-13  -5.89169065329057242e-12  1.90257128310904894e-11  
1.07977516232770937e-01  5.62649387138217032e-05  -2.11372006120374066e-06  -1.60793665938572681e-04  -9.33563428978181231e-05  -1.62633144822594610e-05  -4.68665203258183880e-06  1.68427328784321864e-06  -1.34749325586169854e-07  -1.09775519134727319e-07  3.83862537792413817e-08  -7.68196344875558915e-09  5.79354696141716865e-10  7.60259560116981974e-10  -5.64057914564456702e-11  -9.01863155684725991e-11  3.95778901708883647e-11  -1.70572520600288595e-11  8.21319629368664421e-12  -3.18421864910672205e-12  1.90082350466701923e-12  
1.12201845430196304e-01  3.37091806108631034e-05  -1.13030576983944339e-06  -1.77759216394587027e-04  -6.53955961918782619e-05  -2.40967209457915719e-05  5.96923159082123739e-06  -2.45296774778235188e-06  5.05665615279729113e-07  -2.43850112333700540e-08  -9.85500797091264876e-10  1.82654013647725592e-09  -4.00793740860172475e-09  2.42502967682961986e-09  -9.12095523049996053e-10  2.31512896219904081e-10  -2.97197766024025805e-11  -2.38382890335079852e-12  2.11089934746348160e-12  5.71482404984423639e-13  -4.40596993274153490e-12  
1.16591440117983114e-01  6.33742523084537590e-05  -3.32316273542562388e-05  -1.77855645486200281e-04  -4.56561667236412926e-05  -2.27849880808478109e-05  7.12641975536908598e-06  -2.70688039332027819e-06  8.73167107544446273e-07  -2.79384982449349256e-07  7.25412319719975097e-08  -1.05417309742073402e-08  4.14319689976618847e-10  -1.52150156494760453e-10  2.13363036411450851e-10  -7.59452270217612327e-11  1.02518831126389158e-11  -2.40737413152496186e-12  2.73895843153236139e-12  -2.47832598026065675e-12  4.75292424929111221e-12  
1.21152765862858766e-01  1.21967267325715458e-04  -9.19782637513194155e-05  -1.60086393640069879e-04  -3.66529756290152873e-05  -1.36570644943613724e-05  1.72129205008944954e-06  2.36633595296699111e-07  -1.63169753907308264e-07  6.98545753128961075e-08  -3.81193567764060164e-08  1.34165816673125661e-08  -3.94753272826477885e-09  9.25575103730084131e-10  -1.67839022934815813e-10  3.47951695816888405e-11  -2.42515836090897868e-12  8.52886862267064062e-13  -3.30507871015364419e-13  5.72410542502122812e-13  -3.02403606018745126e-12  
1.25892541179416617e-01  1.04755934546024682e-04  -1.26210453710315303e-04  -1.39782164863196606e-04  -2.92454849253297178e-05  -9.86092242151540665e-06  1.72049036055145832e-06  -7.21152269867952035e-08  -1.75950733845901314e-08  -1.86536237115485964e-08  3.18102381384712204e-08  -1.39017921002108526e-08  3.26978310410674082e-09  -3.76267463150821417e-10  4.96029672900304047e-11  -3.97946411634465620e-11  2.55685325682454295e-11  -9.63080533487312638e-12  2.78091099309393842e-12  -9.41307658950625767e-13  8.25293353793287847e-13  
1.30817747426019287e-01  2.49368186871741275e-05  -1.26111147979877659e-04  -1.32148202226549291e-04  -1.34165760026183861e-05  -1.43391690091845545e-05  6.13674532865791181e-06  -2.24868845214193837e-06  7.39859539223388930e-07  -1.87618968348210451e-07  3.80678565315125930e-08  -9.09416278091456845e-09  2.03129443484293446e-09  -3.84912467079935091e-10  1.95879560732764645e-10  -8.13890272805293383e-11  1.76356469207310179e-11  -1.77457934540198260e-12  3.91347021945645830e-14  1.04303161706934971e-12  -4.07937012520084443e-12  
1.35935639087852417e-01  -4.48161266458385620e-06  -1.50365972491348614e-04  -1.04576554317128883e-04  -1.32044098884595395e-05  -8.66273914218483358e-06  3.50635237736548576e-06  -7.54316983818533050e-07  8.99720834425853722e-08  -2.82283909631777923e-08  9.73259610686646977e-09  -9.10205057637160566e-10  -1.74470227095469207e-10  -3.15343754266686024e-12  5.16736488801020320e-11  5.50752434980623338e-12  -1.23829021237447026e-11  4.84672205804517978e-12  -1.49434288745416733e-12  8.60914680512459321e-13  -1.78444213285985123e-12  
1.41253754462275533e-01  1.94955507327892617e-06  -1.75643918587687319e-04  -7.24735307890000556e-05  -2.26634308567312163e-05  3.51705138541621918e-06  -1.61573388484080253e-06  4.73956323316439008e-07  -1.15526825009119739e-07  3.94999371543931549e-08  -1.12848569008801389e-08  3.01785919059945538e-09  -1.62279893842707145e-09  6.96858811387791503e-10  -2.51953917318000487e-10  7.60927647267124429e-11  -2.31843725427641632e-11  6.52168446956772911e-12  -2.01425917845886812e-12  2.43406032560916724e-12  -8.05579734285314956e-12  
1.46779926762207052e-01  -1.96702720927470351e-05  -1.78319400134052545e-04  -5.18091008023511445e-05  -2.40861534991307504e-05  7.90437204219976604e-06  -3.12196543920204406e-06  8.02443842179432963e-07  -1.46174180212882104e-07  1.99072778599799515e-08  -2.54828814613757104e-09  1.37867143546257619e-09  -5.62563044442079705e-11  -1.96029182409723366e-10  5.60886625080684979e-11  -7.31509796634855699e-12  2.66510727107721891e-12  -1.41906067308159549e-12  4.50976536160385222e-13  4.15872094741172118e-14  -2.57032738583318353e-13  
1.52522295653901990e-01  -7.21411312449301927e-05  -1.68965860757894681e-04  -3.71139260173660677e-05  -1.73877109515705656e-05  3.62965203708370944e-06  -7.73640053759387607e-07  3.20227180599790585e-07  -1.74190426610890918e-07  7.24569058526332224e-08  -2.97001110769813787e-08  1.02846652268139743e-08  -2.94269564830738999e-09  8.19897360979614860e-10  -2.48680217906600217e-10  6.18924699015013068e-11  -1.14134783339614338e-11  1.45297574295151050e-12  2.94193539277398792e-13  -1.06650458492119151e-12  3.36364992468296977e-12  
1.58489319246111426e-01  -1.22250964726378769e-04  -1.42831931514891673e-04  -3.41115774654653916e-05  -8.86680972117382341e-06  3.52861658212908220e-07  7.46572407884417319e-07  -3.97547011451604529e-07  1.50604930199460326e-07  -3.86114083488609535e-08  6.34510242173035758e-09  4.72280482887097547e-10  -8.59908259254342881e-10  3.73458890940345681e-10  -1.30937621166150424e-10  5.03302950475567505e-11  -1.95542241590006817e-11  6.80515467898388582e-12  -1.84459940294208322e-12  -8.68888790110197153e-13  5.41658263903957481e-12  
1.64689786548286893e-01  -1.24711117193153462e-04  -1.36280532117171984e-04  -1.72002189032766000e-05  -1.35373085171571418e-05  5.25906820537269528e-06  -1.92933953655394658e-06  6.77901178206782805e-07  -1.82601754565685730e-07  3.69848818176132250e-08  -5.88340585655078239e-09  1.52803833234139039e-09  -3.57244130211362991e-10  -6.07242288001866033e-11  7.06176986088228186e-11  -3.02616358708773019e-11  1.14015053214898377e-11  -4.00260887221403490e-12  7.52666488387748626e-13  1.23118050779745873e-12  -5.49723140013957864e-12  
1.71132830416178106e-01  -1.40105881376687686e-04  -1.15268310456031361e-04  -1.12409111029156427e-05  -1.19587588878875366e-05  5.17150275083864603e-06  -1.50283222222654429e-06  3.78688779839729064e-07  -1.14803402605770556e-07  3.43949971060542891e-08  -8.42561369277493114e-09  1.48792173975092792e-09  -2.60212339286692126e-10  -4.73071860671574274e-12  2.25691195997947090e-11  -1.10485153579892844e-11  2.24331009885475200e-12  -1.19573484465431285e-13  4.23012342802594837e-14  2.35449594058040100e-13  -1.19244265231710499e-12  
1.77827941003892293e-01  -1.70642895988027299e-04  -8.11459303854991215e-05  -2.01033181310599040e-05  4.26510681085907002e-08  -2.76948111994202465e-07  3.02320953314001082e-07  -1.72461161696586581e-07  6.49305636349840761e-08  -2.05205535753712917e-08  7.23804046542127426e-09  -2.37297511414837213e-09  4.43539773159668495e-10  -4.48355145406900518e-13  -2.43230939568973976e-11  8.81101487650298720e-12  -3.25950065712805926e-12  1.74274198746696229e-12  -5.90695438768142892e-13  -6.32635852358482612e-16  5.47178138310078645e-13  
1.84784979742229072e-01  -1.78277796218392014e-04  -5.80818061507278594e-05  -2.45668225476303989e-05  7.61100651041879316e-06  -3.02023999673648936e-06  6.25633554249227321e-07  -3.10091359416184066e-08  -7.89879060154327042e-09  -3.15594974848265749e-09  4.11378985619633849e-09  -2.00576025523058105e-09  7.59959676985508952e-10  -2.13140657928689359e-10  6.23642047995393274e-11  -2.11833937707003346e-11  5.23085273583785653e-12  -1.09202170654011886e-12  2.68030173090429948e-13  8.31361662323826033e-14  -7.58401931000005444e-13  
1.92014193863880106e-01  -1.74924671254140564e-04  -3.97851039280509045e-05  -2.03967031415112659e-05  5.44814709312925726e-06  -1.78848164869682460e-06  7.15718433171946457e-07  -3.26038651288387670e-07  1.20653430992637501e-07  -3.71054808553698438e-08  9.91295978879477774e-09  -2.46324939827328070e-09  4.82940600156966180e-10  -3.62271599850905696e-11  -2.12536585923506018e-11  1.36980634948278273e-11  -5.30100940434316179e-12  1.59586052415664022e-12  -2.70009449350208546e-13  -8.13576505660651843e-13  3.67003977928703301e-12  
1.99526231496887890e-01  -1.49404713513566652e-04  -3.63839181632550685e-05  -9.96575557101554584e-06  2.12298237628918045e-07  9.44844741412758124e-07  -5.01962963689741077e-07  2.24463935438630711e-07  -9.49837816715598401e-08  3.43620913799408830e-08  -1.11096279501373728e-08  3.48836626144167190e-09  -1.09729276890522044e-09  3.15625302239549297e-10  -8.30266090291822700e-11  2.05074209774373140e-11  -6.03072034640557205e-12  1.97073207414099193e-12  -7.13684325925840598e-13  3.83872597315018125e-13  -6.48431653165300760e-13  
2.07332157348595392e-01  -1.38212248939936614e-04  -2.24609149703506634e-05  -1.19228614473823357e-05  3.71515141993455440e-06  -1.15031077947751763e-06  4.09965736994217258e-07  -1.37590168248865801e-07  4.66449606929902242e-08  -1.16857083004750358e-08  3.23170202004459808e-09  -1.26688222246157374e-09  4.80645402359215961e-10  -1.54860688096441536e-10  4.62008157057648690e-11  -1.49044225166057076e-11  4.92648139131856724e-12  -1.62104318095055329e-12  4.99988818667100688e-13  -4.00438765865970932e-13  1.16424004929502838e-12  
2.15443469003188226e-01  -1.24327208760884777e-04  -1.11259669368350790e-05  -1.39009331557140880e-05  6.15678474381631477e-06  -2.07727540417319635e-06  6.23912305650071770e-07  -1.74373519187385207e-07  4.92456313007757627e-08  -1.72008642849935749e-08  5.61142965941564163e-09  -1.71525064858896186e-09  4.87839384736255006e-10  -1.46174292794384343e-10  4.42529795923341135e-11  -1.26738099941952670e-11  3.87035990917033230e-12  -1.10452266447452207e-12  6.31901200797427909e-14  1.12800729114823910e-12  -4.65675344460825249e-12  
2.23872113856833782e-01  -9.15209853133441847e-05  -1.68213503932780254e-05  -3.99935284794512438e-06  1.38716607413243085e-06  -5.23444992661490338e-08  -1.31270578760108827e-07  4.65541910214738329e-08  -1.02350522205711915e-08  1.14000401171018999e-09  7.22069078201364420e-10  -1.02250137139474559e-10  -9.04948576038112494e-11  5.15449120377534173e-11  -2.10455634817273596e-11  8.52135443505879813e-12  -2.78460094024284913e-12  5.59854182304448458e-13  2.25673543015812343e-13  -1.12006852159271951e-12  4.16794460203717494e-12  
2.32630506715362395e-01  -6.43155789917564726e-05  -2.42327999498513190e-05  6.27534591644148203e-06  -2.54917160698592370e-06  5.07192753313037078e-07  -1.24166176063992977e-08  -6.25280729236089151e-09  2.30023933418498219e-09  -3.45852785037242875e-09  2.02524268839102836e-09  -6.87764596513694724e-10  1.52724256967265683e-10  -1.55964030153119025e-11  -2.73425001834557795e-12  3.37903735197346856e-12  -1.68389485262068587e-12  4.74080857347732110e-13  7.83466014790369728e-14  -6.94300125616387337e-13  2.67335952047928625e-12  
2.41731548080410114e-01  -4.46994824368627638e-05  -2.25012500976519525e-05  6.92570541668175203e-06  -2.60047230626494560e-06  8.70598719439492242e-07  -2.97910510613009228e-07  8.26970096753502170e-08  -1.40272209631618768e-08  1.36251356338546912e-09  -4.87166910617008362e-10  3.48249797071925699e-10  -1.36549421472505836e-10  3.46545459273190954e-11  -6.43116462267665088e-12  2.18441039151854459e-12  -9.09203191781061977e-13  2.58224540282398926e-13  -1.29500535096786078e-13  2.69534387902058722e-13  -9.38763677287171793e-13  
2.51188643150958235e-01  -3.66649130936578805e-05  -1.30399191320154488e-05  1.43078213248756943e-06  3.84924028279586764e-07  -2.36773099838585343e-07  1.07379550956269051e-07  -5.50998971119088753e-08  2.04289366875993766e-08  -6.42915668634897335e-09  1.61069557835389982e-09  -2.84251984030066757e-10  4.30442870792990399e-11  -7.32398496184305350e-12  4.62643312308672992e-12  -2.45623362877578869e-12  1.05532036123537796e-12  -3.65191665628062885e-13  9.60006795339475644e-14  4.58329403635520572e-14  -3.01556289757162288e-13  
2.61015721568253867e-01  -2.82950186390785137e-05  -1.01327595436546719e-05  1.99853528265873402e-06  -2.26882498327771958e-07  4.85485182508997140e-08  -4.23437333601593781e-08  3.82353438744532547e-08  -1.45456421594205177e-08  2.84798866712158877e-09  -4.71152266171365830e-11  -8.82875942146927054e-11  -5.78781370895872456e-12  2.18054775735711888e-11  -9.80068333915827428e-12  3.04485673097863502e-12  -8.76661721518099139e-13  2.81904265096286518e-13  -2.59846442343282499e-13  8.14246869164857834e-13  -2.99643508533188984e-12  
2.71227257933202959e-01  -1.29458716147159586e-05  -1.43752797109911350e-05  6.20856321336277787e-06  -2.25816165545439862e-06  7.35112875530281241e-07  -1.88442920862642748e-07  4.06717061369916452e-08  -1.09841438878005026e-08  2.82583390874898589e-09  -6.60304636649343810e-10  2.50888668510489066e-10  -8.46906913296531733e-11  2.36978571219960509e-11  -6.30724878966561288e-12  1.87492984542033138e-12  -7.09609772287401044e-13  2.65330038165677599e-13  -1.31629325117247328e-13  2.24043840871161577e-13  -7.56689423884179550e-13  
2.81838293126445483e-01  -1.36618290287829465e-05  -8.02839954384510320e-06  3.20135441445920873e-06  -6.36180609990608111e-07  4.82288850134434793e-08  -1.51580977020333809e-08  6.52753253308480383e-09  -6.92143761603442726e-10  5.86615557072142014e-11  -6.81588123335320568e-11  7.56373258604641991e-11  -9.59523545716031652e-12  -6.76111958638180442e-12  2.82954625937699743e-12  -3.07768172833854816e-13  -1.84985974590467040e-13  8.98038785864255675e-14  -1.12384484705477989e-13  3.53132741223419177e-13  -1.28669724702605506e-12  
2.92864456462523737e-01  -2.29827927825975393e-05  4.00479468480493367e-06  -1.79399635341506955e-06  4.88959973181638976e-07  -1.02494475607955655e-07  3.39421506143171519e-08  -9.00217385371577320e-09  1.30983465251753893e-09  -5.73126003508434489e-10  2.02120437004062267e-10  -3.86770242059339582e-11  -7.69805659387907922e-12  4.36172183216869975e-12  -1.23155916436870882e-12  6.41808669311705020e-13  -2.46490031111858223e-13  7.43565786034090171e-14  -1.05075793731530015e-13  3.41982348748043833e-13  -1.25804923190255749e-12  
3.04321988710772207e-01  -2.39222241763059050e-05  7.83769700680497086e-06  -3.08429884917416333e-06  8.23105193819029293e-07  -1.68941227235462249e-07  2.70548724593609743e-08  -2.52912088401408980e-09  5.43499862853024651e-10  2.64915678697471714e-10  -2.75670793220019317e-10  7.97566772823930817e-11  -1.48947603615914108e-11  4.44511137276609800e-12  -2.18069076254728471e-12  8.84685862940072480e-13  -3.20223960548985057e-13  1.02675625684897314e-13  -1.54800650047066499e-13  5.40304901562910139e-13  -2.00545081488679711e-12  
3.16227766016837941e-01  -1.67909863802359164e-05  3.30619431003416730e-06  -5.98617988221024039e-07  2.40709260938352951e-07  -1.36442622530771920e-07  5.66927648320055581e-08  -2.44174615588913382e-08  8.76377305340421338e-09  -2.48723296558484665e-09  6.09225667506657934e-10  -1.36724098422383825e-10  2.18293434997717720e-11  -2.85983533171496354e-12  1.66525564821784505e-12  -1.03803614336320207e-12  4.43649290952940083e-13  -1.63028988169663274e-13  4.58611776519481526e-14  7.52144146422680975e-15  -7.89767804953025957e-14  
3.28599324760065425e-01  -8.91966667103928648e-06  5.20054897136145065e-07  6.38059672506373672e-07  -3.44465029116161126e-07  1.23374001357895727e-07  -2.46961938655442967e-08  1.19123885910491096e-09  1.92075782929126994e-09  -1.26299439964253695e-09  4.98771151899710108e-10  -1.51148828513159159e-10  4.86216760020059911e-11  -1.74603790016289410e-11  4.96682594281758815e-12  -1.24411416578821905e-12  3.76181035524179558e-13  -1.30343997449416515e-13  9.85038920717998884e-14  -2.83153543467804472e-13  1.04033440033935144e-12  
3.41454887383360051e-01  -1.37388813908768141e-05  5.46044229951148474e-06  -2.01882004721230206e-06  7.03080408651362795e-07  -1.85255292330031645e-07  3.57244874708040426e-08  -5.38841074081555417e-09  1.07966827657347674e-09  -6.68676289143690147e-11  -1.45143687791619722e-10  7.94305510592499444e-11  -2.53343374526596500e-11  7.01661787735988775e-12  -1.89338448026673561e-12  3.00254388468972028e-13  -5.69110069152407035e-14  1.68005156664025563e-14  4.22700687728351073e-15  -4.41157825884012088e-14  1.78485883382989440e-13  
3.54813389233575305e-01  -1.14903072981122987e-05  4.92864076414222592e-06  -1.38211050615951522e-06  3.30080014842614982e-07  -1.00842779580101199e-07  2.99751906968935679e-08  -6.38448158556983334e-09  7.25418646617407785e-10  -4.18376813471873422e-11  -4.26027056861251776e-11  1.77678800969248378e-11  -3.42283180828180509e-12  1.47967285978831346e-12  -6.15965658492083518e-13  3.45257152313105588e-14  1.00410900432609263e-13  -6.62105995578640948e-14  9.91379144904095349e-14  -3.18696092044968017e-13  1.16924534837984180e-12  
3.68694506451957338e-01  6.77067722218061812e-07  -5.27591518648618632e-07  3.41210324906868182e-07  -1.66893279769438261e-07  6.24731200597758478e-08  -2.01656777219733795e-08  7.64677129264892081e-09  -2.98606624249910910e-09  8.02314432518198532e-10  -1.53828730317754095e-10  2.27381380899590856e-11  -5.44374296941783413e-13  -1.20847060175984204e-12  5.50538847677789120e-13  -1.56110855521783634e-13  7.24850370324662516e-14  -8.57278469762131969e-15  -6.00968158050956783e-14  2.36787201421337462e-13  -8.81712442410286873e-13  
3.83118684955728483e-01  7.74268283434791602e-06  -3.07364608595379032e-06  6.58309038025837232e-07  -4.63575260726877403e-08  -4.81302941498665329e-09  -3.69046805518154639e-09  4.55621564176071414e-09  -2.09622243280235835e-09  7.23218886699737982e-10  -1.95310929629569809e-10  5.08363148170438120e-11  -1.18069748420543253e-11  1.50035471399934388e-12  -4.19026727954551935e-13  1.88166349697697226e-13  -2.82249977792660199e-14  -7.87650672590997991e-15  2.46428071440664256e-14  -8.82141805510759908e-14  3.30471382429666176e-13  
3.98107170553496925e-01  5.16414356036486100e-06  -1.62827085490436065e-06  6.63699244746551233e-07  -3.12169673418558420e-07  1.19083845785977426e-07  -3.89271579381268099e-08  1.10760366131884034e-08  -2.86085004747196701e-09  6.47235647367956465e-10  -1.16124497298082134e-10  6.67755106183296867e-12  4.77162003562638526e-12  -2.34512302675719954e-12  4.32247342286314743e-13  4.41814502185932417e-14  -4.64334868380241189e-14  1.36174235860768824e-14  -3.79692308095551765e-15  1.04787125879159460e-14  -4.20478000808069730e-14  
4.13682040238850302e-01  1.29029371350365603e-07  9.68725249046288382e-07  -5.11679324088923606e-07  2.25000955528199595e-07  -9.10812537382788912e-08  3.15975282255568911e-08  -9.76489770279347221e-09  3.04592704392095490e-09  -1.00681778914331233e-09  2.98060726551225633e-10  -7.65798967788123121e-11  1.61926915245823415e-11  -3.09581130963581914e-12  7.85646532894763634e-13  -1.91091156197129338e-13  1.68516334421030983e-14  -1.18970039232879201e-14  6.56601402945734806e-14  -2.52027454868464977e-13  9.42126725340696300e-13  
4.29866234708227213e-01  3.99759206643777995e-06  -1.29922875967790505e-06  4.64739016249332719e-07  -1.48157100719425171e-07  4.50075059141921046e-08  -1.05156336149112279e-08  3.30313578758702926e-09  -1.51276558965741771e-09  6.10252114530447977e-10  -2.13091790789452643e-10  6.48083173930456325e-11  -1.62306067035786965e-11  3.36073101289365814e-12  -9.18445213964645102e-13  3.39598444698884909e-13  -1.14873899663932303e-13  2.58940636673055536e-14  3.33574358204793437e-15  -3.20404597041962202e-14  1.25426402713875933e-13  
4.46683592150963482e-01  6.05592274520990465e-06  -2.00475693152152115e-06  5.90200738915165744e-07  -1.67152308975846640e-07  4.81458669752179670e-08  -1.64758888616837739e-08  5.25283710395052458e-09  -1.63332567813732716e-09  4.98933441993746475e-10  -1.73861373905521149e-10  6.02769201498798828e-11  -2.02834448483021761e-11  6.69223396193358234e-12  -1.96672193497369532e-12  4.89684871625174466e-13  -1.11797218339109262e-13  1.60702947510036206e-14  5.56942240876088195e-14  -2.44651427050531248e-13  9.23144396864290128e-13  
4.64158883361278196e-01  1.09420630068282103e-06  2.34322202025243418e-08  -1.48739065296142296e-07  5.36093248488121577e-08  -1.28515062807516722e-08  2.01863846112791012e-09  5.22744346472638346e-10  -1.68731390627020982e-10  -3.92684685896366340e-11  3.34168462437334020e-11  -9.31112586612210734e-12  1.02474956915065471e-12  1.77900289751618332e-16  3.19485868624078852e-14  -5.24964754088518152e-14  3.25688507826559327e-14  -1.06275354740381647e-15  -5.07930283859335763e-14  2.06353692179719141e-13  -7.74503767691477747e-13  
4.82317848223930923e-01  -2.63885033895126321e-06  5.12613262580805737e-07  -4.18157228925631762e-09  -9.97792619720341125e-09  1.93736798705395390e-09  -2.31265731659357202e-09  1.32758017058669048e-09  -3.78825408955600155e-10  7.39325622197910161e-11  -1.71672937335169535e-11  9.11872310147508549e-12  -3.14309499762780650e-12  6.85087520966838532e-13  -5.24536501321897176e-14  -2.92149231732799050e-14  9.33615004328660284e-15  -7.34520609256794105e-15  2.59634982083824915e-14  -9.61917759201090147e-14  3.58279187911541741e-13  
5.01187233627272466e-01  -2.48543955331467504e-06  8.62503964654711238e-07  -3.13672024484751727e-07  9.24595559458415864e-08  -1.79279966738095005e-08  2.53373861360511470e-09  -7.97244017882490888e-10  4.11158561316872673e-10  -1.63084068106197004e-10  5.27124185625325360e-11  -1.00818292732429691e-11  6.31186381473362788e-13  3.80437699185478853e-13  -2.33328034718932099e-13  7.57223727107621676e-14  -1.74114132810576570e-14  3.35163888147125356e-15  -6.68383638515319602e-15  2.60198415006096121e-14  -9.75923833508012166e-14  
5.20794832859546530e-01  5.21711958226647263e-07  -3.04152925346742363e-07  1.40774365522997569e-07  -6.96126196827311577e-08  2.63798811228062683e-08  -8.57778567953394225e-09  2.25150671357297051e-09  -4.25305979830851577e-10  7.01553910395076342e-11  -1.62522686010440859e-11  5.56097756550381976e-12  -1.70985340696665121e-12  6.25808742451434600e-13  -1.70327971010329847e-13  4.13207741868481176e-14  -2.15806176962240136e-15  -5.88360797164041233e-15  1.59273560571705019e-14  -5.35222091009809692e-14  1.97741500975262079e-13  
5.41169526546463775e-01  -3.81713061803077848e-07  1.12734079466838150e-07  -6.35235639141591270e-08  4.30781595109465375e-08  -1.48386124581911753e-08  2.58770856538100525e-09  1.22531721592548551e-10  -1.84629850067691127e-10  4.41377691166587555e-11  -1.23990043515943818e-12  -9.91932659439163665e-13  3.00843530341229538e-13  -2.37126442393434850e-15  -5.11065856712306297e-14  -8.30568595728876180e-16  7.85836269871155079e-15  -2.52444146459010727e-15  -3.13576516909490217e-15  1.52811334130856910e-14  -5.77267994728185378e-14  
5.62341325190349073e-01  -2.25689801150376017e-06  7.26997190921825595e-07  -1.88960739066046918e-07  4.32925288540113384e-08  -1.27813067592011086e-08  3.58441693820183046e-09  -9.05464865060120266e-10  2.72232775275465470e-10  -7.13789914568309748e-11  2.43522200893533332e-11  -9.02701717984624242e-12  2.26040280716106326e-12  -5.04944452286553407e-13  1.65195969188095596e-13  -5.13959572074421291e-14  1.98255274292622429e-14  -1.69255270753180798e-14  3.94806646304742076e-14  -1.40013020814559532e-13  5.20328682458737977e-13  
5.84341413373517526e-01  -5.23574220751329161e-07  9.86150145457061456e-09  -2.89824698441846236e-09  3.47256768868654387e-09  -5.24839328875832320e-10  2.86465733593185932e-10  -9.97901777327176891e-11  8.26203218630660526e-11  -3.14120469035285783e-11  6.97075982315425105e-12  -1.33732206969192081e-12  -2.74575071331932329e-14  3.93566400143718858e-14  -2.58259575481944482e-14  1.90567646416688621e-14  -7.94436139249657213e-15  -6.67603071423492838e-15  3.43780575906997437e-14  -1.29970223762706864e-13  4.85157079818771811e-13  
6.07202195690988322e-01  4.99324556101519185e-07  -8.79785180982224386e-08  2.75424552958870369e-08  -6.49327991796730890e-09  -4.18890594018416977e-10  4.97915673425389470e-10  -2.89804205344057802e-10  1.54671051151453655e-10  -7.61522446076240204e-11  2.60805699510091795e-11  -6.48079554975948135e-12  1.39409022878971313e-12  -3.15841250388796607e-13  5.42194209515028873e-14  -4.18755122917850841e-15  -4.99268279715466154e-15  3.17502960047453525e-16  9.91509754831006211e-15  -4.05137965288740040e-14  1.51946123464504345e-13  
6.30957344480193028e-01  8.40347584738020497e-07  -1.91814051286209970e-07  3.48351241127372005e-08  -2.87047748778384291e-09  -1.22010732762911351e-10  4.55164120446631475e-10  -2.85758298516761433e-10  8.68438482049283024e-11  -2.02356649839211383e-11  3.94355364713473297e-12  -7.44280305714487805e-13  -2.27382766314362938e-14  -1.09301368855261617e-13  8.05883452566159999e-14  -3.24700576255888067e-14  9.80084176612270585e-15  5.43333543912128240e-15  -3.45359890184411887e-14  1.32917739340507316e-13  -4.97324696592740702e-13  
6.55641849417978539e-01  1.59543683154904066e-07  -9.63502901190826074e-08  3.89776945247727394e-08  -1.78554242763301288e-08  6.67295870869140722e-09  -1.87022412452428207e-09  3.79705907465683268e-10  -3.90108378310668764e-11  -4.85592673417543876e-12  1.64618297869906916e-12  5.89646112079278183e-13  -3.69683128477123460e-13  6.89559298332769404e-14  1.03309044858199506e-14  -8.56076115594573032e-15  3.46074304449942136e-15  1.82508068420413316e-15  -1.10202928425473022e-14  4.16393745683974547e-14  -1.55695265856376439e-13  
6.81292069057960803e-01  -2.84725635063312567e-07  9.42540599683188476e-08  -1.09036977935473187e-08  -3.48880773918652198e-09  2.98343661066593931e-09  -1.43917747986530701e-09  5.26878421194932330e-10  -1.34393352909455134e-10  2.78257155244360245e-11  -6.22528246988686435e-12  5.46488543023478639e-13  3.47475046158943023e-13  -2.05046785062414687e-13  6.67022442510351502e-14  -1.23808252995259338e-14  2.97104309383592972e-15  -9.35877238288009723e-15  3.55018747693741512e-14  -1.31892537389467291e-13  4.91828683417568514e-13  
7.07945784384137355e-01  7.21303241584828377e-07  -1.86512156427615802e-07  3.47390802998008629e-08  -5.17732966351732632e-09  7.68829505317498377e-10  1.15760944626918621e-10  -1.52947462278765057e-10  5.40148073006620375e-11  -9.54365078210295476e-12  -4.25759921282172469e-13  5.98688892787988356e-13  -1.55381456527643191e-13  -1.50069524547457953e-14  9.74202661299907648e-15  1.03605257057318798e-15  -4.49542535231071540e-15  7.48023594840013820e-15  -2.28976748763704237e-14  8.33074832695537264e-14  -3.10127998308434195e-13  
7.35642254459640599e-01  2.80571239371373785e-07  -8.62665388653278191e-08  2.54637821742952820e-08  -4.56636071506632408e-09  1.57951287092395979e-10  7.41379081825922971e-11  -3.56772618038874799e-11  -3.58751435762425065e-13  7.78210838893724138e-12  -1.31397683296393399e-12  -4.37506563486870703e-13  3.27715255584071068e-13  -1.65430481438564295e-13  6.34966013019724526e-14  -1.95360642858492235e-14  2.61902211366934047e-15  6.54337248322756603e-15  -2.64758237415068084e-14  9.91973444486105000e-14  -3.70460732632175321e-13  
7.64422274252599454e-01  -1.59078356420208768e-07  5.88995705689420118e-08  -1.91985795205777741e-08  7.65422190520008400e-09  -3.41270778543892918e-09  1.13279162118897820e-09  -3.25826169762028720e-10  8.74799214090350138e-11  -1.99753822929173712e-11  5.29059845404984398e-12  -2.13606829709211041e-12  8.40530782488560897e-13  -2.81700338505459385e-13  8.74502274904861568e-14  -2.66983637692110779e-14  9.01777984412870353e-15  -9.37879888632839549e-15  2.89980511182448856e-14  -1.06586791026484453e-13  3.97166367196684902e-13  
7.94328234724282156e-01  -6.35574976858770221e-08  -1.12535150510890229e-09  -3.96362251989018440e-09  4.61767759871309658e-09  -1.96307018566377628e-09  5.97164949677169460e-10  -1.51183662903325014e-10  3.42883690927645711e-11  -5.11656087670238885e-12  2.46882987709488854e-13  -8.18217248616655384e-14  3.39899259749481320e-15  -6.91882555046150579e-16  7.47595414612349291e-15  -3.78320137701950617e-15  1.84290193429497655e-15  3.13121612645435139e-16  -3.63499015121624237e-15  1.42408780049982140e-14  -5.34019272492373767e-14  
8.25404185268018953e-01  -2.92946410261129445e-07  1.14631801023448343e-07  -3.95006880160030040e-08  1.18426667343902542e-08  -3.18884899085950771e-09  8.36651963887757301e-10  -2.35679190810808244e-10  6.33704478452127649e-11  -1.82467063429606205e-11  5.23158030130863323e-12  -1.28148479973277588e-12  2.53182556890762203e-13  -4.90174758783909469e-14  1.07726319734424207e-14  -4.26288459451973943e-15  1.94891094408519092e-16  2.37885898671511806e-15  -8.63043239721635092e-15  3.21164173946295496e-14  -1.19805112732813757e-13  
8.57695898590894568e-01  2.20241100061412336e-07  -8.45624535619111241e-08  2.77276422783417963e-08  -7.98814195874905779e-09  2.39176095485510467e-09  -8.09209663814521863e-10  2.44603447464947411e-10  -6.71782051647635717e-11  1.65318493004595486e-11  -2.91597624754985924e-12  4.00006348626489456e-13  -6.33705178813269150e-14  4.26525274442614449e-14  -2.60652756976866762e-14  9.55377709190452572e-15  -1.77523721756184723e-15  -1.77930214874555413e-15  7.68394098278604589e-15  -2.86500931467926875e-14  1.06907275146111012e-13  
8.91250938133745896e-01  -1.57617445453549404e-07  4.32717766673295011e-08  -9.42384585209263316e-09  3.26076252390557945e-09  -1.58991053006999398e-09  6.28309652768235262e-10  -2.19293283139750473e-10  6.69176720456661733e-11  -1.58459915810483278e-11  2.65963608984452059e-12  -2.09871615598710300e-13  -8.60480923000578735e-14  5.71145876527471938e-14  -2.14076461212464931e-14  6.40207555616630176e-15  -1.56560174520917921e-15  4.85629197243755605e-17  1.03436979220543453e-15  -4.02744905990021045e-15  1.49524618981122658e-14  
9.26118728128793700e-01  -1.59011538291234769e-07  4.65431584051027576e-08  -1.53444333863688154e-08  4.65890003791124186e-09  -1.42628345220915790e-09  4.35580257403493271e-10  -1.54703992911334113e-10  5.10042094833497866e-11  -1.52522939548899106e-11  3.91016888911234167e-12  -9.72521816646017260e-13  2.70890817462378254e-13  -8.37482147561462907e-14  2.05190550604191631e-14  -5.08114860852037895e-15  1.08119016686739577e-15  9.58114859860889127e-16  -4.59396496094555876e-15  1.74884391461062599e-14  -6.54050211509169949e-14  
9.62350626398088771e-01  5.92267156443946050e-08  -1.53847398012993236e-08  3.17385184341004968e-09  1.18262870402641979e-10  -1.93503131502361658e-10  3.03906554592152378e-11  1.38425570448233578e-12  4.66744616670377436e-12  -5.14375317548910485e-12  2.09107158102642192e-12  -5.51390597276669169e-13  1.29030483002431561e-13  -4.70002258066139034e-14  1.85908894428723312e-14  -6.53114025663876053e-15  1.86336877017755284e-15  -8.93353600311687181e-17  -1.39020604201924103e-15  5.54573406001271678e-15  -2.07243514813276006e-14  
1.00000000000000000e+00  -1.20531079376734547e-08  9.64644406743252503e-10  -7.88053405756430462e-10  4.53023827184414666e-10  -3.11073496070066702e-11  -6.00172784201634362e-12  -1.50029321600253848e-11  1.58783388544237071e-11  -7.74578698121498208e-12  3.06974230453162732e-12  -1.07478659446581916e-12  3.21101854796682919e-13  -7.77833194300913955e-14  1.72045041541304160e-14  -4.93449984453281295e-15  2.14872273396688038e-15  -3.09781173416807540e-15  1.00745339936250250e-14  -3.71573356965617273e-14  1.38514872094522413e-13  
1.03912230383516913e+00  1.01453845741102527e-07  -2.21132347553367100e-08  3.90332261256090358e-09  -1.11142752346577662e-09  4.29577361646319484e-10  -1.59849562021475717e-10  6.34366738694475400e-11  -1.75733092618756151e-11  3.44116486918381991e-12  -7.76722186676808269e-13  3.09750879521405345e-13  -1.08708912703369946e-13  2.54021865475766131e-14  -3.92698292321120823e-15  6.21477423514640355e-16  -9.84181329406943944e-16  3.39297111625063265e-15  -1.24913259593433239e-14  4.64305402132759939e-14  -1.73236278807600280e-13  
1.07977516232770943e+00  -8.10140311722243173e-08  3.09773911952232361e-08  -1.02793581317795535e-08  2.82703540333034285e-09  -6.00244281175046587e-10  1.22127046193236173e-10  -3.24720195437681987e-11  7.47160851399397730e-12  -6.27556416922037128e-13  -1.88756526362195276e-13  1.51231014729668453e-13  -4.54848229544155291e-14  1.36712212234494926e-14  -6.27759500287992626e-15  2.11053658048408883e-15  -8.04095104760406460e-16  1.57647033470518542e-15  -5.91565362268027634e-15  2.21802422381639867e-14  -8.27955233287372619e-14  
1.12201845430196290e+00  4.63719618958145118e-08  -1.48300988077900854e-08  2.52650114601118523e-09  1.00892464697364219e-10  -2.06273720819097692e-10  8.34486594051564388e-11  -2.77434109602396904e-11  9.67428846283940324e-12  -2.77384507497120168e-12  5.80114954449745675e-13  -1.26628477082730382e-13  4.45963122272567239e-14  -2.44009530122105611e-14  9.93926715559901364e-15  -3.10370374292803715e-15  5.64146442883658218e-16  1.05923497569135607e-15  -4.79444721656187610e-15  1.80732946666473291e-14  -6.75325504036908959e-14  
1.16591440117983103e+00  4.57348213944534478e-08  -1.44378834014313476e-08  4.30403444980900673e-09  -1.13973052130497895e-09  2.88550926581809820e-10  -5.47793331531346090e-11  1.88431461970284667e-11  -8.39748722196095056e-12  2.28665353912155125e-12  -3.18459128514012874e-13  -8.70625591671086057e-15  1.06690182945631283e-14  -2.91639399984605193e-15  1.28040444542882109e-15  -6.30255586928468120e-16  6.06363806931734148e-16  -1.08361705698703391e-15  3.69763737055606997e-15  -1.37416602962066401e-14  5.12521321596402073e-14  
1.21152765862858769e+00  4.69698761224446508e-10  -2.98317062046110958e-10  4.51356684624327755e-10  -8.05243692082073107e-11  5.36656208380909234e-11  -4.01090295707650975e-11  1.86418766753766562e-11  -6.23231164340819111e-12  1.06154189153393267e-12  -4.14774954737449641e-14  1.42131704780058863e-14  -2.72775835248431811e-14  1.62218473343008913e-14  -6.05253159103868632e-15  1.67183901504715687e-15  -4.89994835390961947e-16  5.98082323576611946e-16  -1.91480893406790270e-15  6.99453165393924022e-15  -2.60622284881547654e-14  
1.25892541179416617e+00  -3.86038366458523174e-09  -2.00929584127638658e-09  1.45127755547379928e-09  -6.91326266868858400e-10  2.81015866529711065e-10  -1.07292278542265186e-10  3.51721075579726219e-11  -9.63526629263200773e-12  2.23719750581785000e-12  -6.25872171756687201e-13  2.07711668626900701e-13  -6.39639945830108579e-14  1.95944683977063760e-14  -5.06695490138251180e-15  1.27575254230964136e-15  -6.46688031362273664e-16  1.32043205194520366e-15  -4.61561749806700473e-15  1.71328629937897090e-14  -6.39044477333042324e-14  
1.30817747426019282e+00  -3.71969425228892468e-09  -5.39646857988230022e-10  5.09635883656236804e-10  -2.33648383075274644e-10  7.84514024720975595e-11  -2.46706502108448558e-11  4.61853655899560638e-12  -5.40754660894827000e-13  -4.90332818114097233e-13  3.79567407535449763e-13  -1.56036122826163867e-13  4.87656801024813162e-14  -1.41775632959218851e-14  4.20476753584246276e-15  -1.05846818418461320e-15  4.82916025294207146e-17  8.77140795063030524e-16  -3.57588141354723591e-15  1.33698559069048189e-14  -4.99087866621398195e-14  
1.35935639087852422e+00  -1.03450124773908179e-08  4.16447896795059907e-09  -1.15709929980186837e-09  1.68476661806144532e-10  2.62022840293979351e-11  -1.48744878154456967e-11  2.78582768607090931e-12  -1.23909100916618213e-12  8.19494014736074243e-13  -2.87075003069168457e-13  8.28348122815875387e-14  -2.48909305627781928e-14  6.11760909088047348e-15  -7.44969082545190411e-16  -1.13029565155758406e-16  3.56065865898943033e-17  2.23967919553706231e-16  -9.90772266509077611e-16  3.71966086363996043e-15  -1.38770255052215104e-14  
1.41253754462275549e+00  -7.50174731794604449e-09  3.65517360158655952e-09  -1.41671397559307525e-09  4.84721155829484035e-10  -1.07381103871121964e-10  9.61934399539271140e-12  1.39367247167881337e-12  -4.27754237837521439e-13  -2.09034152051618871e-13  1.49728254834233441e-13  -5.25521956522745588e-14  1.80166800763477696e-14  -6.52424796004548635e-15  2.24335436143620811e-15  -7.06251115698250354e-16  -6.46237896173808273e-17  1.27958880448483337e-15  -5.10601945718761482e-15  1.92016490787941497e-14  -7.16935627717505858e-14  
1.46779926762207058e+00  -5.34994343974649257e-09  6.52242376038256576e-10  1.80400429452053223e-10  -1.01371887154531806e-10  1.23213039725978803e-11  4.86666370994027456e-12  -4.32360818187702588e-12  1.51615455766523975e-12  -3.86179003928062932e-13  1.53491757609992908e-13  -6.68029486954404905e-14  2.34535230990086326e-14  -8.10122743722075603e-15  2.72481614960559822e-15  -7.52015448711509279e-16  5.49634247517321949e-16  -1.63344099716472839e-15  5.94083922344611506e-15  -2.20834129191972961e-14  8.23954609763126001e-14  
1.52522295653901985e+00  -3.13932547775855755e-09  -1.67436286024894499e-10  1.03561721364837218e-10  -1.15039009389703079e-11  -1.14826442884635415e-11  1.34974033534777570e-11  -4.68979638206792633e-12  1.43453389119159193e-12  -4.78013535933848441e-13  1.35087702053673596e-13  -5.22374662899770665e-14  2.05134901040783560e-14  -7.06835648663399617e-15  2.20951949737561650e-15  -6.62477828126878934e-16  1.96381672293006688e-16  -7.35057834278190055e-17  1.38167357096323030e-16  -4.71451201256766632e-16  1.72909437950071875e-15  
1.58489319246111404e+00  7.10508070332242537e-09  -3.47839285865420562e-09  1.31135002182377145e-09  -4.47902756331601961e-10  1.40940996467570446e-10  -3.83587969248918331e-11  1.01099031911109994e-11  -2.61032633758985790e-12  5.12028129275043100e-13  -9.75157908264250965e-14  1.00442698326777555e-14  5.37339741782841244e-15  -3.45153925279148786e-15  1.39020214566834445e-15  -4.24559046978552503e-16  -1.10416773844573740e-16  9.14804640298522467e-16  -3.62231234104578251e-15  1.35689531386949669e-14  -5.06345668056051842e-14  
1.64689786548286898e+00  4.21342371374913936e-09  -1.59383111228764641e-09  3.92046872249901819e-10  -8.97218384102921717e-11  1.93445547467418409e-11  -3.14281824880144511e-12  1.30131532934300364e-12  -3.99938042768461792e-13  6.07801412363651441e-14  -1.89651953978554128e-14  8.19809147636195691e-15  -5.17010561104749676e-15  1.45389605279365479e-15  -4.00015077165908718e-16  3.09447709204253865e-16  -5.13206499077664767e-16  1.60598821754469944e-15  -5.82640443252488991e-15  2.17325320021199037e-14  -8.10890899719521811e-14  
1.71132830416178106e+00  1.20861215732693480e-08  -3.35409064080003038e-09  9.74226905369618854e-10  -3.36212902451543320e-10  1.12747705589469376e-10  -3.75114797166749137e-11  1.15722709383457321e-11  -3.10838140215511138e-12  7.66477998539298233e-13  -2.18064134192601066e-13  6.67880453686188263e-14  -1.70655637191175302e-14  3.98835284447317788e-15  -1.00865946969009028e-15  2.92307544164352848e-16  -2.53445679246493864e-16  7.85958203215558060e-16  -2.88705800246171420e-15  1.07708822611165916e-14  -4.01832306943818599e-14  
1.77827941003892276e+00  -5.87757801268870996e-09  1.56261442572750949e-09  -5.17539308823270832e-10  1.54330138463186157e-10  -4.78294826616386136e-11  1.76152327425083341e-11  -5.57338518042782507e-12  1.62676352415406327e-12  -4.51482613988878003e-13  1.13574528771011616e-13  -1.90667671352507916e-14  2.38678202514234338e-15  -2.94603533530607379e-16  2.42286413534725424e-16  -2.27841956633430639e-16  3.60355872350486804e-16  -1.08505030579174961e-15  3.97461417360061375e-15  -1.48291461574394560e-14  5.53445745033741229e-14  
1.84784979742229072e+00  3.07082162557771540e-09  -1.48383871574516098e-09  5.35186607798224071e-10  -1.72942406392943858e-10  5.31879096897269317e-11  -1.56807974486027507e-11  5.15188240341531872e-12  -1.69762510918152335e-12  5.48596222507488474e-13  -1.79474563354071202e-13  5.96803004110940986e-14  -1.89756280230223437e-14  5.60322809559692916e-15  -1.44168665295672342e-15  3.04246559359474470e-16  2.51864033387172378e-17  -3.75560091447714493e-16  1.46905823853201956e-15  -5.50165670056216136e-15  2.05384291746796086e-14  
1.92014193863880100e+00  3.93681050410550907e-09  -1.14470856423212161e-09  3.18940237214738504e-10  -1.00204530703126221e-10  2.48960719159446398e-11  -4.55775009030595546e-12  5.27825182965372804e-14  1.69184865694488699e-13  -7.16302442430442586e-14  2.52219641500947329e-14  -4.55693716468969049e-15  2.20343623901666556e-16  2.65808256925036750e-16  -2.40380486727791588e-16  8.69952475427698210e-17  8.43721682153756351e-17  -4.71488360685038917e-16  1.81700623265735507e-15  -6.77283372315183396e-15  2.52982967330565764e-14  
1.99526231496887885e+00  -4.30640390615264543e-10  -1.56253679321170749e-10  8.97021323692175601e-11  -2.50855444282066205e-11  8.18545673459677970e-12  -3.35914275888999614e-12  1.05466898635538843e-12  -4.24656229308413005e-13  1.67674370729280263e-13  -5.08019473430588192e-14  1.60964172210494314e-14  -5.52072502829661283e-15  1.42824953231407689e-15  -2.86612831407898517e-16  7.31513819001575391e-17  8.59486349614795725e-18  -1.16548486078218504e-16  4.43672848704576649e-16  -1.63485821624772259e-15  6.08951197440806664e-15  
2.07332157348595381e+00  -4.46204311499920441e-10  3.06462267455407948e-10  -9.06126072031190173e-11  6.77813133337073123e-12  4.84575370233718362e-12  -2.17674260436955509e-12  5.35377175235871048e-13  -6.97286406820059487e-14  2.30214300373504504e-14  -2.11378908882095743e-14  1.21073257353561197e-14  -4.29104093062369102e-15  1.24584855378342540e-15  -3.19339569824111142e-16  1.25208127170453538e-16  -2.10089942067343136e-16  7.25220629179231509e-16  -2.66942719799683937e-15  9.95509974402036771e-15  -3.71460233560572301e-14  
2.15443469003188204e+00  -1.43648591141099233e-09  4.19182974470597182e-10  -1.23758282094643884e-10  5.52707685157875444e-11  -2.15561858027272400e-11  7.12059331103534016e-12  -2.13579305527417535e-12  5.63553138393683885e-13  -1.23624274018988963e-13  2.89510183447571487e-14  -6.18004301881160036e-15  1.16181366645305750e-15  -1.17462788427599487e-17  -7.94315390114476190e-17  1.40816914768328268e-17  -7.78073409004565826e-18  3.27448013420584297e-17  -1.45002964608252511e-16  5.46028047821095454e-16  -2.02336963750716133e-15  
2.23872113856833765e+00  3.30109552308105795e-09  -7.97028908365256905e-10  1.89487454659564016e-10  -5.31572703796353836e-11  1.35201554891161819e-11  -2.96288888431733199e-12  8.44502277525116027e-13  -2.90350300699519534e-13  7.50981574831283450e-14  -2.49218803925568876e-14  9.80886647368394120e-15  -2.41454572998514391e-15  3.78765105205952978e-16  -5.84237748532492229e-17  4.14807012432210421e-17  -1.64286793698096836e-16  5.77692675274671740e-16  -2.12813112796251815e-15  7.94971172720039895e-15  -2.96782398257745289e-14  
2.32630506715362406e+00  -1.20093448522882264e-10  -1.19209004085571719e-10  7.80328416556434057e-11  -3.64523264535979105e-11  1.35054297813373631e-11  -4.21963068239756694e-12  1.14640092606795234e-12  -2.96458694086105974e-13  7.80947736397099047e-14  -1.49586328178530521e-14  3.68732198668817946e-15  -9.82251478933960062e-16  2.10142078402724097e-16  -1.11884309239640929e-16  9.47918688815870692e-17  -2.03978462392031831e-16  6.79800128847800804e-16  -2.52722738762934748e-15  9.42562348431094309e-15  -3.51651646191850874e-14  
2.41731548080410130e+00  -1.36852488374754318e-09  3.18108666054960458e-10  -4.41930734721646276e-11  7.53615040135517850e-12  -2.99908174717011292e-12  1.64031443908683437e-12  -8.26700974479166574e-13  2.94996029051710559e-13  -8.19608862731989051e-14  1.98078985156183566e-14  -4.93962190191499854e-15  9.89798370174238201e-16  -1.93992417422326173e-16  2.74821123977735741e-17  4.04045781265470510e-17  -1.70086754474510180e-16  6.42355927820837020e-16  -2.39569411539310687e-15  8.94188298859468958e-15  -3.33593891488952481e-14  
2.51188643150958235e+00  -5.93794888955112705e-11  8.53594046240062437e-12  -2.89772746620813105e-11  1.84661091039254711e-11  -7.90109016359797594e-12  2.81979705727975129e-12  -8.54772840812111976e-13  2.13532578220570106e-13  -3.58649672663203315e-14  6.68575786604035251e-15  -2.21753623249308369e-15  8.16446927457240628e-16  -2.51797750852773854e-16  5.19540799916099563e-17  8.42087987753294224e-18  -8.83587425479855580e-17  3.42663532339547403e-16  -1.28534906870189589e-15  4.79401336239048536e-15  -1.78950685693753967e-14  
2.61015721568253856e+00  -9.48184619701888276e-10  3.31239487468762639e-10  -1.00723926685877982e-10  2.97874725890202594e-11  -9.45050364570563556e-12  2.68756161147789520e-12  -6.53647996388762800e-13  1.56170027646769695e-13  -3.83094445749323815e-14  1.07815978514245301e-14  -3.16262317846374064e-15  1.11276855822108000e-15  -4.80752881942735686e-16  1.73085153001015819e-16  -3.99973695968772635e-17  -5.87803651122073769e-17  2.81061985834546713e-16  -1.08429923394128046e-15  4.03652910396246519e-15  -1.50798157504827550e-14  
2.71227257933202948e+00  -1.11972276792208629e-10  4.25995792272814664e-11  -2.12060612044166256e-11  5.49280226523266817e-12  -2.44938726030328371e-12  1.29513667452275250e-12  -4.89552605003183311e-13  1.60253263537582098e-13  -3.96094143981622689e-14  6.19257037453524368e-15  -1.13208419877579997e-15  5.62490802006827679e-16  -2.71682618718211894e-16  9.19591713581870920e-17  9.01453604583547967e-18  -9.73045583397711445e-17  3.93197879193180081e-16  -1.47008872470532754e-15  5.47796146040813149e-15  -2.04509262670862471e-14  
2.81838293126445505e+00  1.77474938501618456e-11  4.99281594433680258e-11  -1.26117937910642204e-11  1.19671519880100638e-12  -7.10932087669621780e-13  3.63600869318016588e-13  -3.83554869323918169e-14  -2.83224713792098290e-14  2.13932458873309888e-14  -1.06632497996508745e-14  3.65487514846736872e-15  -8.20659566326538625e-16  7.92008671068576603e-17  2.09624524252071686e-17  -2.99015136304882028e-17  6.12765294769690387e-17  -2.24985145566512294e-16  8.22501645739730997e-16  -3.07213688404520066e-15  1.14599166873025123e-14  
2.92864456462523748e+00  3.76494625175214003e-10  -8.45116629919199684e-11  6.76296719186835637e-12  1.54725501856498999e-12  -4.86257372089460874e-14  -2.62543479014753714e-13  1.00052265810850134e-13  -2.29980822499060841e-14  -2.34706494264895727e-15  3.62098692531611575e-15  -1.15029068180253068e-15  1.35410200809399716e-16  3.77085880072795771e-17  -3.15917744656309353e-17  2.02070122258980462e-18  6.67525246912729629e-18  -2.09677018211108834e-17  8.52518372420077932e-17  -3.18809027440758839e-16  1.16872138754650802e-15  
3.04321988710772207e+00  -1.42699050966822700e-12  -3.19841694434416827e-11  1.18235739724449879e-11  -3.01819614787399073e-12  7.43894193271050078e-13  -1.19253452827292019e-13  -1.12975319244774822e-14  3.91210528347379203e-14  -1.61451635195123443e-14  3.74974920010005753e-15  -3.56819290656414342e-16  -6.81270069596822891e-17  3.81660147895269514e-17  -1.36285985681145492e-17  1.52567721207395790e-17  -3.46726257222215475e-17  1.11272105809798158e-16  -3.88204703411392420e-16  1.46079040235122886e-15  -5.44287977729310333e-15  
3.16227766016837952e+00  1.42492376070063008e-11  -8.98081497781734690e-12  8.21059304022193009e-12  -3.84877290917412853e-12  1.67541574070089847e-12  -6.80564899683584010e-13  2.35552561857201052e-13  -5.94295800279488548e-14  1.25027634052634565e-14  -2.14437334794099293e-15  1.06753721429658478e-16  6.26081438224386043e-17  7.53600175058424174e-18  -1.91085423632006642e-17  -1.09930547738356670e-17  4.41157585439825300e-17  -1.73116928340734625e-16  6.62731778611941353e-16  -2.48609493629205322e-15  9.26648113119403135e-15  
3.28599324760065414e+00  -4.77066623327283479e-10  1.61369198127243510e-10  -4.79238106190776642e-11  1.27982378996458999e-11  -3.16404814152064240e-12  7.06880610379010725e-13  -1.78023542473658885e-13  5.55359282013996194e-14  -1.81026372391640298e-14  4.04237128424147397e-15  -6.33744692485406332e-16  6.05334233256846681e-17  3.50020082571935241e-17  -2.98125049425300992e-17  2.07041150423196430e-17  -4.74452653165227236e-17  1.60457166311102075e-16  -6.06617112778534767e-16  2.26196995272303066e-15  -8.43102227789832374e-15  
3.41454887383360095e+00  -3.32267840104103679e-11  1.09856072680078590e-11  -3.65056731761895949e-12  2.39036356980722383e-12  -7.86285285900727954e-13  2.38333816344362625e-13  -7.32564317532848440e-14  8.04206634844116353e-15  5.05369366038007281e-15  -3.33529841279438383e-15  1.45476868791573484e-15  -5.25739267727836808e-16  1.39996048129823494e-16  -4.44534141514696573e-17  2.78088410448198252e-17  -7.31551971370934561e-17  2.51674297461809637e-16  -9.52994971430764935e-16  3.56656857776700787e-15  -1.33136470536083289e-14  
3.54813389233575327e+00  -3.75006259548904981e-10  1.27229511011107942e-10  -3.99157968769644124e-11  1.17182728273704281e-11  -3.50408356524537589e-12  1.05291732435025871e-12  -2.60878196940197185e-13  5.15193692386699720e-14  -9.07350934818803256e-15  1.69095705341068835e-15  -5.48549378299865538e-16  1.72691766050198769e-16  -1.73506138221310728e-17  -1.33677232241160916e-17  2.77997273754063254e-17  -7.86063524571658393e-17  2.81352774813153778e-16  -1.06595663479063088e-15  3.98639543607432707e-15  -1.48628223879830506e-14  
3.68694506451957338e+00  5.08046705750216494e-11  -1.73941426899482316e-11  1.06975474810238454e-11  -4.71123650206933167e-12  1.58843001884582384e-12  -4.33624203374913939e-13  1.10123577942611128e-13  -2.98740238074928639e-14  6.14881773616309100e-15  -1.31319546795560479e-15  4.59839232051933843e-16  -1.42171228347887079e-16  3.98334259635550259e-17  -1.52579407617883992e-17  1.48760663743650561e-17  -5.03243361707961272e-17  2.17126090953571713e-16  -8.14167246629258268e-16  3.03270214794570618e-15  -1.13370325157812554e-14  
3.83118684955728517e+00  -8.71092768298570773e-11  2.38960629227534299e-11  -8.61508626282120625e-12  3.89638295064677455e-12  -1.35071222645396468e-12  3.81017249841036832e-13  -8.47320877366838325e-14  1.68773281767431921e-14  -6.03936268376525193e-15  2.83197749583217566e-15  -1.03658359722458649e-15  3.14569477598900869e-16  -7.38814323403934515e-17  1.34018430495983410e-17  -1.36810511069368915e-17  7.92168785753742404e-18  -1.24539459369402930e-17  5.01475412629101380e-17  -1.87978030702333424e-16  7.03242890592555469e-16  
3.98107170553496914e+00  -4.33176001842762041e-11  2.27633698771450216e-12  1.05686813631024736e-12  -4.34267328410376654e-13  -9.89728074309675832e-15  4.17500005501829214e-14  -1.39367278853665521e-14  3.88892866174969123e-15  -3.24733943379525905e-16  -1.22166069730464830e-16  1.02342990533285410e-16  -1.01195159343586160e-16  4.04849884557320504e-17  -5.81084000000677662e-18  -1.61956224183357718e-17  5.79131015681237988e-17  -2.05088376524287028e-16  7.76640793253468650e-16  -2.88301719041823647e-15  1.07526396206546374e-14  
4.13682040238850313e+00  -4.48006925876457301e-11  8.07396374426100940e-12  5.94942333446352359e-13  -1.11270495156633588e-12  4.78206683588475076e-13  -1.69087664886695113e-13  5.87585552069719543e-14  -1.89986714521158153e-14  6.34239248663777271e-15  -2.05324937993434320e-15  6.66377932182837754e-16  -1.68560812756408685e-16  4.29369113506627154e-17  -1.39426939336129225e-17  1.80177822990295244e-17  -6.06837698234842310e-17  2.13439000881525616e-16  -7.97249164583133002e-16  2.99200820485550140e-15  -1.11618014480953906e-14  
4.29866234708227246e+00  4.03277613249048199e-11  -1.47879158626604794e-11  6.50945726235504876e-12  -2.51734478817426629e-12  8.70100719947598401e-13  -2.73651727951157461e-13  8.42937002761375565e-14  -2.52795950306010135e-14  6.71369334506433538e-15  -1.44729494434880103e-15  1.94528483217479155e-16  -5.92251267580718063e-18  5.28861608362844534e-19  8.03861092834533167e-19  -3.60709067942224891e-18  8.69081929955079115e-18  -3.52631288348450805e-17  1.18497715479253776e-16  -4.40449928065216375e-16  1.64921764472506387e-15  
4.46683592150962561e+00  2.40177678942161518e-11  -1.26790839828362329e-11  5.31795291404821355e-12  -1.64588259067311666e-12  4.35635822711580665e-13  -1.28049569547339732e-13  4.41715831594257045e-14  -1.62454059529694103e-14  5.02316367193728569e-15  -1.53214042587574191e-15  5.19108691832309714e-16  -1.46415458657496814e-16  3.03912993021632766e-17  -1.36527804720791555e-17  1.58831269047445794e-17  -3.83362751789717730e-17  1.49390950485534494e-16  -5.66599655715519264e-16  2.10472528972722319e-15  -7.85038699919339672e-15  
4.64158883361278196e+00  -7.45608447549399649e-11  2.16298407062916446e-11  -6.52278010326664636e-12  1.87310849176064842e-12  -5.90436218661044858e-13  1.83973364904409361e-13  -4.96496273172724718e-14  1.13261632795358804e-14  -2.39240554242542994e-15  4.34606683084156708e-16  -1.60251590926482793e-16  8.69447123959347175e-17  -3.30204608184222369e-17  9.59757441713846786e-18  -1.46695773625571392e-17  4.87185363179998082e-17  -1.72462841538247435e-16  6.32008829234008175e-16  -2.34912520030117176e-15  8.78146449985576752e-15  
4.82317848223930934e+00  -2.07792590952864247e-11  6.73428874262403579e-12  -2.03782271954227146e-12  7.39608922121688947e-13  -2.01286514061231361e-13  5.36730493624657142e-14  -1.50414620496361822e-14  2.19679751687728166e-15  9.94191216928209621e-17  -1.46369854041002112e-16  2.71505629719108069e-17  1.42912906495260481e-17  6.59056539296787016e-18  6.39738209862095048e-18  -1.16137454009323748e-17  1.82700114118527583e-17  -7.29056637833457689e-17  2.78966216888711108e-16  -1.03140927551218319e-15  3.86211958608434750e-15  
5.01187233627272466e+00  5.47021507297320522e-12  1.99258966711727280e-12  -9.48329592844521600e-13  2.01501866414099751e-13  -4.38113949382773010e-14  4.05788905411785346e-15  1.87798963810314770e-15  8.35484005157420732e-16  -9.58509094403764171e-16  3.29421919520812641e-16  -6.80249275672843075e-17  1.50512004201610851e-17  -4.19102416141922456e-18  -6.30112187349947277e-20  5.94516840435567709e-18  -1.19640072116650104e-17  5.12963783499692035e-17  -1.95857537704064157e-16  7.18668478555912586e-16  -2.69845969460346263e-15  
5.20794832859546464e+00  2.31477969470589846e-12  -1.23225807424034683e-12  9.88945187024946691e-13  -4.59337609575629540e-13  1.79425686238179176e-13  -6.50878471636543000e-14  1.52917124990192484e-14  -2.54584424476351172e-15  7.27108864770468301e-16  -2.17828979864349764e-16  1.91789443112481198e-17  4.51776840771606218e-18  -3.63991731508141279e-18  6.47502540297788065e-18  -4.69422873624137243e-18  2.04383607073250171e-17  -7.90005426153312699e-17  2.88105728915056958e-16  -1.07451396251264491e-15  3.99921594906202493e-15  
5.41169526546463775e+00  1.27091337582709286e-11  -4.35827352348759172e-12  1.74622738981203043e-12  -5.06454449060061575e-13  1.30125544514974651e-13  -3.37196238929918689e-14  4.91228036655357335e-15  -6.52883549577721005e-16  3.45150052543115033e-16  -1.35354739603733503e-16  4.28316483322953680e-17  -1.14209151251848788e-17  1.68308072128901686e-18  -1.24072910987621267e-18  2.68693185058452038e-18  -2.57275460619941075e-18  8.06954466662780947e-18  -2.37305282743819517e-17  1.09412374307319288e-16  -4.07924783055919013e-16  
5.62341325190349117e+00  2.98994026138221306e-12  -1.04862787458706353e-12  7.91329255853956986e-13  -2.96160049887793587e-13  7.65182193815068258e-14  -2.44164612181607090e-14  9.76260988794660720e-15  -2.42557706599339991e-15  4.47687663488594679e-16  -7.60623752066328216e-17  -1.18097700861461028e-18  -3.34806431242115716e-18  1.53906292518091338e-18  3.31680850209486793e-18  1.90368640557254978e-18  1.27964886431559951e-17  -4.20810010726560654e-17  1.72449046369838642e-16  -6.44521325333152159e-16  2.38184368141665830e-15  
5.84341413373517504e+00  -1.64199466693363984e-12  1.09528707791112686e-12  -6.04707496472778908e-13  1.14044747301433543e-13  1.73189273416253845e-14  -1.58004954886451790e-14  5.71989293887760575e-15  -1.17050091196759089e-15  2.48873008107672315e-16  -7.27437396108629069e-17  1.09363226343168564e-17  1.61505746350487183e-18  3.63183624771370297e-18  4.71192042323704420e-19  -3.79009984815032891e-18  3.11226721148540462e-17  -9.49936458876802297e-17  3.53864660476568567e-16  -1.32767699401752232e-15  4.96307665124418273e-15  
6.07202195690988411e+00  -3.71745385447462290e-12  6.51770641132490679e-13  1.83367370529899945e-13  -1.80319694513097196e-13  5.96702672082965216e-14  -1.26674902898057779e-14  3.59184012320213352e-15  -1.64948320538442331e-15  6.65397705115449344e-16  -2.48900313208311654e-16  6.39835550103529930e-17  -1.59253643278146488e-17  -1.95100476744363693e-18  -2.86967720210362775e-18  -3.47994094138277243e-18  7.77017207821920441e-18  -2.54396292339706204e-17  1.02126472629979417e-16  -3.68420409834077214e-16  1.36773243701468310e-15  
6.30957344480192983e+00  -7.54936277892899991e-13  -4.95500447352969083e-14  -5.05920196867584724e-14  8.87459292825459016e-14  -6.21685030505682179e-14  2.46068926367781561e-14  -7.28288839789922455e-15  2.04541978100815167e-15  -7.20842330631633205e-16  2.49480241812757168e-16  -6.86836371757244264e-17  1.68625477494884672e-17  -5.81304904482696370e-18  6.41470902714212578e-18  -1.03333987627101911e-17  9.93872126796639663e-18  -6.12289711110817167e-17  2.31266897826190903e-16  -8.60826495953529572e-16  3.22067212383752386e-15  
6.55641849417978495e+00  1.39592696788959217e-12  -7.10691246091958527e-13  4.78565658921035432e-13  -1.82864366589391606e-13  5.88954780298531222e-14  -2.03133159891392124e-14  8.16086548761544274e-15  -2.59284120271290993e-15  6.30103005644028385e-16  -1.11565637950471849e-16  1.98235909379986971e-17  -1.78222859415452646e-18  -6.34372877594412199e-18  -3.35554968522702931e-18  -5.43093920278021509e-18  1.11706461230144738e-17  -2.64012376613061735e-17  1.03628233141379111e-16  -3.88605250659660561e-16  1.44584954502767768e-15  
6.81292069057960781e+00  1.20848719395722170e-11  -3.61510661992402758e-12  1.24408969261990794e-12  -3.85468849800878598e-13  1.01491017969504630e-13  -2.46733902948838386e-14  6.44059075213565538e-15  -1.77505842512216653e-15  5.73285303980238374e-16  -1.67031757860351591e-16  4.89829014593019664e-17  -1.27020005966095699e-17  1.62632242119127616e-18  -6.37532334128725214e-18  5.20026653228109050e-18  -1.52612467517958588e-17  5.01295732556118515e-17  -1.91762382702666205e-16  7.19775653102601307e-16  -2.68899478758928078e-15  
7.07945784384137333e+00  9.69393684401402105e-13  -2.39441809828235474e-13  3.82114786520307860e-14  1.23289241583614436e-14  2.90032305221984631e-15  -1.32213551778005907e-15  -8.59044692238139195e-16  5.27362456747352845e-16  -1.12413613600733343e-16  5.75821699755944818e-19  9.79238391606116496e-18  -7.26653852439919614e-18  6.53101152539536571e-19  -6.09445578136165817e-18  -8.49595770849860894e-18  2.47861919932776162e-17  -8.92040906401623410e-17  3.28404948054797412e-16  -1.24075117956034403e-15  4.61255513261243146e-15  
7.35642254459640643e+00  5.90633344168522684e-12  -1.28363349644845324e-12  3.60132855033301061e-13  -1.29198090784426798e-13  5.00632611420839369e-14  -1.57036384639653324e-14  4.01696259056773849e-15  -9.46246568788260907e-16  2.18091338347911326e-16  -5.02700726819637107e-17  1.25263316259625901e-17  -9.39820800406421036e-18  2.84270069557224123e-19  -1.87846771278709496e-18  4.79432013631115102e-18  -1.28666763362551090e-17  4.71808241060834769e-17  -1.86696454028263983e-16  7.09965346894498400e-16  -2.64816946766960460e-15  
7.64422274252599454e+00  2.06519531763953633e-12  -6.45800806959441465e-13  1.60103217197213095e-13  -3.91000549236261742e-14  7.92037001212717818e-15  -8.07831847938050336e-16  3.11792925061386986e-16  -1.65340850241302133e-16  5.61773243920081949e-17  -5.15231824178062930e-18  -4.53459236884980638e-18  5.36286544197424842e-18  -3.01896308832202504e-18  -4.41988015413127328e-18  -3.08460887045922172e-19  4.21466455695668411e-18  -8.13705004083889397e-18  3.50958938512667332e-17  -1.49669382859211400e-16  5.43038107355873722e-16  
7.94328234724280513e+00  -1.66239079089568829e-12  8.16597677310263898e-13  -2.96730516164232482e-13  7.15498626993043743e-14  -1.14416650993253438e-14  1.35731261793451670e-15  2.13708644518440968e-16  -2.09980638432799913e-16  8.15237664096719590e-17  -1.51861413029756443e-17  5.92025684201811850e-18  3.33520849025608396e-18  -6.26725482802353959e-18  -9.90182305676155765e-19  -1.63220423452598905e-18  -6.83324484456941500e-18  3.42273087196461188e-17  -1.23452089852679395e-16  4.53290093986794250e-16  -1.69750854018669667e-15  
8.25404185268019042e+00  1.02409163346641229e-13  -8.02020089338759115e-14  1.10405456295831287e-14  -4.74224388426852933e-16  -6.43380565560175997e-15  3.49365821025383728e-15  -9.63412989652304886e-16  2.60328102509433621e-16  -1.01892908586421984e-16  2.72685675792765115e-17  -9.98043761512901584e-18  2.94549628884077090e-18  -3.81937193430996282e-18  1.68899590221059359e-18  6.33699015318099029e-18  -1.27161415861906192e-17  4.52085999829307740e-17  -1.57261968275474681e-16  5.83382158320923498e-16  -2.17029779272011407e-15  
8.57695898590894501e+00  -2.54589906430978803e-13  8.18574269151421760e-14  -5.49050159848531694e-15  -1.09469629554318463e-14  2.92828770784624813e-15  -2.16796648776045997e-16  -1.44973193576223393e-16  -3.06023661768912615e-17  3.96334790091503586e-17  -1.19350930208265944e-17  -8.21973192735459979e-20  -1.69673524155828883e-18  -8.79534106213593703e-18  -3.56934434297567815e-18  2.82991138783540045e-18  -2.83075007351134557e-18  7.18317633264900179e-18  -2.86553607560353217e-17  9.84140329391370928e-17  -3.71549514308885648e-16  
8.91250938133745940e+00  -2.11734677789307451e-12  3.48748188162857041e-13  -4.14320888149456287e-14  8.00707815142486056e-15  -5.67241163839057930e-15  3.14125160384656034e-15  -1.01750004871219232e-15  2.77937753135310704e-16  -6.16318915596035071e-17  -1.12418783491762020e-19  3.88874743173750996e-18  2.30112998580124174e-19  -7.18080871754195937e-19  2.09892562886864867e-18  -2.24598531652081303e-18  1.54191152081832420e-17  -4.23266112244983045e-17  1.46514079209574999e-16  -5.63063989945274840e-16  2.09486886935650828e-15  
9.26118728128793833e+00  4.04677323201843310e-13  -9.43259148292847042e-14  6.56122584083240946e-15  -7.56808128851849345e-15  4.99398297099200699e-15  -1.63769074434985857e-15  4.62621152177456668e-16  -1.30565877200886227e-16  4.56961799158922967e-17  -5.59578769756599193e-18  4.39073618737747236e-18  -2.66642359555365603e-18  -2.93695858136939720e-20  5.16503479283814722e-18  2.22946241225902456e-18  6.58813859715979773e-18  -1.59589480847956821e-17  6.53335704672351077e-17  -2.50020530848071199e-16  9.16301697650597895e-16  
9.62350626398088771e+00  1.75783748142758601e-12  -2.72948024907572345e-13  2.73598549411265602e-14  9.70745576528415888e-16  -2.68780542513268031e-15  1.68530190255944584e-15  -5.46444865272837082e-16  1.46568213767044187e-16  -4.52133450252026337e-17  1.94763098272011526e-17  -5.90889447327345550e-18  1.24148506778687479e-19  -1.10605572252715579e-18  -3.77011265836446973e-18  3.14782908770268736e-18  -1.58288924674301415e-18  1.16763266788893960e-17  -5.80430669779853893e-17  2.08850463841236938e-16  -7.74989531477088484e-16  

# MIN PTS EVALUATION OF EACH BSPLINE: 12
# STEP SIZE W(x>1): M_PI/6.50000000000000022e-01
# MIN k EVALUATION: 9.99999999999999955e-07
# MAX k EVALUATION: 1.01999999999999993e+01
# MIN s GRID: 1.00000000000000002e-02
# MAX s GRID: 6.50000000000000000e+04
# LIMIT BASIS INTERVAL: true
# MIN s BREAKPOINT: 2.00000000000000000e+02
# MAX s BREAKPOINT: 2.00000000000000000e+04
# Number Basis 20
# Number k evaluations 420

