420  20
9.99999999999999955e-07  6.46118759636006349e-13  1.33690963842363460e-12  2.76624795457929518e-12  5.72375886251298406e-12  1.18432100316015108e-11  2.45053746587073184e-11  5.07044836789703128e-11  1.04916499327117788e-10  2.17079485901254528e-10  4.49194215947851877e-10  9.29344127968996260e-10  1.92331467861009980e-09  3.97820161381561181e-09  8.23665181212507258e-09  1.70232529986520373e-08  3.52959708587121858e-08  7.27605239180875921e-08  1.51561912941143538e-07  3.09819424724719516e-07  6.55136056169133860e-07  
1.03912230383516903e-06  7.24957171530743985e-13  1.50003728445517400e-12  3.10378124914299913e-12  6.42216305366029472e-12  1.32883001567780515e-11  2.74954823914404563e-11  5.68913657671640932e-11  1.17718246069543185e-10  2.43567182120220214e-10  5.04004173212110632e-10  1.04274118272777876e-09  2.15799425820222702e-09  4.46361474530467791e-09  9.24167184282343205e-09  1.91003942781613240e-08  3.96026905044933009e-08  8.16385434193474608e-08  1.70054799599996379e-07  3.47621940983040692e-07  7.35069367013479057e-07  
1.07977516232770934e-06  8.13415324488981014e-13  1.68306951337300728e-12  3.48249983351235499e-12  7.20578544087060421e-12  1.49097179333295161e-11  3.08504384045104315e-11  6.38331615100696899e-11  1.32082041667672745e-10  2.73286864585562907e-10  5.65501951105628593e-10  1.16997475406652051e-09  2.42130901291673326e-09  5.00825705057615624e-09  1.03693221255697163e-08  2.14309830659106740e-08  4.44349009296358667e-08  9.15998224688816814e-08  1.90804061626690034e-07  3.90036814122682665e-07  8.24754879370200237e-07  
1.12201845430196305e-06  9.12667004425869926e-13  1.88843505154329077e-12  3.90742907286256036e-12  8.08502421589814139e-12  1.67289785861834908e-11  3.46147609119569627e-11  7.16219842764862721e-11  1.48198484803895084e-10  3.06632894945185147e-10  6.34503585972001302e-10  1.31273314880503777e-09  2.71675294893127175e-09  5.61935554247220287e-09  1.16345656579336457e-08  2.40459441993213292e-08  4.98567199099787192e-08  1.02776533927071692e-07  2.14084997711373199e-07  4.37626784398077284e-07  9.25382301203816801e-07  
1.16591440117983120e-06  1.02402922079533087e-12  2.11885897475425015e-12  4.38420751961182399e-12  9.07154634161168254e-12  1.87702225942190312e-11  3.88384001695429375e-11  8.03611869600695114e-11  1.66281430695105826e-10  3.44047754178388633e-10  7.11924685395939660e-10  1.47291067760152443e-09  3.04824640277376715e-09  6.30501905443810886e-09  1.30541911662740320e-08  2.69799758244895287e-08  5.59400883932190695e-08  1.15316977167995190e-07  2.40206493677288116e-07  4.91023245674076738e-07  1.03828645592284257e-06  
1.21152765862858752e-06  1.14897968250397899e-12  2.37739886831140919e-12  4.91916173357077376e-12  1.01784423654486090e-11  2.10605360195821556e-11  4.35774012836785847e-11  9.01667334075080003e-11  1.86570828814424371e-10  3.86027914028077904e-10  7.98792577678870822e-10  1.65263279106381044e-09  3.42018806088301447e-09  7.07434583714640696e-09  1.46470358713541881e-08  3.02720097899763191e-08  6.27657249898706401e-08  1.29387545597094235e-07  2.69515119802900913e-07  5.50934620088185554e-07  1.16496497838145332e-06  
1.25892541179416611e-06  1.28917640620884767e-12  2.66748539933108286e-12  5.51939023152872746e-12  1.14204001229598335e-11  2.36303099230652347e-11  4.88946478951789683e-11  1.01168737185974835e-10  2.09335906866338024e-10  4.33130424853027700e-10  8.96259943763481025e-10  1.85428428289647938e-09  3.83751332638670227e-09  7.93754428352183262e-09  1.64342354339950675e-08  3.39657282130103373e-08  7.04241969127337250e-08  1.45174934196904138e-07  3.02399727896708171e-07  6.18155754079965284e-07  1.30709816784458732e-06  
1.30817747426019290e-06  1.44647971718906874e-12  2.99296783960157219e-12  6.19285768023617222e-12  1.28138996363833724e-11  2.65136436347661529e-11  5.48606966060585163e-11  1.13513188108279787e-10  2.34878743264374962e-10  4.85980307316054559e-10  1.00562011249095367e-09  2.08054093431172665e-09  4.30575980754721180e-09  8.90606838399531323e-09  1.84395043969196547e-08  3.81101430713009151e-08  7.90171215701493789e-08  1.62888616379089708e-07  3.39296609062274135e-07  6.93578460308285919e-07  1.46657126062477658e-06  
1.35935639087852695e-06  1.62297693472963285e-12  3.35816514307257406e-12  6.94850058266613347e-12  1.43774317944295770e-11  2.97487972311748712e-11  6.15547132216666942e-11  1.27363889425556019e-10  2.63538275515528395e-10  5.45278845990134187e-10  1.12832422214530333e-09  2.33440501959306700e-09  4.83114079681712127e-09  9.99276970925144763e-09  2.06894508435084385e-08  4.27602465096924735e-08  8.86585147508566547e-08  1.82763622991489718e-07  3.80695280517789221e-07  7.78203345148693330e-07  1.64549941705261288e-06  
1.41253754462275541e-06  1.82101006957713939e-12  3.76792325573957547e-12  7.79634585994591025e-12  1.61317437150216728e-11  3.33786992227709614e-11  6.90655232314848603e-11  1.42904631392721661e-10  2.95694797699788477e-10  6.11812894932149117e-10  1.26600047600273142e-09  2.61924514393325611e-09  5.42062771546599011e-09  1.12120679370121253e-08  2.32139294481006015e-08  4.79777404888920624e-08  9.94763032820535516e-08  2.05063660334547574e-07  4.27144978165501295e-07  8.73153078481257123e-07  1.84625575327368261e-06  
1.46779926762207046e-06  2.04320690099595167e-12  4.22767941839053942e-12  8.74764390246851284e-12  1.81001140468030734e-11  3.74515161888268774e-11  7.74927904677837067e-11  1.60341630048465116e-10  3.31775006723056865e-10  6.86465318701894655e-10  1.42047574738910876e-09  2.93884094215143495e-09  6.08204261769558266e-09  1.25801421854319480e-08  2.60464376017642680e-08  5.38318554559190957e-08  1.11614022223045715e-07  2.30084608535459070e-07  4.79261940951792091e-07  9.79687281568298588e-07  2.07150278854208154e-06  
1.52522295653901987e-06  2.29251584579814184e-12  4.74353431547236423e-12  9.81501785568911509e-12  2.03086618624882853e-11  4.20212919181052194e-11  8.69483395821566467e-11  1.79906263570684516e-10  3.72257664303447290e-10  7.70226707370199027e-10  1.59379982092367045e-09  3.29743323139085371e-09  6.82416198162736481e-09  1.41151456917243751e-08  2.92245598688619131e-08  6.04002688966830980e-08  1.25232719103474822e-07  2.58158446669971461e-07  5.37737583541569378e-07  1.09921923023249835e-06  2.32422772372814764e-06  
1.58489319246111408e-06  2.57224508203798471e-12  5.32233302744847009e-12  1.10126311215369958e-11  2.27866932428791498e-11  4.71486645364397178e-11  9.75576398883233971e-11  2.01858142516937233e-10  4.17679949821279754e-10  8.64208520964707021e-10  1.78827259160615441e-09  3.69978028326515136e-09  7.65683316429824463e-09  1.58374466843628023e-08  3.27904666708460584e-08  6.77701359558773335e-08  1.40513090460016729e-07  2.89657656677855568e-07  6.03347665589481475e-07  1.23333459456147319e-06  2.60778201726478094e-06  
1.64689786548286897e-06  2.88610644651846029e-12  5.97175586083539113e-12  1.23563752980826240e-11  2.55670901504978407e-11  5.29016711370241112e-11  1.09461470260805896e-10  2.26488554689853344e-10  4.68644588330226045e-10  9.69657837769083169e-10  2.00647458265130880e-09  4.15122096211629052e-09  8.59110506582099740e-09  1.77698986447059758e-08  3.67914738130193039e-08  7.60392457957058994e-08  1.57657879004881907e-07  3.25000164463314341e-07  6.76962579080037553e-07  1.38381246330049319e-06  2.92592578137935730e-06  
1.71132830416178096e-06  3.23826468860274874e-12  6.70042026117680101e-12  1.38640810513024603e-11  2.86867467529439948e-11  5.93566505903320821e-11  1.22817787181562905e-10  2.54124330338445344e-10  5.25827848312760382e-10  1.08797390217289192e-09  2.25130118701000554e-09  4.65774556714920462e-09  9.63937473638499159e-09  1.99381435437974241e-08  4.12806702770252603e-08  8.53173190325556862e-08  1.76894563214243405e-07  3.64654883689973720e-07  7.59558890002794312e-07  1.55264893130499317e-06  3.28287758493423409e-06  
1.77827941003892290e-06  3.63339273389860273e-12  7.51799516127746028e-12  1.55557547170784598e-11  3.21870589857103283e-11  6.65992565133735737e-11  1.37803820722300586e-10  2.85132178983796229e-10  5.89988515303813460e-10  1.22072669164761135e-09  2.52600108692445672e-09  5.22607531842548781e-09  1.08155518712917027e-08  2.23709520775526031e-08  4.63176226073002465e-08  9.57274634616724421e-08  1.98478375000549059e-07  4.09147935765703075e-07  8.52232287222250526e-07  1.74208356230590499e-06  3.68337032035221798e-06  
1.84784979742229063e-06  4.07673369113075405e-12  8.43532928202719955e-12  1.74538437729931839e-11  3.61144738506442714e-11  7.47255938397295941e-11  1.54618426274711839e-10  3.19923555415672923e-10  6.61977960455371338e-10  1.36967774921581942e-09  2.83421936130128270e-09  5.86375154138617932e-09  1.21352433765418235e-08  2.51006054143752848e-08  5.19691652356044940e-08  1.07407807378984900e-07  2.22695685480800617e-07  4.59069628470822967e-07  9.56212110013056313e-07  1.95462907723818038e-06  4.13271387185653016e-06  
1.92014193863880126e-06  4.57417042499448391e-12  9.46459508828766080e-12  1.95835347025653910e-11  4.05211057388959012e-11  8.38434940719068936e-11  1.73484723234486960e-10  3.58960119428303566e-10  7.42751437643605469e-10  1.53680355784120258e-09  3.18004585288658356e-09  6.57923573325515084e-09  1.36159604537661028e-08  2.81633235199483780e-08  5.83102872275366801e-08  1.20513332164255202e-07  2.49867803730839109e-07  5.15082285732691395e-07  1.07287764660453519e-06  2.19310466099485902e-06  4.63686541164018286e-06  
1.99526231496887871e-06  5.13230361817931780e-12  1.06194503100470251e-11  2.19730872043975422e-11  4.54654279565627134e-11  9.40739461377734010e-11  1.94653055652602342e-10  4.02759861741972018e-10  8.33380759021663344e-10  1.72432176689537043e-09  3.56806943701612673e-09  7.38202183905428114e-09  1.52773509520503626e-08  3.15997457418214495e-08  6.54251272137146870e-08  1.35217928431900873e-07  2.80355238887904498e-07  5.77929032322844672e-07  1.20377641948830362e-06  2.46067332825392632e-06  5.20250825075088435e-06  
2.07332157348595416e-06  5.75853935839789043e-12  1.19152191721283421e-11  2.46542091809812793e-11  5.10130486291323664e-11  1.05552701837592130e-10  2.18404314139648029e-10  4.51903977396837960e-10  9.35068517211840488e-10  1.93472061870109812e-09  4.00343891201797606e-09  8.28276222695765478e-09  1.71414600694094917e-08  3.54554700296656678e-08  7.34080897030253652e-08  1.51716703020131739e-07  3.14562482102610031e-07  6.48443649898678191e-07  1.35064469949655748e-06  2.76088384260865474e-06  5.83714028372643419e-06  
2.15443469003188224e-06  6.46118741264585236e-12  1.33690957372566797e-11  2.76624774830252231e-11  5.72375812804734166e-11  1.18432077184866855e-10  2.45053663102512388e-10  5.07044577823677542e-10  1.04916404285313963e-09  2.17079196561265346e-09  4.49193131920239348e-09  9.29340903447051756e-09  1.92330228627607456e-08  3.97816579448717229e-08  8.23650975850113431e-08  1.70228567414715218e-07  3.52943371728057623e-07  7.27561634996912975e-07  1.51543052010034873e-06  3.09771774331484055e-06  6.54917319178340443e-06  
2.23872113856833758e-06  7.24957149273171485e-12  1.50003720607212396e-11  3.10378099923176952e-11  6.42216216383940450e-11  1.32882973543585502e-10  2.74954722771183681e-10  5.68913343924789244e-10  1.17718130924654404e-09  2.43566831573563257e-09  5.04002859895085455e-09  1.04273727608531971e-08  2.15797924472202260e-08  4.46357134858462348e-08  9.24149974344016805e-08  1.90999141934755660e-07  3.96007112859109536e-07  8.16332605497915855e-07  1.70031949639315441e-06  3.47564210133511880e-06  7.34804371026319701e-06  
2.32630506715362375e-06  8.13415297523203156e-12  1.68306941841019942e-11  3.48249953073639565e-11  7.20578436283392372e-11  1.49097145380986938e-10  3.08504261508123627e-10  6.38331234984636183e-10  1.32081902167613135e-09  2.73286439884331671e-09  5.65500360001960121e-09  1.16997002100235473e-08  2.42129082389939264e-08  5.00820447344782750e-08  1.03691136256913830e-07  2.14304014193735317e-07  4.44325031000791483e-07  9.15934219928049877e-07  1.90776379024691467e-06  3.89966870189026040e-06  8.24433842387326824e-06  
2.41731548080410104e-06  9.12666971755934496e-12  1.88843493649378176e-11  3.90742870603904017e-11  8.08502290983466376e-11  1.67289744727385439e-10  3.46147460663711935e-10  7.16219382239722165e-10  1.48198315797228946e-09  3.06632380402323712e-09  6.34501658327128564e-09  1.31272741449001614e-08  2.71673091273343904e-08  5.61929184277846521e-08  1.16343130588602050e-07  2.40452395045092029e-07  4.98538149365842396e-07  1.02768779398682345e-06  2.14051460464012452e-06  4.37542043540363426e-06  9.24993373004203857e-06  
2.51188643150958227e-06  1.02402918121461202e-11  2.11885883536933172e-11  4.38420707519229256e-11  9.07154475928987645e-11  1.87702176106290096e-10  3.88383821838472568e-10  8.03611311656499201e-10  1.66281225940837179e-09  3.44047130788194330e-09  7.11922350028632198e-09  1.47290373021973782e-08  3.04821970570268252e-08  6.30494187912593004e-08  1.30538851411289782e-07  2.69791220489954893e-07  5.59365690205729316e-07  1.15307582114026324e-06  2.40165863670225522e-06  4.90920577364976577e-06  1.03781528086769055e-05  
2.61015721568253865e-06  1.14897963455058818e-11  2.37739869944368001e-11  4.91916119514065513e-11  1.01784404484352731e-10  2.10605299817755165e-10  4.35773794936962619e-10  9.01666658103379142e-10  1.86570580751555260e-09  3.86027158764082237e-09  7.98789748353101652e-09  1.65262437398711860e-08  3.42015571715577274e-08  7.07425233532747482e-08  1.46466651207757451e-07  3.02709753934974389e-07  6.27614612810859552e-07  1.29376162930715452e-06  2.69465897120302124e-06  5.50810231432311466e-06  1.16439416582823590e-05  
2.71227257933202973e-06  1.28917634811165317e-11  2.66748519474440195e-11  5.51938957920109981e-11  1.14203978004625335e-10  2.36303026080307996e-10  4.88946214962551926e-10  1.01168655289234329e-09  2.09335606334699250e-09  4.33129509817339311e-09  8.96256516004554120e-09  1.85427408520327106e-08  3.83747414173721873e-08  7.93743100113618678e-08  1.64337862690265520e-07  3.39644749818691342e-07  7.04190314535433225e-07  1.45161143391188949e-06  3.02340095471905686e-06  6.18005049650931617e-06  1.30640665065579824e-05  
2.81838293126445513e-06  1.44647964680227395e-11  2.99296759174077743e-11  6.19285688991712142e-11  1.28138968226363851e-10  2.65136347723149900e-10  5.48606646233493773e-10  1.13513088886937565e-09  2.34878379166413473e-09  4.85979198708702909e-09  1.00561595972832663e-08  2.08052857929941757e-08  4.30571233513769696e-08  8.90593113618384131e-08  1.84389602337079313e-07  3.81086247063103661e-07  7.90108636591001940e-07  1.62871907925750271e-06  3.39224365629404354e-06  6.93395872320893370e-06  1.46573351813613721e-05  
2.92864456462523746e-06  1.62297684945350380e-11  3.35816484278447835e-11  6.94849962516474876e-11  1.43774283855269297e-10  2.97487864939593197e-10  6.15546744741443902e-10  1.27363769214616684e-09  2.63537834406571358e-09  5.45277502860336659e-09  1.12831919103975817e-08  2.33439005085974177e-08  4.83108328382708225e-08  9.99260342571926955e-08  2.06887915911673792e-07  4.27584069151516153e-07  8.86509333613133988e-07  1.82743379570157150e-06  3.80607759392477046e-06  7.77982127686229916e-06  1.64448453387717271e-05  
3.04321988710772202e-06  1.82100996626200187e-11  3.76792289193503364e-11  7.79634469989609974e-11  1.61317395850807237e-10  3.33786862141925946e-10  6.90654762883324653e-10  1.42904485751832436e-09  2.95694263291666103e-09  6.11811267665359909e-09  1.26599438078546118e-08  2.61922700851409632e-08  5.42055803838807060e-08  1.12118664746663327e-07  2.32131307671571215e-07  4.79755116994444282e-07  9.94671185364469763e-07  2.05039133996167665e-06  4.27038948860628734e-06  8.72885058167999187e-06  1.84502627927791601e-05  
3.16227766016837919e-06  2.04320677582582874e-11  4.22767897763492874e-11  8.74764249702248089e-11  1.81001090433162761e-10  3.74515004283852095e-10  7.74927335955656909e-10  1.60341453597869238e-09  3.31774359282747686e-09  6.86463347186698806e-09  1.42046836300375309e-08  2.93881897008639942e-08  6.08195820395051307e-08  1.25798981013655373e-07  2.60454700058306448e-07  5.38291551246032313e-07  1.11602895064958043e-06  2.30054893055841968e-06  4.79133490002156561e-06  9.79362555465424558e-06  2.07001335801664137e-05  
3.28599324760065407e-06  2.29251569414979916e-11  4.74353378148952191e-11  9.81501615293458974e-11  2.03086558006921444e-10  4.20212728236466445e-10  8.69482706808193590e-10  1.79906049792467182e-09  3.72256879924567862e-09  7.70224318777312558e-09  1.59379087471828446e-08  3.29740661096839334e-08  6.82405971460623376e-08  1.41148499681529139e-07  2.92233876363999910e-07  6.03969972512725645e-07  1.25219238786750369e-06  2.58122444050792044e-06  5.37581970145657834e-06  1.09882579978248664e-05  2.32242338292118727e-05  
3.41454887383360094e-06  2.57224489831015413e-11  5.32233238051973673e-11  1.10126290585795379e-10  2.27866858989324653e-10  4.71486414026514760e-10  9.75575564136608572e-10  2.01857883514215942e-09  4.17678999541523731e-09  8.64205627055986475e-09  1.78826175326852156e-08  3.69974803102665981e-08  7.65670926832893715e-08  1.58370883953415185e-07  3.27890465268866362e-07  6.77661721109246647e-07  1.40496759393648192e-06  2.89614036555720061e-06  6.03159146749479054e-06  1.23285792203866464e-05  2.60559619872566285e-05  
3.54813389233575293e-06  2.88610622392492615e-11  5.97175507707148819e-11  1.23563727987221964e-10  2.55670812532170716e-10  5.29016431093764917e-10  1.09461369130530145e-09  2.26488240895010465e-09  4.68643437062184434e-09  9.69654331637062471e-09  2.00646145201623380e-08  4.15118188651218947e-08  8.59095496681508896e-08  1.77694645523014324e-07  3.67897533322208636e-07  7.60344432838586733e-07  1.57638094395011587e-06  3.24947314924924101e-06  6.76734197798519133e-06  1.38323493435646564e-05  2.92327785058254659e-05  
3.68694506451957361e-06  3.23826441892167025e-11  6.70041931163583707e-11  1.38640780232184024e-10  2.86867359737910293e-10  5.93566166335085045e-10  1.22817664661511527e-09  2.54123950159622082e-09  5.25826453548671559e-09  1.08796965429032028e-08  2.25128527928877428e-08  4.65769822450285743e-08  9.63919289302536273e-08  1.99376176087771805e-07  4.12785859491872184e-07  8.53115003898073919e-07  1.76870594826656813e-06  3.64590851673148291e-06  7.59282218735243059e-06  1.55194920372001903e-05  3.27966986894334534e-05  
3.83118684955728489e-06  3.63339240716877910e-11  7.51799401089627282e-11  1.55557510484188544e-10  3.21870459266628263e-10  6.65992153730189435e-10  1.37803672288582450e-09  2.85131718376578677e-09  5.89986825546443627e-09  1.22072154508092603e-08  2.52598181481151962e-08  5.22601795957628339e-08  1.08153315705343744e-07  2.23703148664917564e-07  4.63150974940069035e-07  9.57204136661792655e-07  1.98449338224171879e-06  4.09070354840257805e-06  8.51897117138566322e-06  1.74123577684309547e-05  3.67948450926740224e-05  
3.98107170553496912e-06  4.07673329528365302e-11  8.43532788832681920e-11  1.74538393282426211e-10  3.61144580295013436e-10  7.47255439961058732e-10  1.54618246446704076e-09  3.19922997364138636e-09  6.61975913317137940e-09  1.36967151382558530e-08  2.83419601329814898e-08  5.86368204703860820e-08  1.21349764858908801e-07  2.50998333812453991e-07  5.19661061316140191e-07  1.07399265900620320e-06  2.22660508699727882e-06  4.58975631325719468e-06  9.55806074628488146e-06  1.95360190138831234e-05  4.12800666077208151e-05  
4.13682040238851118e-06  4.57416994540841386e-11  9.46459339980501506e-11  1.95835293175383444e-10  4.05210865714764406e-10  8.38434336837415721e-10  1.73484505372520865e-09  3.58959443316242056e-09  7.42748957543814954e-09  1.53679600325506617e-08  3.18001756704338170e-08  6.57915153564230588e-08  1.36156371211870324e-07  2.81623881356055752e-07  5.83065812222867015e-07  1.20502983330608151e-06  2.49825188802935418e-06  5.14968398129088321e-06  1.07238576592776826e-05  2.19186013020769533e-05  4.63116322298216140e-05  
4.29866234708227223e-06  5.13230303713915271e-11  1.06194482644347266e-10  2.19730806801719825e-10  4.54654047351383628e-10  9.40738729742228527e-10  1.94652791712867177e-09  4.02759042591026209e-09  8.33377754396881914e-09  1.72431261399359720e-08  3.56803516912232701e-08  7.38191982701782028e-08  1.52769592424574881e-07  3.15986124391781730e-07  6.54206375262218913e-07  1.35205389754039229e-06  2.80303613274358808e-06  5.77791044585605540e-06  1.20318054791363442e-05  2.45916544174575669e-05  5.19560084315312727e-05  
4.46683592150963465e-06  5.75853865444077284e-11  1.19152166938533049e-10  2.46542012765497141e-10  5.10130204963030877e-10  1.05552613195813038e-09  2.18403994377287705e-09  4.51902984943422191e-09  9.35064877136573626e-09  1.93470952929994018e-08  4.00339739706951197e-08  8.28263863093282802e-08  1.71409855243282131e-07  3.54540969255052809e-07  7.34026506367132660e-07  1.51701511045850339e-06  3.14499940885736880e-06  6.48276461186083160e-06  1.34992285713138764e-05  2.75905686173709671e-05  5.82877301281038769e-05  
4.64158883361278196e-06  6.46118655976806257e-11  1.33690927348112503e-10  2.76624679063890697e-10  5.72375471975157713e-10  1.18431969790135367e-09  2.45053275711932460e-09  5.07043375400492914e-09  1.04915963294606406e-08  2.17077852996368819e-08  4.49188102472389042e-08  9.29325928711942888e-08  1.92324479669320180e-07  3.97799942909845288e-07  8.23585084165897477e-07  1.70210160585292891e-06  3.52867607382721758e-06  7.27359064578474804e-06  1.51455608293907147e-05  3.09550412948098069e-05  6.53903763884867393e-05  
4.82317848223930917e-06  7.24957045942802953e-11  1.50003684232452492e-10  3.10377983896984107e-10  6.42215803469194441e-10  1.32882843428284310e-09  2.74954253450329275e-09  5.68911887105616326e-09  1.17717596671142608e-08  2.43565203737888172e-08  5.03996766845252201e-08  1.04271913281894640e-07  2.15790959824921642e-07  4.46336977921420444e-07  9.24070150117125073e-07  1.90976839810167767e-06  3.95915330193025736e-06  8.16087164046260504e-06  1.69926021556822224e-05  3.47296001700177884e-05  7.33576633518035907e-05  
5.01187233627272497e-06  8.13415172333165318e-11  1.68306897772903163e-10  3.48249812501303331e-10  7.20577936038453306e-10  1.49096987737976971e-09  3.08503692930636946e-09  6.38329469942260522e-09  1.32081254929448345e-08  2.73284467625355293e-08  5.65492978450413654e-08  1.16994803867767424e-07  2.42120645016918964e-07  5.00796024945645702e-07  1.03681466033148189e-06  2.14276992276515705e-06  4.44213844133877443e-06  9.15636832346493012e-06  1.90648060431788332e-05  3.89641898209165755e-05  8.22946682623462250e-05  
5.20794832859546471e-06  9.12666820081553249e-11  1.88843440260826267e-10  3.90742700292192731e-10  8.08501684939480994e-10  1.67289553732344213e-09  3.46146771839508041e-09  7.16217243756250264e-09  1.48197531682629564e-08  3.06629990837038796e-08  6.34492715826632491e-08  1.31270078065445632e-07  2.71662869802774222e-07  5.61899593627642601e-07  1.16331415762791521e-06  2.40419654269736535e-06  4.98403456959030021e-06  1.02732746349485224e-05  2.13896020129349196e-05  4.37148291746601618e-05  9.23192001525044963e-05  
5.41169526546463768e-06  1.02402899745273204e-10  2.11885818856780684e-10  4.38420501176078494e-10  9.07153741711621075e-10  1.87701944702444194e-09  3.88382987339148710e-09  8.03608720712462040e-09  1.66280276006578474e-08  3.44044235608245915e-08  7.11911516534492421e-08  1.47287146044628777e-07  3.04809587812727661e-07  6.30458335096284343e-07  1.30524659775346731e-06  2.69751550246733065e-06  5.59202524350984880e-06  1.15263922215707731e-05  2.39977571105267457e-05  4.90443484900869871e-05  1.03563334499797880e-04  
5.62341325190349121e-06  1.14897941191254309e-10  2.37739791584608489e-10  4.91915869516052296e-10  1.01784315534722743e-09  2.10605019455049508e-09  4.35772783957489151e-09  9.01663518956437885e-09  1.86569429935166092e-08  3.86023650970263248e-08  7.98776624049724744e-08  1.65258527546080119e-07  3.42000570755922611e-07  7.07381793031444422e-07  1.46449459216049791e-06  3.02661687256916862e-06  6.27416956027464843e-06  1.29323261402739629e-05  2.69237811677620607e-05  5.50232153742253764e-05  1.16175131179823492e-04  
5.84341413373517478e-06  1.28917607837239000e-10  2.66748424542081910e-10  5.51938655030697566e-10  1.14203870243392696e-09  2.36302686399354148e-09  4.88944990184626328e-09  1.01168274953745335e-08  2.09334212161000233e-08  4.33125259762522666e-08  8.96240616560021810e-08  1.85422671259403949e-07  3.83729241525335613e-07  7.93690465749513145e-07  1.64317036165654874e-06  3.39586509069360369e-06  7.03950878147512417e-06  1.45097043425883220e-05  3.02063810975393310e-05  6.17304605072203899e-05  1.30320557251306255e-04  
6.07202195690988372e-06  1.44647931999639900e-10  2.99296644164373135e-10  6.19285322019869876e-10  1.28138837675490271e-09  2.65135936172271269e-09  5.48605162448675655e-09  1.13512628074944032e-08  2.34876690180741465e-08  4.85974049302711841e-08  1.00559669843391300e-07  2.08047118128655187e-07  4.30549218715107324e-07  8.90529339103546607e-07  1.84364373103838684e-06  3.81015678109726965e-06  7.89818592345338021e-06  1.62794238200730116e-05  3.38889701174022612e-05  6.92547150121681371e-05  1.46185638564570128e-04  
6.30957344480192964e-06  1.62297645350700257e-10  3.35816344945546998e-10  6.94849517903028456e-10  1.43774125695599444e-09  2.97487366310792255e-09  6.15544947183309779e-09  1.27363210895439511e-08  2.63535788276957642e-08  5.45271263759141315e-08  1.12829585717665012e-07  2.33432050532586092e-07  4.83081659285296940e-07  9.99183069455869526e-07  2.06857353496162540e-06  4.27498561579872217e-06  8.86157988682716249e-06  1.82649266385195341e-05  3.80202384984035946e-05  7.76953728138841146e-05  1.63978866903393886e-04  
6.55641849417978527e-06  1.82100948654599538e-10  3.76792120393768455e-10  7.79633931306031185e-10  1.61317204244254969e-09  3.33786258008603734e-09  6.90652585207171733e-09  1.42903809289984425e-08  2.95691784510055404e-08  6.11803708229352980e-08  1.26596611342223569e-07  2.61914274400636883e-07  5.42023496677558021e-07  1.12109301780935515e-06  2.32094285030572372e-06  4.79651507402613011e-06  9.94245588809791803e-06  2.04925094769290147e-05  4.26547932186981788e-05  8.71638928994517698e-05  1.83933892377833821e-04  
6.81292069057960846e-06  2.04320619461589349e-10  4.22767693265689130e-10  8.74763597043336265e-10  1.81000858307317979e-09  3.74514272319469175e-09  7.74924697791309785e-09  1.60340633989822769e-08  3.31771356380594834e-08  6.86454187947125537e-08  1.42043411926013719e-07  2.93871687063263993e-07  6.08156683540109552e-07  1.25787636066594521e-06  2.60409852075889187e-06  5.38166006024260637e-06  1.11551341690099771e-05  2.29916707218872785e-05  4.78538747750088429e-05  9.77852581409395998e-05  2.06312534107929135e-04  
7.07945784384137329e-06  2.29251498997081141e-10  4.74353130404321030e-10  9.81500824541444596e-10  2.03086276794137440e-09  4.20211841388925901e-09  8.69479510795751750e-09  1.79905056741757207e-08  3.72253242100273927e-08  7.70213221094599125e-08  1.59374939132734510e-07  3.29728290071746039e-07  6.82358561518023061e-07  1.41134753063908994e-06  2.92179549592695515e-06  6.03817845752637692e-06  1.25156791975696289e-05  2.57954996541936669e-05  5.36861603798852966e-05  1.09699609286064941e-04  2.31408145903703999e-04  
7.35642254459642134e-06  2.57224404514249089e-10  5.32232937915712993e-10  1.10126194779079785e-09  2.27866518310670756e-09  4.71485339517699932e-09  9.75571692335943713e-09  2.01856680310620114e-08  4.17674592575560742e-08  8.64192180586583000e-08  1.78821150002324204e-07  3.69959813443280633e-07  7.65613495480512749e-07  1.58354227064146629e-06  3.27824657070176634e-06  6.77477382358783445e-06  1.40421118413554538e-05  2.89411128084392489e-05  6.02286638597139388e-05  1.23064074886586149e-04  2.59549377684321946e-04  
7.64422274252599404e-06  2.88610519024251586e-10  5.97175144101013268e-10  1.23563611908307481e-09  2.55670399814598023e-09  5.29015129207175587e-09  1.09460900084702962e-08  2.26486783056267421e-08  4.68638098369533518e-08  9.69638039144015082e-08  2.00640057538824548e-07  4.15100025887371346e-07  8.59025926286987761e-07  1.77674462000433082e-06  3.67817818173325455e-06  7.60121058294536735e-06  1.57546472923055425e-05  3.24701431943429247e-05  6.75677437800210380e-05  1.38054820339545672e-04  2.91104377818920284e-04  
7.94328234724282175e-06  3.23826316652657627e-10  6.70041490667218268e-10  1.38640639590977226e-09  2.86866859750545628e-09  5.93564588946703509e-09  1.22817096443301249e-08  2.54122183785370119e-08  5.25819986186564468e-08  1.08794991323424757e-07  2.25121153414652638e-07  4.65747814656314648e-07  9.63835014958657860e-07  1.99351718961370422e-06  4.12689299755940612e-06  8.52844323263799249e-06  1.76759618562946340e-05  3.64292887484364428e-05  7.58002326743266908e-05  1.54869341887699816e-04  3.26485486444389275e-04  
8.25404185268019019e-06  3.63339088977879219e-10  7.51798867445494691e-10  1.55557340082521325e-09  3.21869853559081525e-09  6.65990242528102435e-09  1.37802983933658088e-08  2.85129578153457142e-08  5.89978990956898820e-08  1.22069762530819736e-07  2.52589248172790207e-07  5.22575128855712143e-07  1.08143107216863557e-06  2.23673512657699742e-06  4.63034012829157694e-06  9.56876126241927120e-06  1.98314920946664007e-05  4.08709271443144403e-05  8.50347017554523856e-05  1.73729034388980477e-04  3.66154475151909563e-04  
8.57695898590894511e-06  4.07673145682100370e-10  8.43532142346425712e-10  1.74538186821794244e-09  3.61143846517047218e-09  7.47253124287912515e-09  1.54617412560270770e-08  3.19920404148116143e-08  6.61966422537454272e-08  1.36964253052569167e-07  2.83408779840972730e-07  5.86335891485450218e-07  1.21337399056878219e-06  2.50962421763250379e-06  5.19519388088992973e-06  1.07359516960110736e-05  2.22497702231157827e-05  4.58538049382664888e-05  9.53928771601069569e-05  1.94882064949340728e-04  4.10628394265431242e-04  
8.91250938133745946e-06  4.57416771792600882e-10  9.46458556794586259e-10  1.95835043023957262e-09  4.05209976792249340e-09  8.38431531075718319e-09  1.73483495193387563e-08  3.58956301202468491e-08  7.42737460561820797e-08  1.53676088418298017e-07  3.17988648078310707e-07  6.57875998307596468e-07  1.36141392394436381e-06  2.81580363511623066e-06  5.82894209828278389e-06  1.20454813902999036e-05  2.49628001410526876e-05  5.14438099746554166e-05  1.07011225636421286e-04  2.18606588148713882e-04  4.60486095289573943e-04  
9.26118728128793728e-06  5.13230033830776633e-10  1.06194387765740907e-09  2.19730503712004865e-09  4.54652970488226060e-09  9.40735330145601779e-09  1.94651567979915819e-08  4.02755235362510925e-08  8.33363827259752187e-08  1.72427005973969230e-07  3.56787637937389987e-07  7.38144536025031260e-07  1.52751448687726399e-06  3.15933389052192167e-06  6.53998524633763846e-06  1.35147014872715058e-05  2.80064789875798402e-05  5.77148370330593025e-05  1.20042729649382432e-04  2.45214342608980249e-04  5.16375503009202774e-04  
9.62350626398088767e-06  5.75853538450377814e-10  1.19152051998998168e-09  2.46541645532167811e-09  5.10128900432299970e-09  1.05552201281093789e-08  2.18402511956640612e-08  4.51898371766690771e-08  9.35048006339512396e-08  1.93465796513095788e-07  4.00320505135443433e-07  8.28206368392496628e-07  1.71387878189324835e-06  3.54477062932616147e-06  7.33774755359419794e-06  1.51630767022497258e-05  3.14210697048312654e-05  6.47497578791474463e-05  1.34658874171700451e-04  2.75054673088751401e-04  5.79021719199822619e-04  
1.00000000000000008e-05  6.46118259785148358e-10  1.33690788106799993e-09  2.76624234109142577e-09  5.72373891654988144e-09  1.18431470686438456e-08  2.45051479934374444e-08  5.07037785608467697e-08  1.04913919652760150e-07  2.17071604744464794e-07  4.49164803489950948e-07  9.29256256982827650e-07  1.92297859840546718e-06  3.97722497769548444e-06  8.23280166653063404e-06  1.70124424552722113e-05  3.52517307427204488e-05  7.26415081969961746e-05  1.51051869970366364e-04  3.08519027178197022e-04  6.49236047974186665e-04  
1.03912230383516911e-05  7.24956565906866176e-10  1.50003515552240317e-09  3.10377444768007033e-09  6.42213889069548284e-09  1.32882238675225051e-08  2.74952078097845763e-08  5.68905113873882777e-08  1.17715121136118229e-07  2.43557632360444526e-07  5.03968545002723312e-07  1.04263470363376654e-06  2.15758716963398197e-06  4.46243123794556189e-06  9.23700845997532807e-06  1.90872932142467487e-05  3.95491097689821901e-05  8.14943053468320368e-05  1.69437141016593867e-04  3.46045981043887577e-04  7.27926041454706905e-04  
1.07977516232770930e-05  8.13414590705799056e-10  1.68306693431046447e-09  3.48249159261258988e-09  7.20575616953561981e-09  1.49096254964997527e-08  3.08501057798114385e-08  6.38321262623787448e-08  1.32078256263337490e-07  2.73275292805571681e-07  5.65458794101779745e-07  1.16984572437191635e-06  2.42081592062696226e-06  5.00682282630236585e-06  1.03636738403524305e-05  2.14151058233969177e-05  4.43700090634265267e-05  9.14250125253031820e-05  1.90056106765191358e-04  3.88126854574627185e-04  8.16106673720783950e-04  
1.12201845430196301e-05  9.12666115358040967e-10  1.88843192719624854e-09  3.90741908782107187e-09  8.08498875647000143e-09  1.67288665830015154e-08  3.46143579782035623e-08  7.16207298589622147e-08  1.48193899384237505e-07  3.06618872830839173e-07  6.34451309917687146e-07  1.31257679014949625e-06  2.71615569314692256e-06  5.61761745487261864e-06  1.16277246012852445e-05  2.40267020434364462e-05  4.97781311852027529e-05  1.02564666722909984e-04  2.13179293497038792e-04  4.35311982740746602e-04  9.14912760819140366e-04  
1.16591440117983103e-05  1.02402814357489430e-09  2.11885518985826233e-09  4.38419542120258628e-09  9.07150338622900679e-09  1.87700868818001024e-08  3.88379120696510016e-08  8.03596669558074549e-08  1.66275876247510782e-07  3.44030762634074043e-07  7.11861364343499436e-07  1.47272119837200133e-06  3.04752299220196825e-06  6.30291268116526797e-06  1.30459056394868819e-05  2.69566550364923537e-05  5.58449145171801601e-05  1.15060189894631012e-04  2.39109812724942809e-04  4.88217717034780555e-04  1.02561275500775528e-03  
1.21152765862858756e-05  1.14897837730418583e-09  2.37739428324398671e-09  4.91914707437840460e-09  1.01783903299297807e-08  2.10603715774846274e-08  4.35768100224637168e-08  9.01648915641593879e-08  1.86564100639489858e-07  3.86007323919700093e-07  7.98715879187942292e-07  1.65240317131662220e-06  3.41931186516639388e-06  7.07179308458137091e-06  1.46370011169861259e-05  3.02437450952145632e-05  6.26504694240669920e-05  1.29076305005935841e-04  2.68187248860182650e-04  5.47534238541578220e-04  1.14962405227187208e-03  
1.25892541179416611e-05  1.28917482477029225e-09  2.66747984496633624e-09  5.51937246938305456e-09  1.14203370884516758e-08  2.36301106672980905e-08  4.88939316769298871e-08  1.01166505330209508e-07  2.09327757048262401e-07  4.33105473661565642e-07  8.96167043184925587e-07  1.85400601356336866e-06  3.83645209860878726e-06  7.93445048175480149e-06  1.64220824670698107e-05  3.39314705486386050e-05  7.02846270235283206e-05  1.44797681109961810e-04  3.00792002958039117e-04  6.14034272516410652e-04  1.28852996341447716e-03  
1.30817747426019549e-05  1.44647780103352296e-09  2.99296111107855269e-09  6.19283615813502964e-09  1.28138232786960689e-08  2.65134021923465938e-08  5.48598290323938929e-08  1.13510483617602421e-07  2.34868871554271063e-07  4.85950070831971030e-07  1.00550758919874278e-06  2.08020370095532895e-06  4.30447450109264060e-06  8.90231876343525960e-06  1.84247864897737305e-05  3.80686204848403086e-05  7.88481139765441328e-05  1.62431334377113120e-04  3.37350144438492675e-04  6.88582803347888403e-04  1.44409851055748843e-03  
1.35935639087852407e-05  1.62297461299527734e-09  3.35815699224802538e-09  6.94847450444107179e-09  1.43773392984607601e-08  2.97485046668582972e-08  6.15536623202356036e-08  1.27360612163406863e-07  2.63526318293589946e-07  5.45242203993592810e-07  1.12818793392086014e-06  2.33399631889947530e-06  4.82958413341342094e-06  9.98822512693749799e-06  2.06716271726774352e-05  4.27099167206450940e-05  8.84538682702993835e-05  1.82209315061827989e-04  3.78338828249437115e-04  7.72147898455455696e-04  1.61830322252117290e-03  
1.41253754462275550e-05  1.82100725639510212e-09  3.76791338204799521e-09  7.79631426076825132e-09  1.61316316711284405e-08  3.33783447078005830e-08  6.90642502798886925e-08  1.42900659992788442e-07  2.95680314612069011e-07  6.11768489579220879e-07  1.26583540698012482e-06  2.61874981860769288e-06  5.41874245219510275e-06  1.12065596924775744e-05  2.31923453089977628e-05  4.79167333310056681e-05  9.92285127110782570e-05  2.04391713780726096e-04  4.24292341037840325e-04  8.65812760010879951e-04  1.81334611404757170e-03  
1.46779926762207055e-05  2.04320349231053276e-09  4.22766745777490194e-09  8.74760561309921066e-09  1.80999783253138456e-08  3.74510865993800977e-08  7.74912485695821985e-08  1.60336817409803367e-07  3.31757464503628916e-07  6.86411504063835070e-07  1.42027582400621082e-06  2.93824061682025108e-06  6.07975944983620657e-06  1.25734657316871024e-05  2.60203004729167960e-05  5.37579030353704736e-05  1.11314004784826342e-04  2.29270024220602607e-04  4.75808846554462797e-04  9.70789134350505986e-04  2.03168304489855216e-03  
1.52522295653901983e-05  2.29251171551303341e-09  4.74351982697946111e-09  9.81497145914575937e-09  2.03084974617518935e-08  4.20207713485067821e-08  8.69464719427801266e-08  1.79900431395823411e-07  3.72236417190090951e-07  7.70161488241877253e-07  1.59355768916053203e-06  3.29670562839619988e-06  6.82139700498672579e-06  1.41070530052869566e-05  2.91929104577448619e-05  6.03106208368783161e-05  1.24869483699720793e-04  2.57170903525820330e-04  5.33557907773236288e-04  1.08843222050681817e-03  2.27605166510633401e-03  
1.58489319246111412e-05  2.57224007734533107e-09  5.32231547699586738e-09  1.10125749005675179e-08  2.27864941052722276e-08  4.71480337090297804e-08  9.75553777276970629e-08  2.01851074689431617e-07  4.17654215848217127e-07  8.64129478657179732e-07  1.78797934737952138e-06  3.69889839273918231e-06  7.65348480467518945e-06  1.58276370078936612e-05  3.27521438917151468e-05  6.76614565379814929e-05  1.40073337809156162e-04  2.88460376204843414e-04  5.98288870927613870e-04  1.22025723193504732e-03  2.54950215938700223e-03  
1.64689786548286871e-05  2.88610038223722559e-09  5.97173460155461506e-09  1.23563071714913759e-08  2.55668489396509255e-08  5.29009066866839274e-08  1.09458730286363073e-07  2.26479989243872790e-07  4.68613420633043338e-07  9.69562040106492102e-07  2.00611944555818695e-06  4.15015203514395860e-06  8.58705036432069118e-06  1.77580072530128622e-05  3.67450724338298299e-05  7.59074890991340133e-05  1.57125518353029510e-04  3.23548532092875619e-04  6.70840206323324658e-04  1.36795777372599554e-03  2.85543102643478824e-03  
1.71132830416178096e-05  3.23825734031649138e-09  6.70039450960978943e-09  1.38639984967655555e-08  2.86864545840017634e-08  5.93557241970838115e-08  1.22814468528923087e-07  2.54113949721609783e-07  5.25790100394190807e-07  1.08785779433907300e-06  2.25087110548996327e-06  4.65644989441665630e-06  9.63446485509442970e-06  1.99237281127180424e-05  4.12244896962074296e-05  8.51575773931571015e-05  1.76250128155617684e-04  3.62894775311164118e-04  7.52149906542991307e-04  1.53342622304156401e-03  3.19761808518678097e-03  
1.77827941003892290e-05  3.63338382963742567e-09  7.51796396855387205e-09  1.55556546775728948e-08  3.21867050987568659e-08  6.65981338506735920e-08  1.37799801251920141e-07  2.85119598248840676e-07  5.89942798995686157e-07  1.22058596378468054e-06  2.52548026051265883e-06  5.22450474833135461e-06  1.08096066569284610e-05  2.23534761398465217e-05  4.62496049203884902e-05  9.55337834866427189e-05  1.97698317603227684e-04  4.07013685593543486e-04  8.43267058379958828e-04  1.71877629121313410e-03  3.58026698224683804e-03  
1.84784979742229076e-05  4.07672290117185856e-09  8.43529149939988811e-09  1.74537225417356108e-08  3.61140452213855399e-08  7.47242332766530435e-08  1.54613558173438621e-07  3.19908307585052073e-07  6.61922596217935417e-07  1.36950717143123405e-06  2.83358867895747426e-06  5.86184762086885494e-06  1.21280450129905356e-05  2.50794174282202397e-05  5.18868235336080992e-05  1.07172954709913620e-04  2.21751567690415819e-04  4.56481396229791608e-04  9.45365326183573193e-04  1.92636567852498271e-03  4.00805797780836442e-03  
1.92014193863880117e-05  4.57415734987169005e-09  9.46454932401045681e-09  1.95833877887155841e-08  4.05205865879450402e-08  8.38418451718929992e-08  1.73478827421464320e-07  3.58941638753129680e-07  7.42684390657513898e-07  1.53659679410657416e-06  3.17928216106930612e-06  6.57692764750362514e-06  1.36072450556649120e-05  2.81376341875762384e-05  5.82106087596265500e-05  1.20228543819363051e-04  2.48725179116424913e-04  5.11943388232065475e-04  1.05975540732308553e-03  2.15883050840518041e-03  4.48617040737848104e-03  
1.99526231496887862e-05  5.13228777400880393e-09  1.06193948776813262e-08  2.19729091683013224e-08  4.54647991625904253e-08  9.40719478112162020e-08  1.94645915108631913e-07  4.02737463021524405e-07  8.33299563249098659e-07  1.72407114403513628e-06  3.56714467366346636e-06  7.37922383824759184e-06  1.52667986692491499e-05  3.15685994575367305e-05  6.53044601023991701e-05  1.34872597873818886e-04  2.78972354364836193e-04  5.74122504857685866e-04  1.18790138146353556e-03  2.41911394401386802e-03  5.02034152321840371e-03  
2.07332157348595416e-05  5.75852015814036602e-09  1.19151520314963179e-08  2.46539934211971863e-08  5.10122870677638758e-08  1.05550279917502523e-07  2.18395666520307403e-07  4.51876828330925319e-07  9.34970193071963098e-07  1.93441681040773482e-06  4.00231919214649683e-06  8.27937000584844095e-06  1.71286849762891183e-05  3.54177032871105788e-05  7.32620318674887005e-05  1.51297901164769894e-04  3.12889069943118306e-04  6.43826725234020419e-04  1.33144317711685837e-03  2.71048151383730717e-03  5.61699063762807413e-03  
2.15443469003188232e-05  6.46116414547241878e-09  1.33690144151894647e-08  2.76622160070951343e-08  5.72366589158875029e-08  1.18429141890765129e-07  2.45043190292094025e-07  5.07011671102710221e-07  1.04904497663866785e-06  2.17042368742819258e-06  4.49057553677190454e-06  9.28929642995323966e-06  1.92175566659099508e-05  3.97358640448944555e-05  8.21883058749697007e-05  1.69720672711467878e-04  3.50918402492726678e-04  7.21961987666451793e-04  1.49220595889312953e-03  3.03659566572683694e-03  6.28313892883119486e-03  
2.23872113856833792e-05  7.24954329619679931e-09  1.50002735655982497e-08  3.10374930996574135e-08  6.42205045697851840e-08  1.32879415860287350e-07  2.74942040274681602e-07  5.68873455774592066e-07  1.17703713555495761e-06  2.43522184908518182e-06  5.03838713026176496e-06  1.04223862687639679e-05  2.15610702809536057e-05  4.45801791387195274e-05  9.22010334935421889e-05  1.90383104838662948e-04  3.93557147590682405e-04  8.09539802907459230e-04  1.67223532203328458e-03  3.40150534841300979e-03  7.02666402628206177e-03  
2.32630506715362866e-05  8.13411880508282806e-09  1.68305748891666327e-08  3.48246112541402327e-08  7.20564907515759712e-08  1.49092833354780200e-07  3.08488903049057524e-07  6.38282884460756755e-07  1.32064444545219730e-06  2.73232314696906284e-06  5.65301623815222935e-06  1.16936541888840396e-05  2.41902445670775447e-05  5.00146989796938400e-05  1.03432183858405858e-04  2.13556824559188398e-04  4.41360889694325932e-04  9.07694363238473602e-04  1.87380405887471518e-03  3.80975399864314293e-03  7.85613121339742530e-03  
2.41731548080410138e-05  9.12662830729204566e-09  1.88842048813618603e-08  3.90738215996523450e-08  8.08485906855326360e-08  1.67284518228622931e-07  3.46128862323591670e-07  7.16160771463830073e-07  1.48177177790298344e-06  3.06566760847910381e-06  6.34261057878087893e-06  1.31199429787092056e-05  2.71398761140776233e-05  5.61112425318411462e-05  1.16029758610327249e-04  2.39546044056137332e-04  4.94952344342356387e-04  1.01769156058471736e-03  2.09945683225781429e-03  4.26635937233477147e-03  8.78112213666867002e-03  
2.51188643150958219e-05  1.02402416261178675e-08  2.11884133689171965e-08  4.38415066058515167e-08  9.07134634617970806e-08  1.87695840893504342e-07  3.88361301313766493e-07  8.03540259113264022e-07  1.66255633268662075e-06  3.43967569987867420e-06  7.11631089119488679e-06  1.47201470120759252e-05  3.04489942386579801e-05  6.29503525091720519e-05  1.30159669276254234e-04  2.68691658099075878e-04  5.55028518630412324e-04  1.14094698168878701e-03  2.35202981109003785e-03  4.77690115980950597e-03  9.81218097807568836e-03  
2.61015721568253865e-05  1.14897355239083791e-08  2.37737750696691773e-08  4.91909281967253116e-08  1.01782001688050072e-07  2.10597620691562209e-07  4.35746525119521975e-07  9.01580522639094238e-07  1.86539594689679219e-06  3.85930694805679340e-06  7.98437161062827598e-06  1.65154627553157529e-05  3.41613712336998954e-05  7.06223643826499510e-05  1.46007843057107686e-04  3.01375807489785046e-04  6.22368750737430326e-04  1.27904567746059015e-03  2.63467295741492101e-03  5.34761408038113804e-03  1.09607601033875693e-02  
2.71227257933202964e-05  1.28916897675110927e-08  2.66745952939709492e-08  5.51930670346227445e-08  1.14201068333958542e-07  2.36293717464179949e-07  4.88913196130478651e-07  1.01158212596857015e-06  2.09298092861134939e-06  4.33012542166715369e-06  8.95829725979051273e-06  1.85296657911954790e-05  3.83261088147297203e-05  7.92285498686360105e-05  1.63782781198406593e-04  3.38026225124454457e-04  6.97846473132141118e-04  1.43375362350164665e-03  2.95091345590017991e-03  5.98534382386173118e-03  1.22396973146128348e-02  
2.81838293126445487e-05  1.44647071293380384e-08  2.99293650965084889e-08  6.19275643827256073e-08  1.28135444779060563e-07  2.65125063763247125e-07  5.48566666719116702e-07  1.13500428507835893e-06  2.34832963725679653e-06  4.85837367804106030e-06  1.00509935799738470e-05  2.07894283203258525e-05  4.29982697863248286e-05  8.88824934625572004e-05  1.83718064537118330e-04  3.79122421189048123e-04  7.82437349129832334e-04  1.60704888476879298e-03  3.30465665070542747e-03  6.69775358312631620e-03  1.36627769328927853e-02  
2.92864456462523738e-05  1.62296602153627437e-08  3.35812720199977882e-08  6.94837786552631171e-08  1.43770017335752060e-07  2.97474185807297431e-07  6.15498339636296003e-07  1.27348419284658593e-06  2.63482855959535924e-06  5.45105511202148754e-06  1.12769392672151377e-05  2.33246668121844473e-05  4.82396171220595936e-05  9.97115179292738178e-05  2.06075589567286926e-04  4.25200973171035600e-04  8.77234345345078879e-04  1.80113369578124047e-03  3.70027020688425481e-03  7.49323824475511911e-03  1.52453996168736214e-02  
3.04321988710772219e-05  1.82099684237128152e-08  3.76787730989790688e-08  7.79619710720303262e-08  1.61312229746230037e-07  3.33770278712029189e-07  6.90596159257780865e-07  1.42885873912833960e-06  2.95627712030082670e-06  6.11602687763851838e-06  1.26523765193973392e-05  2.61689394547468997e-05  5.41194135986887464e-05  1.11858387299959585e-04  2.31148789425188579e-04  4.76862913197189568e-04  9.83458965757767149e-04  2.01846835002469091e-03  4.14259987321700853e-03  8.38111286410666255e-03  1.70042440583168600e-02  
3.16227766016837953e-05  2.04319086908378626e-08  4.22762377909770482e-08  8.74746358994874149e-08  1.80994835090538793e-07  3.74494899864937315e-07  7.74856385397887540e-07  1.60318886603344807e-06  3.31693799647149595e-06  6.86210394580670754e-06  1.41955253631770668e-05  2.93598893694544194e-05  6.07153266619046969e-05  1.25483180597773354e-04  2.59266357899478087e-04  5.34781511779150107e-04  1.10247542800950404e-03  2.26180232987399817e-03  4.63700955927857667e-03  9.37172998769940542e-03  1.89572065219595770e-02  
3.28599324760065441e-05  2.29249641387952756e-08  4.74346693987252598e-08  9.81479927941187698e-08  2.03078984078585371e-07  4.20188354118714332e-07  8.69396812345651030e-07  1.79878685571044391e-06  3.72159369390837207e-06  7.69917532081206760e-06  1.59268258688899851e-05  3.29397345133580112e-05  6.81144682300585994e-05  1.40765292392610908e-04  2.90796773468702185e-04  5.99709607190388599e-04  1.23581143138669488e-03  2.53418984794178239e-03  5.18949463897546131e-03  1.04763435877113995e-02  2.11242938266043706e-02  
3.41454887383360085e-05  2.57222152889442822e-08  5.32225144055362969e-08  1.10123661595075574e-07  2.27857688612901296e-07  4.71456863138088251e-07  9.75471579456691098e-07  2.01824701893692399e-06  4.17560973178354881e-06  8.63833543989087142e-06  1.78692058487359056e-05  3.69558314461702149e-05  7.64145050858412516e-05  1.57905875103706906e-04  3.26152596238497774e-04  6.72490598729823729e-04  1.38517066566852445e-03  2.83904606803765279e-03  5.80665951017804785e-03  1.17074994482549346e-02  2.35265532650100473e-02  
3.54813389233575336e-05  2.88607789741878275e-08  5.97165706769802502e-08  1.23560540969860377e-07  2.55659709567171730e-07  5.28980602643123717e-07  1.09448781150519967e-06  2.26448003340506002e-06  4.68500585564719648e-06  9.69203029774652806e-06  2.00483857018756998e-05  4.14612898166238737e-05  8.57249677031292660e-05  1.77130329346562832e-04  3.65796171834138328e-04  7.54067320246674315e-04  1.55245921140227910e-03  3.18016223405792392e-03  6.49586557714409638e-03  1.30788088562955075e-02  2.61872977120218772e-02  
3.68694506451957361e-05  3.23823008339493005e-08  6.70030063480056732e-08  1.38636916681397493e-07  2.86853917145436112e-07  5.93522725929236405e-07  1.22802426481677679e-06  2.54075155111644755e-06  5.25653560119241143e-06  1.08742225202064672e-05  2.24932157951030931e-05  4.65156775994012892e-05  9.61686544716496228e-05  1.98691319923355384e-04  4.10245142832693481e-04  8.45495110174045920e-04  1.73980287432740034e-03  3.56176632701395070e-03  7.26522730609031366e-03  1.46053074985389251e-02  2.91311299971133419e-02  
3.83118684955728489e-05  3.63335078799839166e-08  7.51785030813857560e-08  1.55552826800722977e-07  3.21854184003522092e-07  6.65939484370927931e-07  1.37785225908488531e-06  2.85072546187163588e-06  5.89777571845793979e-06  1.22005758372391776e-05  2.52360571955576674e-05  5.21858022614638003e-05  1.07883238451443619e-04  2.22872021382731838e-04  4.60079075831424701e-04  9.47954578441508543e-04  1.94957291364287869e-03  3.98856507282916578e-03  8.12369667511280563e-03  1.63035007770274444e-02  3.23843024484621739e-02  
3.98107170553496946e-05  4.07668284611076586e-08  8.43515388716527720e-08  1.74532715197028298e-07  3.61124876129141290e-07  7.47191578509900033e-07  1.54595917373015608e-06  3.19851237784348585e-06  6.61722666034415931e-06  1.36886612828006874e-05  2.83132110691872117e-05  5.85465766180011138e-05  1.21023101863320780e-04  2.49989614680406287e-04  5.15947349049580362e-04  1.06276394965213838e-03  2.18442133421173227e-03  4.46576394812895489e-03  9.08124917009180653e-03  1.81910435930828646e-02  3.59755879750452978e-02  
4.13682040238851152e-05  4.57410879092468856e-08  9.46438271940739936e-08  1.95828409298344168e-07  4.05187011260210640e-07  8.38356901315711764e-07  1.73457477786955658e-06  3.58872413600191338e-06  7.42442487616270025e-06  1.53581900019098364e-05  3.17653942131017355e-05  6.56820108193693387e-05  1.35761308326153837e-04  2.80399499519146881e-04  5.78576816151744520e-04  1.19139698292198095e-03  2.44730412275277276e-03  4.99914690225834735e-03  1.01488667501642878e-02  2.02871872179299882e-02  3.99351891745877846e-02  
4.29866234708227240e-05  5.13222890574335958e-08  1.06191931728211645e-07  2.19722461082730441e-07  4.54625168432353923e-07  9.40644835080707152e-07  1.94620076959938024e-06  4.02653493609126696e-06  8.33006876962008294e-06  1.72312742937374848e-05  3.56382722069721321e-05  7.36863233958445264e-05  1.52291811447879141e-04  3.14499997627879380e-04  6.48780361111921892e-04  1.33550281221944222e-03  2.74150690048638890e-03  5.59516281398878424e-03  1.13385155877749506e-02  2.26132494664822922e-02  4.42940423759732443e-02  
4.46683592150963482e-05  5.75844879057930135e-08  1.19149078364001459e-07  2.46531894512981324e-07  5.10095244288074424e-07  1.05541227614845221e-06  2.18364397182605119e-06  4.51774971035185841e-06  9.34616076567258933e-06  1.93327173701441672e-05  3.99830680628388731e-05  8.26651446622316655e-05  1.70832080000538522e-04  3.52737033675596594e-04  7.27468564866335776e-04  1.49691996990115221e-03  3.07070274776210942e-03  6.26090863869578802e-03  1.26635289181890077e-02  2.51915694007715414e-02  4.90855827912127507e-02  
4.64158883361278179e-05  6.46107762572826083e-08  1.33687187754890256e-07  2.76612411966774287e-07  5.72333148241047552e-07  1.18418163957726801e-06  2.45005347467219058e-06  5.06888118305211784e-06  1.04861652797469276e-05  2.16903433603208860e-05  4.48572253624431516e-05  9.27369356536474976e-05  1.91625769905503265e-04  3.95610350878777383e-04  8.15659009360682522e-04  1.67770562356326204e-03  3.43896464336307470e-03  7.00429964132736824e-03  1.41383103124494754e-02  2.80469850829926995e-02  5.43430023170533294e-02  
4.82317848223930951e-05  7.24943840598957549e-08  1.49999156486667705e-07  3.10363111280151002e-07  6.42164567204337035e-07  1.32866102429355954e-06  2.74896243125107036e-06  5.68723583100504705e-06  1.17651876700710034e-05  2.43353606560559571e-05  5.03251763066971504e-05  1.04034484436166163e-04  2.14946058886900928e-04  4.43679159459315969e-04  9.14491434046648365e-04  1.88015001757500669e-03  3.85084548338200617e-03  7.83400597366673557e-03  1.57789259698624569e-02  3.12049680727373401e-02  6.01020192830599015e-02  
5.01187233627272514e-05  8.13399164368484269e-08  1.68301415773436706e-07  3.48231780942473431e-07  7.20515910582251436e-07  1.49076687535592493e-06  3.08433479907674963e-06  6.38101084908677371e-06  1.32001728997013436e-05  2.73027768569036389e-05  5.64591741257586889e-05  1.16706687040746252e-04  2.41098982057767329e-04  4.97569905625864779e-04  1.02523912217216220e-03  2.10681273459139120e-03  4.31139003507233741e-03  8.75966252752535639e-03  1.76026915980748641e-02  3.46936733822182444e-02  6.63967043432963921e-02  
5.20794832859546521e-05  9.12647415296740844e-08  1.88836802669908520e-07  3.90720839688169185e-07  8.08426595256131623e-07  1.67264938825766709e-06  3.46061784988390366e-06  7.15940263253473849e-06  1.48101293725667575e-05  3.06318600524485015e-05  6.33402403682485122e-05  1.30920486937192608e-04  2.70427363430287605e-04  5.57984182156796350e-04  1.14932435000861710e-03  2.36055230015267759e-03  4.82618613061151693e-03  9.79195208043736644e-03  1.96282429726730052e-02  3.85428145903764091e-02  7.32613753088955932e-02  
5.41169526546463734e-05  1.02400547453350102e-07  2.11877782281005923e-07  4.38393997694525767e-07  9.07062838962752519e-07  1.87672097023219906e-06  3.88280122038780990e-06  8.03272790978099455e-06  1.66163819774957675e-05  3.43666483333616090e-05  7.10592545549916944e-05  1.46862940213153174e-04  3.03315604410089813e-04  6.25706073729090503e-04  1.28834102739007516e-03  2.64453826576003127e-03  5.40149668115989193e-03  1.09424067420385435e-02  2.18766635517493244e-02  4.27823343924794083e-02  8.07299218672893615e-02  
5.62341325190349070e-05  1.14895089802145484e-07  2.37730060753671180e-07  4.91883738647723648e-07  1.01773310378392320e-06  2.10568828792942086e-06  4.35648271308478037e-06  9.01256124924910164e-06  1.86428497071401175e-05  3.85565438005380486e-05  7.97180894781019143e-05  1.64743845267551419e-04  3.40193845695492395e-04  7.01614769429142939e-04  1.44406329837229062e-03  2.96232586967364519e-03  6.04417459280379588e-03  1.22240393409186153e-02  2.43695136790859669e-02  4.74455756580399249e-02  8.88319666573501310e-02  
5.84341413373517512e-05  1.28914151422345534e-07  2.66736642408352268e-07  5.51899701484137602e-07  1.14190547019694720e-06  2.36258804186269689e-06  4.88794277326153950e-06  1.01118868010142712e-05  2.09163662151632742e-05  4.32569437896568329e-05  8.94310118148589647e-05  1.84798204060497329e-04  3.81544409278787014e-04  7.86691920882177540e-04  1.61847995276706634e-03  3.31784546368674594e-03  6.76191319493347955e-03  1.36507416578039876e-02  2.71314521044709982e-02  5.25645561229949876e-02  9.75954779483476642e-02  
6.07202195690988389e-05  1.44643742352147991e-07  2.99282377676801676e-07  6.19238099461251438e-07  1.28122707249700723e-06  2.65082731090914234e-06  5.48422724274595341e-06  1.13452714250337725e-05  2.34670282520649271e-05  4.85299893048288291e-05  1.00326097819305486e-04  2.07289545685188266e-04  4.27906863880208124e-04  8.82037752636764013e-04  1.81380300913476251e-03  3.71550038515546703e-03  7.56311024544743978e-03  1.52381424179113753e-02  3.01873883941139627e-02  5.81746223038157456e-02  1.07040739122750278e-01  
6.30957344480192930e-05  1.62292567069391507e-07  3.35799069733794529e-07  6.94792273017229633e-07  1.43754595864104349e-06  2.97422860537816267e-06  6.15324095473072000e-06  1.27290559816292287e-05  2.63285970439138903e-05  5.44453637493339285e-05  1.12546967793561548e-04  2.32513086804364615e-04  4.79885751916555106e-04  9.88881250290103578e-04  2.03250592153660136e-03  4.16016731929913161e-03  8.45711490011882665e-03  1.70030514206763565e-02  3.35651075022891654e-02  6.43091942805496808e-02  1.17182610178275567e-01  
6.55641849417978493e-05  1.82094793281013828e-07  3.76771201864743262e-07  7.79564537324367159e-07  1.61293558508759280e-06  3.33708051782088223e-06  6.90385230642198809e-06  1.42815713871582192e-05  2.95389425692850511e-05  6.10812092415766411e-05  1.26254648526802479e-04  2.60799561357195084e-04  5.38158105359307819e-04  1.10859558203428446e-03  2.27735051624621508e-03  4.65725279181422331e-03  9.45428481355325978e-03  1.89636243638337323e-02  3.72938885178742477e-02  7.10022735065102967e-02  1.28025295814452988e-01  
6.81292069057960829e-05  2.04313158913033201e-07  4.22742361701350242e-07  8.74679480676508024e-07  1.80972227373629993e-06  3.74419462950332093e-06  7.74601022840129825e-06  1.60233821123942965e-05  3.31405370926911882e-05  6.85251701298770496e-05  1.41629595179355286e-04  2.92519735979717799e-04  6.03480948144845394e-04  1.24271849252075494e-03  2.55140442656434782e-03  5.21280022653954674e-03  1.05658744330537676e-02  2.11401651701774475e-02  4.14038082784026068e-02  7.82871105598083872e-02  1.39560672765619731e-01  
7.07945784384137313e-05  2.29242456631702000e-07  4.74322454445373718e-07  9.81398863823931015e-07  2.03051609130988098e-06  4.20096906154577847e-06  8.69087644292736467e-06  1.79775552652623594e-05  3.71810232020347507e-05  7.68755067788718630e-05  1.58874160262108065e-04  3.28088686610982785e-04  6.76702521989933428e-04  1.39296424404533950e-03  2.85809997543574282e-03  5.83345844555624177e-03  1.18044602305342975e-02  2.35539257464273920e-02  4.59275025281126667e-02  8.61940165268684083e-02  1.51765690517608270e-01  
7.35642254459642134e-05  2.57213445426616417e-07  5.32195788255064843e-07  1.10113836392370898e-06  2.27824538657504024e-06  4.71346015524687394e-06  9.75097234126892094e-06  2.01699677716694458e-05  4.17138301534778527e-05  8.62424191057432389e-05  1.78215073082305548e-04  3.67971631457956214e-04  7.58770852326908028e-04  1.56125149612524380e-03  3.20124437509495359e-03  6.52664897227204274e-03  1.31836432800433289e-02  2.62285958911410051e-02  5.08975010557503812e-02  9.47511310199966039e-02  1.64598023368519253e-01  
7.64422274252599370e-05  2.88597237224244627e-07  5.97130153468639163e-07  1.23548633058092763e-06  2.55619564444377333e-06  5.28846247205742681e-06  1.09403452294743212e-05  2.26296451499825526e-05  4.67988857561625436e-05  9.67494502264803428e-05  1.99906507071789607e-04  4.12689349393965791e-04  8.50747358878100744e-04  1.74971898775392698e-03  3.58508719245729905e-03  7.30053764809480456e-03  1.47185002751924598e-02  2.91889826509682537e-02  5.63482427236286498e-02  1.03980976802355463e-01  1.77993607982543600e-01  
7.94328234724282208e-05  3.23810219957771903e-07  6.69987003763696883e-07  1.38622484782217273e-06  2.86805300059651860e-06  5.93359880251394309e-06  1.22747537591015400e-05  2.53891451355848454e-05  5.25034000215303810e-05  1.08535111065206203e-04  2.24233313668820199e-04  4.62824960457261546e-04  9.53819264437507654e-04  1.96075300394655833e-03  4.01435656465936111e-03  8.16414170799644942e-03  1.64255451932249635e-02  3.24617087340331387e-02  6.23142293288333482e-02  1.13899939103611042e-01  1.91862132142870873e-01  
8.25404185268018985e-05  3.63319581660710067e-07  7.51732876737352318e-07  1.55535337107979041e-06  3.21795302784450954e-06  6.65742123550408036e-06  1.37718754806173475e-05  2.84849892756585302e-05  5.89027376936944870e-05  1.21754720285410648e-04  2.51514560067096966e-04  5.19031782464249303e-04  1.06931229139276278e-03  2.19702179033978489e-03  4.49428322919100467e-03  9.12750179370469018e-03  1.83224618695145003e-02  3.60757705903185441e-02  6.88289733690839040e-02  1.24516402482118593e-01  2.06083367281222951e-01  
8.57695898590894544e-05  4.07649506280396687e-07  8.43452214636588389e-07  1.74511521674889842e-06  3.61053557020498161e-06  7.46952412863941213e-06  1.54515410724983409e-05  3.19581412779753698e-05  6.60814163818605022e-05  1.36582387547646265e-04  2.82107768986020831e-04  5.82041028664968016e-04  1.19870871843379026e-03  2.46149876190006984e-03  5.03068115200699592e-03  1.02016625868249708e-02  2.04285599258828797e-02  4.00616317344484746e-02  7.59252556409902996e-02  1.35827519199397423e-01  2.20503885502303404e-01  
8.91250938133745878e-05  4.57388125424989010e-07  9.46361747249768519e-07  1.95802728390268397e-06  4.05100624013278896e-06  8.38067087271596760e-06  1.73359968010447270e-05  3.58545439791684722e-05  7.41342220139023172e-05  1.53213243627137478e-04  3.16413618141539509e-04  6.52670528334463470e-04  1.34366689332707906e-03  2.75748990639248376e-03  5.63002830736907857e-03  1.13986727775215908e-02  2.27651619991021716e-02  4.44504580524989479e-02  8.36349403887404752e-02  1.47815876824195613e-01  2.34934021058766762e-01  
9.26118728128793694e-05  5.13195321165362626e-07  1.06182661628882990e-06  2.19691344290628326e-06  4.54520523543886021e-06  9.40293669770317777e-06  1.94501964832714713e-05  4.02257299700234147e-05  8.31674257552029149e-05  1.71866057624743611e-04  3.54880736273431347e-04  7.31836132238697346e-04  1.50603655246238583e-03  3.08868734824027224e-03  6.29946663533764457e-03  1.27319061863694055e-02  2.53547883822570937e-02  4.92755877700695524e-02  9.19860536377032911e-02  1.60447317396568728e-01  2.49145199035800791e-01  
9.62350626398088700e-05  5.75811474816540786e-07  1.19137848641337985e-06  2.46494191435774405e-06  5.09968482468235245e-06  1.05498677531876074e-05  2.18221329081921750e-05  4.51294908774531409e-05  9.33002033958717236e-05  1.92785954748212948e-04  3.98011843073859349e-04  8.20561486183712463e-04  1.68788665968960653e-03  3.45918763140374425e-03  7.04695142268707379e-03  1.42158438009678551e-02  2.82223398215650269e-02  5.45701788435308741e-02  1.01003377193497459e-01  1.73666174823453340e-01  2.62868407776809976e-01  
1.00000000000000005e-04  6.46067290081305082e-07  1.33673583618680319e-06  2.76566730598522630e-06  5.72179587560223065e-06  1.18366609696159605e-05  2.44832040270448173e-05  5.06306476041616026e-05  1.04666149661481901e-04  2.16247736853058067e-04  4.46369556470452191e-04  9.19992802352435695e-04  1.89152167515486275e-03  3.87356559693970755e-03  7.88121179738039343e-03  1.58665776417180777e-02  3.13935602944383080e-02  6.03694706807845066e-02  1.10704504475439849e-01  1.87392606251971267e-01  2.75793892306856359e-01  
1.03912230383516901e-04  7.24894805392786053e-07  1.49982675469436932e-06  3.10307764979701577e-06  6.41978536321474179e-06  1.32803640912934421e-05  2.74686297732569392e-05  5.68018900896829422e-05  1.17415061004520567e-04  2.42559270382244039e-04  5.00584084488475342e-04  1.03141076353775556e-03  2.11951631217787914e-03  4.33689268416162423e-03  8.81193792226351268e-03  1.77014828791664316e-02  3.48967742317090740e-02  6.67070259492569401e-02  1.21100762198784753e-01  2.01516897499781300e-01  2.87572031155872876e-01  
1.07977516232770940e-04  8.13339752603431992e-07  1.68281450349107264e-06  3.48164721776713817e-06  7.20290555704891259e-06  1.49001006893833461e-05  3.08179167884418679e-05  6.37247278184038135e-05  1.31714895839423889e-04  2.72065406607922670e-04  5.61361309566337971e-04  1.15624557884111087e-03  2.37474708020057575e-03  4.85478167672871545e-03  9.84988925085447664e-03  1.97391951232160669e-02  3.87620795706226373e-02  7.36161718779838048e-02  1.32192763454129142e-01  2.15897082423825132e-01  2.97816086442672934e-01  
1.12201845430196301e-04  9.12575434774694524e-07  1.88812614830943062e-06  3.90639593969774357e-06  8.08153585479607998e-06  1.67173248599305983e-05  3.45753705430667502e-05  7.14905877327435445e-05  1.47753845558436399e-04  3.05152822263198226e-04  6.29490085818538276e-04  1.29610008548915233e-03  2.66040316017471896e-03  5.43352406432797211e-03  1.10066770630951362e-02  2.20008087441053053e-02  4.30197616807536584e-02  8.11296779908868143e-02  1.43967936523387213e-01  2.30354545593775911e-01  3.06106149088425539e-01  
1.16591440117983110e-04  1.02391826356682484e-06  2.11848480086158587e-06  4.38295560465756491e-06  9.06732111637977012e-06  1.87561005422030435e-05  3.87906928452637928e-05  8.02019566257628711e-05  1.65742978751667414e-04  3.42254209718689958e-04  7.05854908916222460e-04  1.45275844678327548e-03  2.98006126294542845e-03  6.08000511416968443e-03  1.22953962946210239e-02  2.45079041451374165e-02  4.77035049115071969e-02  8.92759191708316496e-02  1.56398698780138429e-01  2.44671715920923627e-01  3.11996399032326899e-01  
1.21152765862858885e-04  1.14884523853297251e-06  2.37694561140992882e-06  4.91764478596789806e-06  1.01733243383077716e-05  2.10434239616033034e-05  4.35196170560838225e-05  8.99737894264547757e-05  1.85918719666646945e-04  3.83854746770366344e-04  7.91443351497109920e-04  1.62822061871615914e-03  3.33767546050459368e-03  6.80195373184982934e-03  1.37300268558326333e-02  2.72851569563469024e-02  5.28456644903256140e-02  9.80815165385249821e-02  1.69436734984203502e-01  2.58590207607599487e-01  3.15024291623267561e-01  
1.25892541179416744e-04  1.28901350062993810e-06  2.66693635785529353e-06  5.51755209768631320e-06  1.14142008264749324e-05  2.36095741832266814e-05  4.88246609759657114e-05  1.00934933532287137e-04  2.08546190767321853e-04  4.30497193797109716e-04  8.87362256048340563e-04  1.82471100337601596e-03  3.73767545684730411e-03  7.60780596353461108e-03  1.53262943747956154e-02  3.03574786949405463e-02  5.84818909546197113e-02  1.07565520015537000e-01  1.83011378597329855e-01  2.71810741203235340e-01  3.14725109287548377e-01  
1.30817747426019410e-04  1.44628232627900998e-06  2.99230276665142657e-06  6.19063037752038066e-06  1.28063905671522255e-05  2.64885172019193719e-05  5.47759292992971449e-05  1.13229877652659569e-04  2.33922376781409364e-04  4.82789721560671525e-04  9.94847769506368223e-04  2.04471764455723716e-03  4.18496397466759477e-03  8.50696409072539128e-03  1.71010698031210870e-02  3.37527917197797123e-02  6.46455900423210522e-02  1.17742024434322662e-01  1.97022868767942866e-01  2.83994207839099122e-01  3.10652430331572971e-01  
1.35935639087852550e-04  1.62273776910430432e-06  3.35735947772928912e-06  6.94580186793028840e-06  1.43683356845060611e-05  2.97183525464239006e-05  6.14520367508994094e-05  1.27020620425748307e-04  2.62379995295883230e-04  5.41413401760522666e-04  1.11528110603627230e-03  2.29101834729573614e-03  4.68497706685299786e-03  9.50984052201804542e-03  1.90725840596077910e-02  3.75004543219743178e-02  7.13707292545496530e-02  1.28614809478768022e-01  2.11340306248240767e-01  2.94764586678681273e-01  3.02406921504452586e-01  
1.41253754462275407e-04  1.82072028209187076e-06  3.76694730168473280e-06  7.79307587380660662e-06  1.61207254881174451e-05  3.33418095032976983e-05  6.89411589262170244e-05  1.42488700351144369e-04  2.94292053537533870e-04  6.07129696753169247e-04  1.25020926135261290e-03  2.56669741630753765e-03  5.24379459654371154e-03  1.06277343637054735e-02  2.12612743477938043e-02  4.16305727321295005e-02  7.86903260717442682e-02  1.40175947927358269e-01  2.25796573052315042e-01  3.03712820980253484e-01  2.89678325643195289e-01  
1.46779926762206892e-04  2.04285579209958153e-06  4.22649712774418150e-06  8.74368192896597365e-06  1.80867667833482784e-05  3.74068200671377258e-05  7.73421471904993645e-05  1.59837700194666592e-04  3.30076072456090175e-04  6.80792038937015772e-04  1.40135593617166532e-03  2.87520888243502975e-03  5.86809340249501432e-03  1.18733149152349827e-02  2.36883663345155947e-02  4.61761225055022928e-02  8.66339503210585005e-02  1.52403290017859794e-01  2.40185985403197799e-01  3.10402938186514654e-01  2.72296731048985274e-01  
1.52522295653901820e-04  2.29209043500267977e-06  4.74210208251061562e-06  9.81021739996482369e-06  2.02924935172381486e-05  4.19671367248140807e-05  8.67658686177380533e-05  1.79295709472416549e-04  3.70200071889611071e-04  7.63354003748732061e-04  1.57065121532867931e-03  3.22038058052041267e-03  6.56533837594729195e-03  1.32602365108719245e-02  2.63776908644980171e-02  5.11696849903604395e-02  9.52290727359666050e-02  1.65255598574390067e-01  2.54262268952480996e-01  3.14379657634394072e-01  2.50301057550458339e-01  
1.58489319246111419e-04  2.57172965864618586e-06  5.32059796636660429e-06  1.10068149200995197e-05  2.27671069214265134e-05  4.70830511537524948e-05  9.73366085841097608e-05  2.01118445176154344e-04  4.15187888808800072e-04  8.55883488415904174e-04  1.76024549657441930e-03  3.60648880390747415e-03  7.34372821966297867e-03  1.48036869471436603e-02  2.93539985229604693e-02  5.66460792689720896e-02  1.04497135873828736e-01  1.78669982038404979e-01  2.67738277253030066e-01  3.15179713935949291e-01  2.24007663070790952e-01  
1.64689786548286878e-04  2.88548198788275840e-06  5.96965385904080688e-06  1.23493287524116713e-05  2.55433621624505206e-05  5.28221799340994230e-05  1.09193714961306843e-04  2.25592467845705635e-04  4.65626134755573742e-04  9.59574676036208823e-04  1.97253902048925150e-03  4.03828751728502449e-03  8.21232966831177309e-03  1.65202486215240800e-02  3.26440534957237946e-02  6.26397798506077852e-02  1.14453768773848261e-01  1.92556478514474133e-01  2.80287054937443547e-01  3.12348996058164574e-01  1.94082109458508761e-01  
1.71132830416178096e-04  3.23750811560937226e-06  6.69787376919717730e-06  1.38555437195163848e-05  2.86580020911389371e-05  5.92603439982568666e-05  1.22493442755227901e-04  2.53038763501515238e-04  5.22172010611139680e-04  1.07576112724464814e-03  2.21021525362983607e-03  4.52103698819563901e-03  9.18123336651933790e-03  1.84276919190520701e-02  3.62768641050652887e-02  6.91844794070555352e-02  1.25106449459018360e-01  2.06794239791835865e-01  2.91544324500447039e-01  3.05467590061482441e-01  1.61584519144047839e-01  
1.77827941003892270e-04  3.63247607157365314e-06  7.51491028172542883e-06  1.55454108782230646e-05  3.21522383690409295e-05  6.64825731531898444e-05  1.37410947672878350e-04  2.83817013897999515e-04  5.85561027458278882e-04  1.20593401484836698e-03  2.47626391882708541e-03  5.06058588736573584e-03  1.02615300570076482e-02  2.05454480672015299e-02  4.02829431165171101e-02  7.63128477261437316e-02  1.36451815031734647e-01  2.21227536683151427e-01  3.01112030878950554e-01  2.94188114218580932e-01  1.27978204040774729e-01  
1.84784979742229062e-04  4.07562306980061398e-06  8.43159217548662464e-06  1.74413112481146378e-05  3.60722928605167987e-05  7.45842237891027575e-05  1.54142546028761908e-04  3.18330261794846621e-04  6.56616007170997794e-04  1.35176088410225346e-03  2.77401173779618336e-03  5.66344046678303806e-03  1.14653548889062564e-02  2.28948308790704255e-02  4.46937114286054538e-02  8.40563726463155053e-02  1.48472170094191586e-01  2.35662945094857357e-01  3.08562865704383293e-01  2.78286125511113258e-01  9.50790585359134743e-02  
1.92014193863880117e-04  4.57282478665208619e-06  9.46006793097088419e-06  1.95683501485701859e-05  4.04700096611979862e-05  8.36722115730034825e-05  1.72908315805719241e-04  3.57029853141228046e-04  7.36258111774125488e-04  1.51510269881911298e-03  3.10717012996279424e-03  6.33678731732660247e-03  1.28061244550230491e-02  2.54985347430428042e-02  4.95424480918836285e-02  9.24428432409800938e-02  1.61133002793115432e-01  2.49867037891402549e-01  3.13447086456808077e-01  2.57725133258438266e-01  6.49277544273156593e-02  
1.99526231496887876e-04  5.13067326297841247e-06  1.06139659722633647e-05  2.19546898825300397e-05  4.54035311685636406e-05  9.38664290233371458e-05  1.93954868960691983e-04  4.00421469297062671e-04  8.25517207057623113e-04  1.69803983405235445e-03  3.47986101409498896e-03  7.08861564812195057e-03  1.42984209109920709e-02  2.83814354019739784e-02  5.48625847942195988e-02  1.01496407830527491e-01  1.74378330315393876e-01  2.63565637735451275e-01  3.15301818839330339e-01  2.32728782034257203e-01  3.95976246038528129e-02  
2.07332157348595402e-04  5.75656399829783301e-06  1.19085754636035985e-05  2.46319187107416594e-05  5.09380708160413033e-05  1.05301276840967482e-04  2.17558661820859366e-04  4.49071078940397727e-04  9.25546302887251377e-04  1.90288997216080135e-03  3.89668529402389984e-03  7.92769890306567124e-03  1.59584178389084105e-02  3.15693845383747049e-02  6.06893381348231065e-02  1.11234217034872823e-01  1.88127449691727289e-01  2.76444529490055935e-01  3.13666568950655256e-01  2.03849458949441814e-01  2.09368631322125152e-02  
2.15443469003188449e-04  6.45879406820727487e-06  1.33610474848266003e-05  2.76354704415173378e-05  5.71467569307881676e-05  1.18127460876941471e-04  2.44029389748797923e-04  5.03612723768673645e-04  1.03763333860081171e-03  2.13224373364880428e-03  4.36273863291704051e-03  8.86379241529149098e-03  1.78035139851232573e-02  3.50908914080701601e-02  6.70561772781431836e-02  1.21667111719050328e-01  2.02269269160248233e-01  2.88151114219782067e-01  3.08106220260616737e-01  1.72024789845736908e-01  1.02895213077037577e-02  
2.23872113856833996e-04  7.24667188547202180e-06  1.49906217335353308e-05  3.10050907360166604e-05  6.41115935148849948e-05  1.32513946995463258e-04  2.73713994031578864e-04  5.64756411864368048e-04  1.16321720755573088e-03  2.38899307625511014e-03  4.88366872162110301e-03  9.90769597681470313e-03  1.98524814800561944e-02  3.89760456997451446e-02  7.39964427621914722e-02  1.32795115049760354e-01  2.16659760111534011e-01  2.98297634343021312e-01  2.98245361652550611e-01  1.38592041819872169e-01  8.23920791384492347e-03  
2.32630506715362622e-04  8.13063987832987587e-06  1.68188823660945549e-05  3.47853537985327882e-05  7.19245592106704300e-05  1.48650065041208186e-04  3.07001453885593278e-04  6.33295743772157118e-04  1.30390991517715087e-03  2.67634620875535374e-03  5.46579841206136074e-03  1.10710905213201125e-02  2.21264621917291286e-02  4.32552806807564860e-02  8.15427025997988580e-02  1.44605093859404454e-01  2.31117670977855794e-01  3.06465030346354528e-01  2.83815836597706983e-01  1.05262979064013079e-01  1.44070665708471036e-02  
2.41731548080410368e-04  9.12241357514428858e-06  1.88700393304950788e-05  3.90262622681408143e-05  8.06887610752401942e-05  1.66748151823467491e-04  3.44327064213822477e-04  7.10120419334408191e-04  1.46150619842160077e-03  2.99789957342464376e-03  6.11605241745675175e-03  1.23671275753507760e-02  2.46471528515849088e-02  4.79623063097577088e-02  8.97231477073675426e-02  1.57068732825046742e-01  2.45422453060652301e-01  3.12209564092391201e-01  2.64714807149936171e-01  7.40196982085461613e-02  2.74023908462649353e-02  
2.51188643150957955e-04  1.02351352689889890e-05  2.11712525126220972e-05  4.37838871714740652e-05  9.05198478843951187e-05  1.87046056955075433e-04  3.86178895755541073e-04  7.96223891053364215e-04  1.63801752424433899e-03  3.35763003715882930e-03  6.84219931050532824e-03  1.38098608852689781e-02  2.74393002959137031e-02  5.31295673983819064e-02  9.85640798920991712e-02  1.70136797003711676e-01  2.59312789445354408e-01  3.15071026277669752e-01  2.41077213008829477e-01  4.69488701507232015e-02  4.49057335984078820e-02  
2.61015721568253574e-04  1.14835492068350290e-05  2.37529845490215528e-05  4.91211248081495461e-05  1.01547444950259087e-04  2.09810497816736454e-04  4.33102949118256957e-04  8.92719546709786534e-04  1.83568116151896252e-03  3.75999226478286076e-03  7.65271936276092687e-03  1.54150918405219529e-02  3.05278977751414424e-02  5.87927567666945219e-02  1.08084187282220995e-01  1.83737355786069506e-01  2.72486935021375276e-01  3.14586332611085706e-01  2.13342718596679110e-01  2.60037470405579431e-02  6.39707432019548244e-02  
2.71227257933202707e-04  1.28841951005447276e-05  2.66494074468685436e-05  5.51085036891555037e-05  1.13916914668363739e-04  2.35340237509021951e-04  4.85711045643346902e-04  1.00085073259060554e-03  2.05699983704010769e-03  4.20991510524356804e-03  8.55706839515239272e-03  1.71997520503526305e-02  3.39410111586117905e-02  6.49851836023030982e-02  1.18297226798606908e-01  1.97768952303387452e-01  2.84604040103277889e-01  3.10309636947475209e-01  1.82323258197113536e-01  1.27200986990191594e-02  8.14569659725580125e-02  
2.81838293126445501e-04  1.44556269527686871e-05  2.98988516857503578e-05  6.18251139506320775e-05  1.27791233527222093e-04  2.63969988443318968e-04  5.44688322835946005e-04  1.12200674619998249e-03  2.30476745547157375e-03  4.71286416638900911e-03  9.56571426688964006e-03  1.91821461245706808e-02  3.77080858348645756e-02  7.17407804548695072e-02  1.29206453067032767e-01  2.12098701490080310e-01  2.95287057563532240e-01  3.01842098100802259e-01  1.49229151818059180e-01  7.95027854666611154e-03  9.45454015429605527e-02  
2.92864456462523751e-04  1.62186596770913504e-05  3.35443050953905639e-05  6.93596657601775488e-05  1.43353029400464818e-04  2.96075013468524012e-04  6.10800701046534402e-04  1.25774391110130917e-03  2.58208499423926135e-03  5.27495626950634598e-03  1.06899996621668877e-02  2.13828496549608588e-02  4.18592153452668064e-02  7.90925449653028106e-02  1.40803256253480669e-01  2.26557258083365826e-01  3.04126273055921381e-01  2.88875953322676737e-01  1.15662534744073051e-01  1.16281240797356331e-02  1.01243240633150669e-01  
3.04321988710772246e-04  1.81966407090329984e-05  3.76339905032713122e-05  7.78116062487073948e-05  1.60807118177466193e-04  3.32075309833540803e-04  6.84906771019370411e-04  1.40979565367404212e-03  2.89242743798183086e-03  5.90289965561458137e-03  1.19426749814925126e-02  2.38231068853500851e-02  4.64275713058540651e-02  8.70697684167243829e-02  1.53064720295674556e-01  2.40936689534898635e-01  3.10685057055337055e-01  2.71248354707607442e-01  8.35356876340893617e-02  2.26787530756196454e-02  1.00723391748637828e-01  
3.16227766016837939e-04  2.04157620317942571e-05  4.22219853401741260e-05  8.72924745564817613e-05  1.80382954381523390e-04  3.72441728046885088e-04  7.67965643987075699e-04  1.58010372210836314e-03  3.23964270635225234e-03  6.60420521222091720e-03  1.33374389687923069e-02  2.65269237413362502e-02  5.14456408951686692e-02  9.56998347941185740e-02  1.65948455347292051e-01  2.54988597059443656e-01  3.14507227950724111e-01  2.49011767628448316e-01  5.49246402322881438e-02  3.90532188804746799e-02  9.34899240652309477e-02  
3.28599324760065414e-04  2.29054017574640026e-05  4.73689469629072837e-05  9.79273042246005617e-05  2.02337802407285443e-04  4.17701201302926237e-04  8.61051657363690656e-04  1.77083051750691160e-03  3.62803291904874054e-03  7.38710853622624210e-03  1.48895764765585078e-02  2.95190476882843979e-02  5.69484363634891397e-02  1.05003761516059821e-01  1.79390299959979599e-01  2.68423915229956123e-01  3.15128744833935326e-01  2.22501974205155939e-01  3.18536868881988608e-02  5.79640809263604617e-02  8.12379661434682737e-02  
3.41454887383360085e-04  2.56985137873677739e-05  5.31429005679456089e-05  1.09856286617089505e-04  2.26959936433105151e-04  4.68443874334997660e-04  9.65365915917708794e-04  1.98439060783269818e-03  4.06237690486239023e-03  8.26073018534539266e-03  1.66157232276528399e-02  3.28264335560854922e-02  6.29702459409538645e-02  1.14996966095765804e-01  1.93298606269173057e-01  2.80913906410581338e-01  3.12095618349972515e-01  1.92408304513883882e-01  1.60203315641886009e-02  7.62809921603431612e-02  6.64657515806661853e-02  
3.54813389233575322e-04  2.88320637053703868e-05  5.96201256896385220e-05  1.23236619964747519e-04  2.54572268025661074e-04  5.25330871481128866e-04  1.08224979799964312e-03  2.22348300930369199e-03  4.54796369978572972e-03  9.23521443223002114e-03  1.85337236926056415e-02  3.64781452349749874e-02  6.95448252649504134e-02  1.25686328957703541e-01  2.07550820410452835e-01  2.92092574781754266e-01  3.04990108139412575e-01  1.59814125792084011e-01  8.52118360832032629e-03  9.10244509197805363e-02  5.19157585517348585e-02  
3.68694506451957334e-04  3.23475123829748486e-05  6.68861683283953945e-05  1.38244508905320242e-04  2.85536663459442629e-04  5.89101979636871809e-04  1.21320359760208494e-03  2.49111318408617392e-03  5.09067931031337208e-03  1.03216890997027289e-02  2.06631652961977129e-02  4.05046571674736039e-02  7.67048666267792639e-02  1.37067784690687117e-01  2.21989296172650230e-01  3.01560099637332824e-01  2.93470297116149803e-01  1.26202194454611644e-01  9.59950926293206934e-03  9.98904375501495773e-02  3.99742885001991496e-02  
3.83118684955728909e-04  3.62913624829366537e-05  7.50369584599897514e-05  1.55077463564427722e-04  3.20258540205951338e-04  6.60585058760171959e-04  1.35990404881862980e-03  2.79062892826545568e-03  5.69705755163256791e-03  1.15323793546126575e-02  2.30253408085551656e-02  4.49376583637435476e-02  8.44815463595741806e-02  1.49122909634742229e-01  2.36418617293073591e-01  3.08887558177314725e-01  2.77320806180892776e-01  9.34001403709317501e-02  1.85005538036662268e-02  1.01656727216272419e-01  3.22027452018019966e-02  
3.98107170553497352e-04  4.07157713630322985e-05  8.41800605991674996e-05  1.73956876898209657e-04  3.59191984015132042e-04  7.40706588806112638e-04  1.52422349697810895e-03  3.12576072114969638e-03  6.37433114818972395e-03  1.28807399718320233e-02  2.56431368672108556e-02  4.98103079539475371e-02  9.29026180075949587e-02  1.61816080388308692e-01  2.50603278259235396e-01  3.13623995232220620e-01  2.56518028797736886e-01  6.34524988728178974e-02  3.34676899160152239e-02  9.64089135132750324e-02  2.90629649248155299e-02  
4.13682040238850732e-04  4.56792342428239572e-05  9.44360885538525122e-05  1.95130855565534445e-04  4.02845658894463712e-04  8.30502678688415361e-04  1.70825384067411394e-03  3.50065581155797586e-03  7.13052405542555657e-03  1.43814521901837397e-02  2.85414129418736541e-02  5.51562638360171067e-02  1.01991799365239472e-01  1.75090178950167125e-01  2.64266970645061772e-01  3.15306218762354207e-01  2.31301092093422284e-01  3.84276660593829700e-02  5.19080990568324685e-02  8.55022472717209547e-02  2.99362434040186774e-02  
4.29866234708227673e-04  5.12473592822428379e-05  1.05940254492553840e-04  2.18877517819272431e-04  4.51788913058774480e-04  9.31133141555341563e-04  1.91432618394332113e-03  3.91994083349538145e-03  7.97445598493885625e-03  1.60507648990163079e-02  3.17461516612545860e-02  6.10106545980170639e-02  1.11765975357261335e-01  1.88863001959006571e-01  2.77093336456628425e-01  3.13474649508992120e-01  2.02240810183248354e-01  2.01572776721117078e-02  7.07515276529350062e-02  7.12297435847641242e-02  3.34392049794310364e-02  
4.46683592150963048e-04  5.74937161504476054e-05  1.18844177970527600e-04  2.45508403149492544e-04  5.06659628347868544e-04  1.04389327502025088e-03  2.14504691895381827e-03  4.38873663174621509e-03  8.91594463106252372e-03  1.79061119627721838e-02  3.52860165121491876e-02  6.74068886390283006e-02  1.22235522067530203e-01  2.03021828436497992e-01  2.88727781718630783e-01  3.07696571499946614e-01  1.70294734018197363e-01  9.95524096569150134e-03  8.69141633361568133e-02  5.63225447559049519e-02  3.78515437501599633e-02  
4.64158883361277732e-04  6.45008059719276075e-05  1.33317839752096701e-04  2.75372550042492909e-04  5.68171982272407854e-04  1.17023063338641794e-03  2.40332380892025648e-03  4.91272496637033297e-03  9.96583407228891077e-03  1.99663883715141544e-02  3.91911268398567256e-02  7.43782679937195768e-02  1.33399861321858160e-01  2.17420737790965324e-01  2.98780776647439017e-01  2.97600992318380386e-01  1.36821027647532206e-01  8.35872439161664503e-03  9.78242921085152733e-02  4.33440609940563132e-02  4.15801962307054268e-02  
4.82317848223930449e-04  7.23611623943702160e-05  1.49551715027263654e-04  3.08861253606714848e-04  6.37124350558046439e-04  1.31176643878601709e-03  2.69238420803841454e-03  5.49826015354774184e-03  1.11358753905401765e-02  2.22527827140949763e-02  4.34920524841824890e-02  8.19572096197195288e-02  1.45245114205682646e-01  2.31876457782567491e-01  3.06831845713542273e-01  2.82926607775716543e-01  1.03549717814822695e-01  1.49325976808564465e-02  1.01887671028035962e-01  3.41520780965253595e-02  4.35425079974252061e-02  
5.01187233627272528e-04  8.11785170312028052e-05  1.67759414335132302e-04  3.46412434468055868e-04  7.14411638572575434e-04  1.47030616992931541e-03  3.01584399228704446e-03  6.15230805305962136e-03  1.24392712844059623e-02  2.47871293123578980e-02  4.82224828970552188e-02  9.01718029412285488e-02  1.57741982894043897e-01  2.46166299733356020e-01  3.12436208036074414e-01  2.63581062018495182e-01  7.24740497960546931e-02  2.82301124343448499e-02  9.87643750472127629e-02  2.95684313329420898e-02  4.33443895479406552e-02  
5.20794832859546508e-04  9.10692163756224483e-05  1.88180222310328624e-04  3.88517069182556663e-04  8.01033228656471076e-04  1.64787281049791779e-03  3.37770316524337250e-03  6.88267626956221186e-03  1.38901526827327950e-02  2.75942346964213256e-02  5.34149634329056239e-02  9.90480591928667164e-02  1.70840103974164048e-01  2.60026801689654363e-01  3.15133099769775105e-01  2.39713686741298670e-01  4.56800162284092190e-02  4.58903816155257355e-02  8.94340067890370127e-02  2.92946557492197619e-02  4.12546553802297031e-02  
5.41169526546463747e-04  1.02163668921997238e-04  2.11082458567325086e-04  4.35724425936879101e-04  8.98109061051147878e-04  1.84671668270286081e-03  3.78244105606103135e-03  7.69789109995698117e-03  1.55043910369811206e-02  3.06991959949043797e-02  5.91051850196814416e-02  1.08604357644105781e-01  1.84466151355832220e-01  2.73154138574672023e-01  3.14459699981816942e-01  2.11782507230309364e-01  2.51050715577290466e-02  6.49489167421909291e-02  7.59385604592680563e-02  3.21472916515271601e-02  3.79644937724004719e-02  
5.62341325190349097e-04  1.14608114947071512e-04  2.36766679110135303e-04  4.88649983481490762e-04  1.00688977758498551e-03  2.06935507374597866e-03  4.23501353645708376e-03  8.60745930667015588e-03  1.72989893604639511e-02  3.41301876087507922e-02  6.53264189421899899e-02  1.18854046949197142e-01  1.98517052627116691e-01  2.85205477650347039e-01  3.09971747723049473e-01  1.80620278229460446e-01  1.22549172867570198e-02  8.22707926766804709e-02  6.09351261018057713e-02  3.64588883950135931e-02  3.42821444610047557e-02  
5.84341413373517539e-04  1.28566514965530466e-04  2.65569601898564143e-04  5.47982973288399121e-04  1.12877278945155328e-03  2.31859813635743430e-03  4.74091569639545265e-03  9.62190527455748443e-03  1.92923230123462838e-02  3.79167559057835696e-02  7.21125419421743824e-02  1.29799821166326712e-01  2.12858125597029602e-01  2.95801948366231360e-01  3.01274033555373355e-01  1.47458291678857767e-01  7.93959738483247975e-03  9.50655491267094893e-02  4.71046534487276208e-02  4.05502373399012558e-02  3.09246169543216758e-02  
6.07202195690988416e-04  1.44222593945264935e-04  2.97868754366792897e-04  6.14493816361122718e-04  1.26532373953326801e-03  2.59756384188701258e-03  5.30630064263702683e-03  1.07526186343008881e-02  2.15050944733318691e-02  4.20889991868733243e-02  7.94965270918706196e-02  1.41432321034623942e-01  2.27318050551738648e-01  3.04532226663178807e-01  2.88065051087104174e-01  1.13917574989466863e-01  1.20414332114118765e-02  1.01391897109678927e-01  3.65736848641287360e-02  4.31484761876351347e-02  2.83706103943145993e-02  
6.30957344480192984e-04  1.61782406710530560e-04  3.34086630616310079e-04  6.89046270005091326e-04  1.41828591670362949e-03  2.90974793766601717e-03  5.93790930549398070e-03  1.20124269956691197e-02  2.39585821399292687e-02  4.66802537921360908e-02  8.75074229496619754e-02  1.53727795664979183e-01  2.41686797655164043e-01  3.10958470351069771e-01  2.70191357994023551e-01  8.19233430835602655e-02  2.34317047121209189e-02  1.00492612205308307e-01  3.05159357547753439e-02  4.36312111692426993e-02  2.67724415082886344e-02  
6.55641849417978547e-04  1.81476782129198424e-04  3.74696924201628142e-04  7.72605029771802855e-04  1.58961273744928893e-03  3.25901876207913138e-03  6.64329794658102303e-03  1.34150767955828337e-02  2.66769557654770104e-02  5.17229318724021295e-02  9.61725036934080874e-02  1.66642709852235837e-01  2.55713809413541271e-01  3.14623755247366410e-01  2.47718674135465500e-01  5.35551738526491364e-02  4.00136371250467415e-02  9.29449026480698159e-02  2.89737314343238052e-02  4.20784549857950094e-02  2.59390602481880395e-02  
6.81292069057961506e-04  2.03564540387767321e-04  4.20229686008533824e-04  8.66250898713616054e-04  1.78147871767941782e-03  3.64970423313573699e-03  7.43073983806500672e-03  1.49759480330489241e-02  2.96849677335498073e-02  5.72522255157849394e-02  1.05512356357450987e-01  1.80111666018686473e-01  2.69107905159330640e-01  3.15064054538004734e-01  2.20999642890717690e-01  3.08272172548352853e-02  5.89715016008711748e-02  8.04954355191287163e-02  3.10060090396994149e-02  3.90798384728131970e-02  2.55132535642243960e-02  
7.07945784384138017e-04  2.28335677871357084e-04  4.71278620947125854e-04  9.71191920171969592e-04  1.99631291853075545e-03  4.08660785127075259e-03  8.30941080955285849e-03  1.67117253908863755e-02  3.30097708520757926e-02  6.33022319093139163e-02  1.15542167308368124e-01  1.94041387587821190e-01  2.81538316032091174e-01  3.11826528218706878e-01  1.90743898893347030e-01  1.54115301434655776e-02  7.71710170732439749e-02  6.56665826188064516e-02  3.50476063302968821e-02  3.54363485169463394e-02  2.52136208778284826e-02  
7.35642254459641402e-04  2.56115041538407002e-04  5.28508805918997786e-04  1.08877731253451907e-03  2.23683007604323506e-03  4.57504725339649611e-03  9.28951017265389895e-03  1.86403232253494165e-02  3.66804974029750000e-02  6.99067487433816387e-02  1.26268218789566150e-01  2.08307638119183097e-01  2.92637177354494127e-01  3.04496318896588625e-01  1.58055844797320405e-01  8.36606333013824310e-03  9.16548119480454504e-02  5.11987775650794563e-02  3.93725663285766428e-02  3.19109601277104277e-02  2.48892547466244805e-02  
7.64422274252600184e-04  2.87266704462491973e-04  5.92664294001608014e-04  1.22051667262461317e-03  2.50605099418684928e-03  5.12094777699278678e-03  1.03821962249244833e-02  2.07815108840835733e-02  4.07275265862570360e-02  7.70985578620986267e-02  1.37685688788128535e-01  2.22750846251587170e-01  3.02002974893084586e-01  2.92736880031925550e-01  1.24438472186878410e-01  9.88375091299375716e-03  1.00166692322526937e-01  3.94479435727459540e-02  4.25433039282002573e-02  2.90699000064605709e-02  2.44041750699644337e-02  
7.94328234724281314e-04  3.22198468638802075e-04  6.64578028656541528e-04  1.36809591586696945e-03  2.80734488118400622e-03  5.73087009835345114e-03  1.15997876660734866e-02  2.31565480363959339e-02  4.51828421104566308e-02  8.49084838208428588e-02  1.49775457409348473e-01  2.37173518464384309e-01  3.09205463013105863e-01  2.76341079747583651e-01  9.17344961928169556e-02  1.91562823795889646e-02  1.01549701078402541e-01  3.19194995930518408e-02  4.37166881886843356e-02  2.71762341453106945e-02  2.36343498354154684e-02  
8.25404185268018118e-04  3.61367174720094266e-04  7.45181842914639054e-04  1.53339881792317260e-03  3.14446143575022180e-03  6.41209308807134688e-03  1.29557783522130619e-02  2.57885112333652682e-02  5.00794872014820591e-02  9.33642331222912375e-02  1.62500798375162736e-01  2.51338002805171989e-01  3.13792748842276259e-01  2.55297469315379333e-01  6.19952068885156055e-02  3.43766843618622878e-02  9.59607342745272124e-02  2.90133784278083888e-02  4.27606021008920742e-02  2.61381838929195531e-02  2.26235853038506962e-02  
8.57695898590893758e-04  4.05284485520083181e-04  8.35518130526719687e-04  1.71852884503663895e-03  3.52157344852031514e-03  7.17267531729087575e-03  1.44649500853145010e-02  2.87022390927386718e-02  5.54513527291529834e-02  1.02489081558197734e-01  1.75803451307594172e-01  2.64965859266713788e-01  3.15301377221543166e-01  2.29860806463075079e-01  3.72834842228493488e-02  5.29173085734987378e-02  8.48131193632523789e-02  3.00654062039263370e-02  4.01361322785353733e-02  2.56210182719144690e-02  2.15887652870931750e-02  
8.91250938133745932e-04  4.54523153218221881e-04  9.36753530433257343e-04  1.92583066047537894e-03  3.94333318417287946e-03  8.02148385000193455e-03  1.61436240453420310e-02  3.19238555937156748e-02  6.13334600781755557e-02  1.12299661074594576e-01  1.89599677779273362e-01  2.77738650598854664e-01  3.13272529611725581e-01  2.00621306596677845e-01  1.94105787165597260e-02  7.16945464734287247e-02  7.04375606568183182e-02  3.36609569151489138e-02  3.66083289272902124e-02  2.53021188309893522e-02  2.06569136704606859e-02  
9.26118728128793776e-04  5.09724904601234117e-04  1.05019080718322792e-03  2.15792626800248404e-03  4.41488772068019363e-03  8.96839558545711561e-03  1.80092820540134410e-02  3.54821441025940237e-02  6.77592046033972800e-02  1.22805841129875498e-01  2.03775117821975355e-01  2.89299861648382506e-01  3.07275734249895849e-01  1.68557415283932421e-01  9.65603521973039045e-03  8.76379935389634684e-02  5.55723277092002935e-02  3.80728276969747731e-02  3.29728486923216366e-02  2.49988931223976765e-02  1.97600418531461292e-02  
9.62350626398088727e-04  5.71608129717344321e-04  1.17728615602211693e-03  2.41773958258330399e-03  4.94195209238008654e-03  1.00243026788835090e-02  2.00809288890676507e-02  3.94072904429415491e-02  7.47617911132623242e-02  1.34006480195802413e-01  2.18181923559369523e-01  2.99258219365188538e-01  2.96944498493370124e-01  1.35048326876522989e-01  8.50926951707789599e-03  9.82175172118685269e-02  4.27545790471435053e-02  4.17307111580741616e-02  2.98712971900352113e-02  2.45814984540286656e-02  1.88417244317265406e-02  
1.00000000000000002e-03  6.40976013005273965e-04  1.31967004732481746e-03  2.70851728634048704e-03  5.53091194196440438e-03  1.12010277525591145e-02  2.23797957323743912e-02  4.37300030491873729e-02  8.23734891302706218e-02  1.45886932374001022e-01  2.32634819982805940e-01  3.07191789291095307e-01  2.82024755003788929e-01  1.01841170816057869e-01  1.54819693933910991e-02  1.01899201764423963e-01  3.37947133912773201e-02  4.35829593952484842e-02  2.76717472023871487e-02  2.39075195056953939e-02  1.80171877720681599e-02  
1.03912230383516901e-03  7.18728676411555857e-04  1.47915883441691767e-03  3.03389452444032068e-03  6.18877548180643729e-03  1.25118211065139689e-02  2.49278688582694266e-02  4.84839251788155567e-02  9.06223058353095301e-02  1.58416890738330624e-01  2.46908991345567957e-01  3.12654703672613998e-01  2.62435085877629981e-01  7.09389736076049271e-02  2.90749443530337812e-02  9.84138164459838066e-02  2.94547939934578472e-02  4.32728233353531291e-02  2.63924633596262399e-02  2.29540870968189606e-02  1.73841172517552704e-02  
1.07977516232770927e-03  8.05871491059350297e-04  1.65778699104885394e-03  3.39789490176473866e-03  6.92338825765333437e-03  1.39708959017811763e-02  2.77499966176237255e-02  5.37017328750051398e-02  9.95339306100862659e-02  1.71544867519472205e-01  2.60738829759233348e-01  3.15185692272140827e-01  2.38339349124502720e-01  4.44265167345341619e-02  4.68862769515264594e-02  8.88057087061847883e-02  2.93810150129731433e-02  4.11014613020259933e-02  2.57505475631602497e-02  2.19043680789753545e-02  1.68261228580010337e-02  
1.12201845430196304e-03  9.03530950552437588e-04  1.85781810386649376e-03  3.80502202568599145e-03  7.74332472897624417e-03  1.55941866957679930e-02  3.08714068455969125e-02  5.94190669064724453e-02  1.09126468123815518e-01  1.85196111539078112e-01  2.73818414574004687e-01  3.14322325421750481e-01  2.10213887846563557e-01  2.42256171928786242e-02  6.59308368991564503e-02  7.51617342660595295e-02  3.23543071922826053e-02  3.77699846971596628e-02  2.53954628372158007e-02  2.09394046768521143e-02  1.62113480275983858e-02  
1.16591440117983121e-03  1.01296508770358029e-03  2.08178390195295051e-03  4.26025967417637767e-03  8.65814005330418045e-03  1.73987784613554991e-02  3.43203477887473948e-02  6.56692165747763124e-02  1.19412803642172383e-01  1.99265952696051185e-01  2.85802925975370326e-01  3.09622052445306994e-01  1.78912156318902782e-01  1.18117884499844387e-02  8.30785197981367685e-02  6.01558518017685923e-02  3.66939820083744261e-02  3.40890507932988113e-02  2.51013173710507853e-02  2.00429740743756496e-02  1.55787468224844426e-02  
1.21152765862858895e-03  1.13557946111784232e-03  2.33251092335627196e-03  4.76913239051874466e-03  9.67841605469280108e-03  1.94031149686390986e-02  3.81264809272575181e-02  7.24859711896827241e-02  1.30395090456560780e-01  2.13617881288533568e-01  2.96311696012109993e-01  3.00693365470915852e-01  1.45686631233353237e-01  7.95127447710006208e-03  9.55718206757412425e-02  4.64531613350267283e-02  4.07334286902971271e-02  3.07643387344139589e-02  2.47351152071694676e-02  1.91279382134768097e-02  1.50238011478973747e-02  
1.25892541179416749e-03  1.27294901298434645e-03  2.61313449894203529e-03  5.33782873109795580e-03  1.08155932907408915e-02  2.16280118040017358e-02  4.23199329260388751e-02  7.99022553856411355e-02  1.42063223403451511e-01  2.28078592483350412e-01  3.04931826949884188e-01  2.87241091778824176e-01  1.12177220884300932e-01  1.24737947656376053e-02  1.01525230733860786e-01  3.61380641341951317e-02  4.32294186351740925e-02  2.82602905502995910e-02  2.41541963467012677e-02  1.82563864441227172e-02  1.45226311142348970e-02  
1.30817747426019426e-03  1.42682703337944014e-03  2.92717094228170903e-03  5.97312362509401940e-03  1.20825726072680811e-02  2.40947973942761649e-02  4.69341750748699452e-02  8.79469001595142019e-02  1.54392589092063354e-01  2.42435958769253918e-01  3.11224272363795684e-01  2.69121435791484953e-01  8.03215414950802786e-02  2.41973506919916682e-02  1.00250031547483978e-01  3.03268051608374251e-02  4.35973127958088763e-02  2.67098128726768122e-02  2.32780057357532266e-02  1.75645120750365265e-02  1.39608935057135911e-02  
1.35935639087852544e-03  1.59917860279068318e-03  3.27850938068794924e-03  6.68261795339653020e-03  1.34931519151630427e-02  2.68277922065509704e-02  5.20015664372051184e-02  9.66470465030157266e-02  1.67338505373130858e-01  2.56437269400462076e-01  3.14731378317805344e-01  2.46413625192645952e-01  5.22018313202263981e-02  4.09791052190523336e-02  9.23921441604918792e-02  2.90033075979304333e-02  4.19507139218378219e-02  2.59069832181787821e-02  2.22325700272520757e-02  1.70031506422284873e-02  1.33610636408059598e-02  
1.41253754462275396e-03  1.79219048115280850e-03  3.67150343808901256e-03  7.47462368753021127e-03  1.50628035458707284e-02  2.98517649509104088e-02  5.75574576767577187e-02  1.06022863452940694e-01  1.80834317600172850e-01  2.69789229048099266e-01  3.14989188737339165e-01  2.19487343214788078e-01  2.98214291157873346e-02  5.99757336732695406e-02  7.97501937907381941e-02  3.11837177211275601e-02  3.88976908257627832e-02  2.54934648653561309e-02  2.12322492463379968e-02  1.64106167364153656e-02  1.28240473357625340e-02  
1.46779926762206914e-03  2.00830639637983093e-03  4.11098106704739247e-03  8.35837348170574181e-03  1.68082563907092641e-02  3.31940742164722191e-02  6.36357474520673760e-02  1.16089302493202012e-01  1.94785111883862494e-01  2.82159040456878563e-01  3.11546104355469200e-01  1.89072555012096633e-01  1.48264802548551851e-02  7.80493414146963549e-02  6.48730676919774957e-02  3.52823976449386165e-02  3.52425181908377974e-02  2.51959422702615690e-02  2.03259880222802294e-02  1.57719842152183355e-02  1.23466998987829500e-02  
1.52522295653901825e-03  2.25025678352395488e-03  4.60228905282605589e-03  9.34412043206270769e-03  1.87475004400119369e-02  3.68839101470286659e-02  7.02702836909991635e-02  1.26852034827057925e-01  2.09064958419949765e-01  2.93176980827571099e-01  3.03990250737468160e-01  1.56294764831180544e-01  8.23540742843412686e-03  9.22667064954886956e-02  5.04954575201848541e-02  3.95781410528876221e-02  3.17413904524324331e-02  2.48664917113700160e-02  1.94200179601385844e-02  1.51862387522127169e-02  1.18920861809653812e-02  
1.58489319246111408e-03  2.52107791238163643e-03  5.15139211503752581e-03  1.04430539637748853e-02  2.09004856015742140e-02  4.09515583451942056e-02  7.74939346091720882e-02  1.38305473668684481e-01  2.23512352028451100e-01  3.02439860329615173e-01  2.91990573524685104e-01  1.22677116028844777e-01  1.01901572685770356e-02  1.00421532985116371e-01  3.89381241289712896e-02  4.26588763364895707e-02  2.89464667429370423e-02  2.43693372328489220e-02  1.85169295558714232e-02  1.46815175467179364e-02  1.14364357694681160e-02  
1.64689786548286878e-03  2.82416029073945685e-03  5.76487877222177716e-03  1.16675835454235540e-02  2.32884498186659711e-02  4.54292773187296786e-02  8.53371861272985144e-02  1.50429784282951284e-01  2.37927716280439794e-01  3.09516123453711822e-01  2.75348406761602049e-01  9.00769925409468514e-02  1.98290198595808612e-02  1.01421984926831465e-01  3.16529574345497805e-02  4.37174111691233935e-02  2.71031192161793923e-02  2.35834519244053804e-02  1.77615923341173723e-02  1.41463865172659544e-02  1.10261880043896251e-02  
1.71132830416178107e-03  3.16327303480105557e-03  6.45007391247424088e-03  1.30312435431693737e-02  2.59346552406512464e-02  5.03500010462555048e-02  9.38276874360457758e-02  1.63187129891536914e-01  2.52071252190943063e-01  3.13952966954285706e-01  2.54064666779284576e-01  6.05518256752429554e-02  3.52953492274090189e-02  9.54956103376574800e-02  2.89797534048844667e-02  4.26581021107357988e-02  2.61017423371907725e-02  2.25659297104573962e-02  1.71783960043251638e-02  1.35448380315930234e-02  1.06739659980508526e-02  
1.77827941003892275e-03  3.54261472453574425e-03  7.21507046137701002e-03  1.45489182919624309e-02  2.88639132211614691e-02  5.57478632376954761e-02  1.02988258128169863e-01  1.76518101572596259e-01  2.65662389578955715e-01  3.15286723695433369e-01  2.28409907159656450e-01  3.61583097736935186e-02  5.39274540136980493e-02  8.41138585811590372e-02  3.02057848343500884e-02  3.99656481601449384e-02  2.56019439068417357e-02  2.15354561528437599e-02  1.66062481397964423e-02  1.29840457214599470e-02  1.03214875184544867e-02  
1.84784979742229068e-03  3.96686316248398736e-03  8.06878389790149052e-03  1.62369983300041792e-02  3.21024982598645744e-02  6.16577622699328795e-02  1.12835283461123453e-01  1.90337408145189957e-01  2.78380618196899077e-01  3.13059398974441905e-01  1.98993905233615820e-01  1.86864904454352235e-02  7.26298073446631776e-02  6.96432422240227250e-02  3.38880538004098161e-02  3.64129563065633682e-02  2.52875024254594592e-02  2.06076182060072090e-02  1.59731150301531816e-02  1.24918127785585819e-02  9.96889142321117500e-03  
1.92014193863880101e-03  4.44119264398708420e-03  9.02114742435247349e-03  1.81130253271174213e-02  3.56792824220280372e-02  6.81131234926642820e-02  1.23378084541573382e-01  2.04529056082042388e-01  2.89867509167490878e-01  3.06842860528152239e-01  1.66816039689269474e-01  9.38079748764488776e-03  8.83470565743181280e-02  5.48267960098726345e-02  3.82961982548310279e-02  3.27915250862592586e-02  2.49815836663504626e-02  1.97098265366102109e-02  1.53608343527012504e-02  1.20343208298792775e-02  9.61618877513809207e-03  
1.99526231496887892e-03  4.97135097254860180e-03  1.00831039842157726e-02  2.01961048028660127e-02  3.96245440329661899e-02  7.51470117448131830e-02  1.34614980971283382e-01  2.18943245142100201e-01  2.99730058618807693e-01  2.96275256518605312e-01  1.33276434343911843e-01  8.68242763420142526e-03  9.85916483066930915e-02  4.21750330067261828e-02  4.18796505910101480e-02  2.97311156034508230e-02  2.45539028119483999e-02  1.87930693092974374e-02  1.48383518420641784e-02  1.15773572654520648e-02  9.26283528749114599e-03  
2.07332157348595397e-03  5.56375487950794192e-03  1.12665495087244539e-02  2.25075049983227832e-02  4.39691368915578751e-02  8.27915439479312704e-02  1.46530549280610184e-01  2.33392695657359400e-01  3.07544892660068903e-01  2.81109915051307779e-01  1.00139011288511603e-01  1.60497878920347267e-02  1.01890860053122423e-01  3.34494969735645992e-02  4.36205159299031670e-02  2.75828162922067029e-02  2.38638586510004670e-02  1.79778802092666508e-02  1.43249893075385552e-02  1.11466275588058515e-02  8.90630414069416843e-03  
2.15443469003188427e-03  6.22545597601628208e-03  1.25847789279472915e-02  2.50693762636717034e-02  4.87466364433532182e-02  9.10746597201780583e-02  1.59093453240525512e-01  2.47650460567978570e-01  3.12865078888725001e-01  2.61276565808701622e-01  6.94161081708576794e-02  2.99314885864221149e-02  9.80463962045448473e-02  2.93520617762068094e-02  4.32000156783598002e-02  2.63459573701339371e-02  2.28995301597767140e-02  1.73527978161414458e-02  1.37360795124340795e-02  1.07815107273911571e-02  8.53881790114147630e-03  
2.23872113856833990e-03  6.96433677047778726e-03  1.40520922675754986e-02  2.79065924501762132e-02  5.39898767940749993e-02  1.00021697809656543e-01  1.72251082756073481e-01  2.61448788128892884e-01  3.15228879101649706e-01  2.36953768520475783e-01  4.31906062297123250e-02  4.78855614032753646e-02  8.81663220383416130e-02  2.94751245767949227e-02  4.09479548751358613e-02  2.57272560618751131e-02  2.18511764973355789e-02  1.67936904590425366e-02  1.31529803750971338e-02  1.04328803087046160e-02  8.17935131525763387e-03  
2.32630506715362628e-03  7.78902158009800016e-03  1.56844818866333398e-02  3.10445327566903247e-02  5.97344109271025700e-02  1.09650514414994432e-01  1.85927232340284743e-01  2.74479665313182908e-01  3.14174313444810616e-01  2.08636385181542178e-01  2.33678935037363450e-02  6.69073600133114899e-02  7.43813919381141331e-02  3.25641555185690185e-02  3.75780668375567534e-02  2.53796592312073611e-02  2.08918678474989718e-02  1.61761445922914034e-02  1.26421345540470350e-02  1.00783008886032206e-02  7.83111647497030001e-03  
2.41731548080410374e-03  8.70911233920657578e-03  1.74991218107354712e-02  3.45114958028330324e-02  6.60135835244344965e-02  1.19973492318667094e-01  2.00015640827972296e-01  2.86396293028418680e-01  3.09260625717467152e-01  1.77198619968220755e-01  1.13925632698113760e-02  8.38731156504021191e-02  5.93805199928572128e-02  3.69273694212481976e-02  3.38999209335296842e-02  2.50848502336156291e-02  1.99960170168399579e-02  1.55455789205950472e-02  1.21775378302400004e-02  9.72740030300905077e-03  7.49421571690476931e-03  
2.51188643150957944e-03  9.73524847175209415e-03  1.95145246927358428e-02  3.83372661068799025e-02  7.28610725855781544e-02  1.30992257311914578e-01  2.14377946689271209e-01  2.96816216111317144e-01  3.00100141305677026e-01  1.43914124391231329e-01  7.98637404568758834e-03  9.60596994951067040e-02  4.58114479125565563e-02  4.09114128061005902e-02  3.06094156836230862e-02  2.47111211637882217e-02  1.90799555577851887e-02  1.49955776597571113e-02  1.17222409923837863e-02  9.37256867064444228e-03  7.18726259172525455e-03  
2.61015721568253574e-03  1.08789255025834100e-02  2.17516052173465264e-02  4.25520208651285134e-02  8.03097348083187945e-02  1.42695956499538701e-01  2.28838857066989754e-01  3.05324982405525469e-01  2.86404163710796966e-01  1.10441413255872714e-01  1.29263035920405486e-02  1.01638230554198142e-01  3.57153394469475333e-02  4.33035765324688710e-02  2.81554905591114360e-02  2.41152085307383135e-02  1.82151747842760336e-02  1.44940268982627681e-02  1.12760349150342783e-02  9.01975212499909335e-03  6.90716216914577519e-03  
2.71227257933202674e-03  1.21531133735794765e-02  2.42317583398499632e-02  4.71893363130717267e-02  8.83882073757581432e-02  1.55059088425374331e-01  2.43184142614797649e-01  3.11482359571989165e-01  2.68038753497314763e-01  7.87300943082505644e-02  2.49771579433863793e-02  9.99889454819799517e-02  3.01504835675474245e-02  4.35570190035092092e-02  2.66519702643315329e-02  2.32250423394958320e-02  1.75336085992932808e-02  1.39279402872783831e-02  1.08917584115323061e-02  8.65391771911557840e-03  6.64860142560528243e-03  
2.81838293126445219e-03  1.35716658101954872e-02  2.69794400347951289e-02  5.22815440279663993e-02  9.71234711792034189e-02  1.68035825507289127e-01  2.57158939761966576e-01  3.14829998217872831e-01  2.45096820515670194e-01  5.08644487550361027e-02  4.19507928440940939e-02  9.18259195774118603e-02  2.90429075716843975e-02  4.18183385258832294e-02  2.58785589679824853e-02  2.21773329716957943e-02  1.69740316014410503e-02  1.33295054835435231e-02  1.05447011631812186e-02  8.29032010577534714e-03  6.40243386148089347e-03  
2.92864456462523740e-03  1.51501440266339233e-02  3.00194491131748724e-02  5.78641278013943827e-02  1.06535293297689876e-01  1.81558232557446297e-01  2.70467841250240093e-01  3.14904063265677658e-01  2.17965296339423714e-01  2.88362244122597235e-02  6.09773905722725967e-02  7.89986570036004254e-02  3.13669644362313330e-02  3.87131903681602191e-02  2.54765537019315119e-02  2.11827650785158250e-02  1.63777465134791606e-02  1.27965745702604775e-02  1.01898232763893287e-02  7.93957044907026184e-03  6.17664494039048793e-03  
3.04321988710772214e-03  1.69053200097633062e-02  3.33793481361548891e-02  6.39707941030782934e-02  1.16638376011198891e-01  1.95529753490343433e-01  2.82776029152238484e-01  3.11254269282242313e-01  1.87394567149423596e-01  1.42649179247380346e-02  7.89168270465616939e-02  6.40809829982831036e-02  3.55178313737192289e-02  3.50485402148568159e-02  2.51804967439542976e-02  2.02789357229903253e-02  1.57393240438653721e-02  1.23213591472532327e-02  9.83892964719804662e-03  7.59726584240535095e-03  5.96961731742522671e-03  
3.16227766016837939e-03  1.88552640856232655e-02  3.70883781047945879e-02  7.06354433269287957e-02  1.27437771363023977e-01  2.09822752438073745e-01  2.93711930889900108e-01  3.03471837804612510e-01  1.54531262987335105e-01  8.12870070514459808e-03  9.28615123642974466e-02  4.98001410997849156e-02  3.97803666295111213e-02  3.15731633393992531e-02  2.48458752388898592e-02  1.93713289385548035e-02  1.51585450523147557e-02  1.18669406742922100e-02  9.48441210492475921e-03  7.28007858069427884e-03  5.76366619713494441e-03  
3.28599324760065403e-03  2.10200982297249934e-02  4.11767476027749130e-02  7.78910094128027752e-02  1.38927131247308433e-01  2.24273779531830642e-01  3.02870696361063951e-01  2.91231344721070096e-01  1.20918509656298870e-01  1.05181723673370836e-02  1.00656135005229352e-01  3.84404663719644032e-02  4.27687530157806611e-02  2.88252541526427611e-02  2.43356417039951416e-02  1.84722808442392000e-02  1.46554208961165947e-02  1.14121822531643349e-02  9.13244556392782923e-03  6.99176217020132992e-03  5.55103431331786367e-03  
3.41454887383360085e-03  2.34210463365872590e-02  4.56769746647210095e-02  8.57676519448710289e-02  1.51085886481427650e-01  2.38681171893467742e-01  3.09819477723200509e-01  2.74342779657331892e-01  8.84280047602786362e-02  2.05181928356454116e-02  1.01274634961672091e-01  3.13995359244742533e-02  4.37122164167268457e-02  2.70318136143008030e-02  2.35341289613731006e-02  1.77274784445380917e-02  1.41160263288211303e-02  1.10056122918513345e-02  8.77045283614911325e-03  6.72856950250629287e-03  5.34224686982250931e-03  
3.54813389233575322e-03  2.60815645167199461e-02  5.06218686980545313e-02  9.42929715870337443e-02  1.63875071936887828e-01  2.52802981261083748e-01  3.14104588625266468e-01  2.52819641446950127e-01  5.91227499926957126e-02  3.62229282785685933e-02  9.50150800017044578e-02  2.89571401692951223e-02  4.25511213783106926e-02  2.60661669256668331e-02  2.25101700643845527e-02  1.71493601462391343e-02  1.35137376174316662e-02  1.06547521307715030e-02  8.40388435883567333e-03  6.47744736978576961e-03  5.14709752325951970e-03  
3.68694506451957334e-03  2.90264325028692961e-02  5.60458123857422094e-02  1.03489320668369855e-01  1.77234121584497278e-01  2.66356510672871638e-01  3.15262197558008495e-01  2.26948473505308140e-01  3.50524742731237182e-02  5.49377714296585690e-02  8.34059493787821238e-02  3.03530112936474632e-02  3.97928957001706524e-02  2.55829203685980638e-02  2.14840338996893782e-02  1.65741764226276060e-02  1.29568958491230717e-02  1.03018784476523774e-02  8.04961440641119817e-03  6.24492970656102819e-03  4.95212177870621700e-03  
3.83118684955728898e-03  3.22820792065951004e-02  6.19835752530115344e-02  1.13372835034691311e-01  1.91076179190422607e-01  2.79019183329192177e-01  3.12835200978664796e-01  1.97358750675949796e-01  1.79852332206651734e-02  7.35566403264072827e-02  6.88480510156219000e-02  3.41170605243726610e-02  3.62175985252296342e-02  2.52723060444362164e-02  2.05606196992400396e-02  1.59393189389302400e-02  1.24674344824445629e-02  9.94951690291852146e-03  7.70395076710345302e-03  6.03317489140975296e-03  4.75432484785586092e-03  
3.98107170553497342e-03  3.58774402988113333e-02  6.84686462878134616e-02  1.23952253127906892e-01  2.05283619590154759e-01  2.90430663812247414e-01  3.06397907232970612e-01  1.65070809380453876e-01  9.12963190701227001e-03  8.90407136885047468e-02  5.40874579373134476e-02  3.85171083372055356e-02  3.26119847679951225e-02  2.49633363018323499e-02  1.96617847135339835e-02  1.53309660757112078e-02  1.20106934790659928e-02  9.59665269775749480e-03  7.37670722603912896e-03  5.82920661962229355e-03  4.56403716145931636e-03  
4.13682040238850732e-03  3.98428961307754972e-02  7.55339310063887354e-02  1.35225362136364158e-01  2.19704673116942611e-01  3.00196229932739977e-01  2.95593242275125345e-01  1.31505607325054674e-01  8.87813379383860582e-03  9.89462744032778285e-02  4.16065927623750151e-02  4.20233115661441947e-02  2.95936381670112297e-02  2.45251652966874852e-02  1.87461386564691627e-02  1.48122882085528502e-02  1.15536636624092789e-02  9.24349734039963192e-03  7.08022986980349264e-03  5.61763631660100113e-03  4.39157131467581962e-03  
4.29866234708227695e-03  4.42094601001822296e-02  8.32113769679559134e-02  1.47175959539238982e-01  2.34150049281828115e-01  3.07891088116804545e-01  2.80182095429708511e-01  9.84435287694858524e-02  1.66358233522721118e-02  1.01862473014366212e-01  3.31173246379961247e-02  4.36519356001520142e-02  2.74965565043178949e-02  2.38190621069454059e-02  1.79403813544938354e-02  1.42958723198748552e-02  1.11260386338948945e-02  8.88633268081896223e-03  6.81003174202634946e-03  5.40607893168238308e-03  4.22798974545583045e-03  
4.46683592150963048e-03  4.90106217340806269e-02  9.15288678216327201e-02  1.59771661183499003e-01  2.48390665940271926e-01  3.13067264194886841e-01  2.60105552529029005e-01  6.79057348459043142e-02  3.07994121529343752e-02  9.76620731193394570e-02  2.92611795145232938e-02  4.31220345577887007e-02  2.63012995618875853e-02  2.28442589266220943e-02  1.73234832552924371e-02  1.37040003864503258e-02  1.07635795887076162e-02  8.51875713838431622e-03  6.55526769684530979e-03  5.20759310509840822e-03  4.06469843450299548e-03  
4.64158883361277721e-03  5.42793965913894658e-02  1.00511366240077019e-01  1.72958734811938464e-01  2.62156629379466710e-01  3.15262592384638496e-01  2.35557049752190412e-01  4.19725215194780912e-02  4.88878245448719148e-02  8.75160119070434867e-02  2.95775402443895288e-02  4.07913012327789579e-02  2.57048222367991380e-02  2.17977639073767861e-02  1.67629768004326253e-02  1.31242821848091083e-02  1.04143674052649595e-02  8.16010061430538086e-03  6.31614112343705566e-03  5.01366447726987133e-03  3.90973766320384161e-03  
4.82317848223930406e-03  6.00512179249026931e-02  1.10176501173795571e-01  1.86659494100726131e-01  2.75137838014014424e-01  3.14015601146391155e-01  2.07050163628005990e-01  2.25320441735325817e-02  6.78781111453123642e-02  7.35976899111347449e-02  3.27775302744801184e-02  3.73852914794701174e-02  2.53640859503696837e-02  2.08441402639257430e-02  1.61423090043535805e-02  1.26167955654367392e-02  1.00600416871639304e-02  7.81219928182940414e-03  6.09832138020657138e-03  4.81617593581747452e-03  3.76567516526448744e-03  
5.01187233627271942e-03  6.63595268050796300e-02  1.20536110528307233e-01  2.00766095624062668e-01  2.86985520974071762e-01  3.08887414120587567e-01  1.75479883992054747e-01  1.09972806441480109e-02  8.46542779317951549e-02  5.86092867668023404e-02  3.71596154477932469e-02  3.37118901180091246e-02  2.50682775907188522e-02  1.99485723894763586e-02  1.55141154752331395e-02  1.21536376619992142e-02  9.70893400238840611e-03  7.47655307171262926e-03  5.89426896909368229e-03  4.62195546817499234e-03  3.62860910236860413e-03  
5.20794832859546464e-03  7.32378484926591716e-02  1.31591320444119475e-01  2.15138293693461352e-01  2.97315446851099507e-01  2.99494324440447324e-01  1.42141038827482774e-01  8.04478934023163637e-03  9.65290389200748333e-02  4.51795453917584466e-02  4.10848637851598461e-02  3.04568451405562088e-02  2.46866149445464367e-02  1.90316715938842647e-02  1.49690974364493790e-02  1.16980379075492958e-02  9.35422818546747213e-03  7.17122847564710154e-03  5.68487906364796569e-03  4.44405618628613414e-03  3.49285548972027996e-03  
5.41169526546463747e-03  8.07189680459179520e-02  1.43330516138741038e-01  2.29598810286732541e-01  3.05711627662153596e-01  2.85554257830447689e-01  1.08710456251059337e-01  1.33986986274495026e-02  1.01730945950813098e-01  3.53053897183109866e-02  4.33716770758680106e-02  2.80533690945185404e-02  2.40754477992184343e-02  1.81741810640182778e-02  1.44664649312121855e-02  1.12539350537679949e-02  9.00099742633081110e-03  6.89255881140084844e-03  5.47230322364533010e-03  4.27900246587247478e-03  3.35933469756019738e-03  
5.62341325190349097e-03  8.88313492726744702e-02  1.55727284978700420e-01  2.43931309081454745e-01  3.11732664380654334e-01  2.66943342650681259e-01  7.71493124687656628e-02  2.57707292282306384e-02  9.97096068744424274e-02  2.99866835542594891e-02  4.35111230445665020e-02  2.65961556526064236e-02  2.31717099637345041e-02  1.75027414870577470e-02  1.38961016512869039e-02  1.08731850060094382e-02  8.63470604243227365e-03  6.63460825861889297e-03  5.26901501875548777e-03  4.11544806762314998e-03  3.23435465648385864e-03  
5.84341413373517474e-03  9.76017828955529493e-02  1.68734657105455849e-01  2.57878774513590425e-01  3.14919547654848586e-01  2.43768341940653527e-01  4.95433021439145790e-02  4.29282280940540967e-02  9.12466263578139564e-02  2.90921303787396099e-02  4.16821476979913480e-02  2.58511164805077902e-02  2.21223803640958304e-02  1.69444060190600820e-02  1.32995304828775040e-02  1.05261556397014729e-02  8.27174166230777892e-03  6.38939278781305246e-03  5.07533833820578671e-03  3.95695217853982151e-03  3.11368959489333663e-03  
6.07202195690988416e-03  1.07049653580935308e-01  1.82283391331803463e-01  2.71143690237998392e-01  3.14808614895375705e-01  2.16433645553948284e-01  2.78717956378033670e-02  6.19760013899600115e-02  7.82412879972196468e-02  3.15552994895516026e-02  3.85271567725538541e-02  2.54598823852123374e-02  2.11336556298390224e-02  1.63444096497177317e-02  1.27704702728566044e-02  1.01711752136864255e-02  7.92145401075365282e-03  6.16481913896086038e-03  4.87891955994210029e-03  3.80978626103081449e-03  2.99549650825084316e-03  
6.30957344480193028e-03  1.17189387856898225e-01  1.96275290187170659e-01  2.83389224706542375e-01  3.10950969589820714e-01  1.85710140188292794e-01  1.37269126960134751e-02  7.97730911609661753e-02  6.32907498982502315e-02  3.57535061999611353e-02  3.48551366979298755e-02  2.51649217125693436e-02  2.02319342386122376e-02  1.57065190449330525e-02  1.22972699571164655e-02  9.82039845589906951e-03  7.57988884256584686e-03  5.95841732382968673e-03  4.68218610004015982e-03  3.67102535119201304e-03  2.88184819489981829e-03  
6.55641849417978526e-03  1.28025422800109978e-01  2.10580993316562659e-01  2.94241965049837739e-01  3.02941044945102378e-01  1.52765601721933375e-01  8.04585580780196007e-03  9.34390106118104524e-02  4.91131301204103879e-02  3.99789110898189984e-02  3.14070307342563942e-02  2.48247576691747324e-02  1.93226909132165614e-02  1.51308208910333059e-02  1.18428707671653834e-02  9.46571160109208054e-03  7.26444786160881061e-03  5.75197903643310214e-03  4.49822445318587717e-03  3.53551750189004792e-03  2.77213186345481649e-03  
6.81292069057961528e-03  1.39550652559944005e-01  2.25035096109847677e-01  3.03295416943214824e-01  2.90459185909525353e-01  1.19162952528302585e-01  1.08675525563484403e-02  1.00870482809823664e-01  3.79550916200618801e-02  4.28727565059405652e-02  2.87067971328600659e-02  2.43010627207971459e-02  1.84281728059204029e-02  1.46289294709965861e-02  1.13890733714274769e-02  9.11377397512711310e-03  6.97747833371116857e-03  5.53930564351541675e-03  4.33053620242824719e-03  3.40038905825659115e-03  2.66872870724701051e-03  
7.07945784384138039e-03  1.51743751394921467e-01  2.39433846805598760e-01  3.10115457721621246e-01  2.73324228515687218e-01  8.67878390938965211e-02  2.12234297590403916e-02  1.01107826877776127e-01  3.11591975641413270e-02  4.37010001836835513e-02  2.69628863497178260e-02  2.34841028155682828e-02  1.76939819685206119e-02  1.40851512545308033e-02  1.09862453612792569e-02  8.75103966368577513e-03  6.71519394568387534e-03  5.33123585831624808e-03  4.16730937420927133e-03  3.27262733247581485e-03  2.56798544069511501e-03  
7.35642254459641359e-03  1.64564617591160922e-01  2.53533146208279048e-01  3.14247546158052060e-01  2.51562448666385385e-01  5.77082732937277340e-02  3.71590009867204321e-02  9.45194074540377238e-02  2.89454216521662089e-02  4.24396183616705044e-02  2.60319114022992022e-02  2.24544393626015387e-02  1.71203502131802299e-02  1.34825436657525898e-02  1.06365236370424623e-02  8.38484401773031962e-03  6.46481129669926498e-03  5.13644975671486738e-03  4.00592573764006494e-03  3.15128562569156299e-03  2.47067214013792832e-03  
7.64422274252600162e-03  1.77951503810190037e-01  2.67048172896490965e-01  3.15227732513394865e-01  2.25476606291284659e-01  3.39662291763482213e-02  5.59477956529530057e-02  8.26897612082114070e-02  3.05068789158579393e-02  3.96178855184998943e-02  2.55643202237442121e-02  2.14329575800395883e-02  1.65419429965418356e-02  1.29297108921989558e-02  1.02831556795353104e-02  8.03123282344115653e-03  6.23341822543905123e-03  4.94127807517503580e-03  3.85532185883992505e-03  3.03196805506532416e-03  2.37807009554611478e-03  
7.94328234724281379e-03  1.91815977769429685e-01  2.79654290986242615e-01  3.12599874636808661e-01  1.95716004069924149e-01  1.73069655158737540e-02  7.44746064672990177e-02  6.80523876936905692e-02  3.43477592560123210e-02  3.60222083949163704e-02  2.52571133490862541e-02  2.05136505017205414e-02  1.59056776706376496e-02  1.24428866471900015e-02  9.93111468147122277e-03  7.68601958376772566e-03  6.02256033640085568e-03  4.74354296792929130e-03  3.71432584384191918e-03  2.91700831952217306e-03  2.28854852321668141e-03  
8.25404185268018183e-03  2.06038784103726169e-01  2.90989266788738044e-01  3.05940825199461031e-01  1.63321949086504936e-01  8.90255834747451756e-03  8.97186406167865408e-02  5.33546480829343514e-02  3.87353911205191304e-02  3.24341449872179166e-02  2.49447460056819066e-02  1.96136216581511008e-02  1.53014571961399004e-02  1.19868261589915169e-02  9.57792319092506082e-03  7.36036854844851225e-03  5.81838619748394851e-03  4.55407178411003279e-03  3.57851672243510383e-03  2.80581194080886057e-03  2.20282540433361243e-03  
8.57695898590893693e-03  2.20466177501383170e-01  3.00656670223934885e-01  2.94898426634238708e-01  1.29736121741726190e-01  9.09625347091543718e-03  9.92812441692006303e-02  4.10494591504324408e-02  4.21616076757356448e-02  2.94587954717143025e-02  2.44956515519025621e-02  1.86995156728579706e-02  1.47862872949790589e-02  1.15298089292163262e-02  9.22505222953833720e-03  7.06527352367965558e-03  5.60655801759124550e-03  4.38242901774147774e-03  3.44267362035353269e-03  2.70062340187846982e-03  2.11972225545265479e-03  
8.91250938133745021e-03  2.34906844784096847e-01  3.08230309227063071e-01  2.79241299120460751e-01  9.67550296467373644e-02  1.72397830777539403e-02  1.01814102405274137e-01  3.27982165034849879e-02  4.36772444706626864e-02  2.74128534237316063e-02  2.37734762502397126e-02  1.79034487138513831e-02  1.42665522440135334e-02  1.11054551711449508e-02  8.86708191007863807e-03  6.79640027994228395e-03  5.39530727329397275e-03  4.21901498329114825e-03  3.31203408219314394e-03  2.59927423273318249e-03  2.03985990688793561e-03  
9.26118728128793797e-03  2.49129565338747389e-01  3.13261191672176365e-01  2.58922091136919386e-01  6.64081558982666936e-02  3.16783040682758962e-02  9.72610970922620777e-02  2.91820056226579014e-02  4.30390025253536562e-02  2.62582997538088198e-02  2.27888073668719507e-02  1.72942960749283350e-02  1.36720295412639838e-02  1.07454564622945607e-02  8.49952331236462563e-03  6.54217003319838147e-03  5.19750861889200794e-03  4.05589039170692073e-03  3.18945427628935076e-03  2.50060137331522929e-03  1.96324205414123145e-03  
9.62350626398088792e-03  2.62862305520638551e-01  3.15286765429019955e-01  2.34149293487461135e-01  4.07725148484081937e-02  4.98925983493969105e-02  8.68551583988642489e-02  2.96880155603297911e-02  4.06316595796662114e-02  2.56830641197232749e-02  2.17446588715171814e-02  1.67320428995521887e-02  1.30958564074526891e-02  1.03956360667479628e-02  8.14162300573130840e-03  6.30411991658676434e-03  5.00344089634974579e-03  3.90156465731356962e-03  3.06941704753221261e-03  2.40660920461652607e-03  1.88930202342291642e-03  
1.00000000000000002e-02  2.75792879250708167e-01  3.13846127179418399e-01  2.05455384186449375e-01  2.17182286183654101e-02  6.88426477196416031e-02  7.28110424013459906e-02  3.29941630365452251e-02  3.71918002501612222e-02  2.53486219857793002e-02  2.07965841424183860e-02  1.61084334918411183e-02  1.25916305563724112e-02  1.00415963592056737e-02  7.79407126362579791e-03  6.08737535564311989e-03  4.80583566381488636e-03  3.75799870054868528e-03  2.95290429781932748e-03  2.31624172794893737e-03  1.81807407478871670e-03  
1.03912230383516897e-02  2.87570550837611794e-01  3.08502368215297307e-01  1.73756171071652948e-01  1.06259657211387366e-02  8.54216746030689450e-02  5.78425033615885403e-02  3.73904995248697872e-02  3.35250695582389735e-02  2.50514748814590626e-02  1.99010307627929296e-02  1.54828994713709037e-02  1.21298062484909760e-02  9.69025993677207799e-03  7.45966839571630871e-03  5.88349414768409625e-03  4.61217014753907001e-03  3.62117778307758948e-03  2.84055763469612125e-03  2.22920110410299022e-03  1.74961802607069973e-03  
1.07977516232770944e-02  2.97809325805502123e-01  2.98875881115000852e-01  1.40367641239534213e-01  8.12641804734666982e-03  9.69796468585376187e-02  4.45576958201132772e-02  4.12536376385351164e-02  3.03067029072206229e-02  2.46614583897457468e-02  1.89835399134044222e-02  1.49427465928133486e-02  1.16738884761207959e-02  9.33573891419046259e-03  7.15590844414512421e-03  5.67365942831508582e-03  4.43525563566907980e-03  3.48537216330874981e-03  2.73321515948215816e-03  2.14554210076268580e-03  1.68362456908890891e-03  
1.12201845430196304e-02  3.06091697125348672e-01  2.84691366137157953e-01  1.06984650078828972e-01  1.38907334990199961e-02  1.01803371381836080e-01  3.49082990019893985e-02  4.34336817234169323e-02  2.79539427017429058e-02  2.40348228605841673e-02  1.81337609862462640e-02  1.44386564356650208e-02  1.12320885359801816e-02  8.98201459422038814e-03  6.87866376815847880e-03  5.46118073682975904e-03  4.27051439705231940e-03  3.35223050007942176e-03  2.63118475710827013e-03  2.06442010710594951e-03  1.62033554739173425e-03  
1.16591440117983104e-02  3.11975118988533473e-01  2.65835235783217050e-01  7.55795031587316313e-02  2.65776813703508634e-02  9.94122161064971005e-02  2.98353135745096677e-02  4.34596871585049074e-02  2.65423391834684400e-02  2.31179578108386408e-02  1.74722113532773879e-02  1.38641658474722845e-02  1.08547528551889549e-02  8.61533471073370506e-03  6.62128666360338024e-03  5.25873352613552385e-03  4.10693939172240841e-03  3.22766215583039553e-03  2.53136986650119751e-03  1.98690647703186679e-03  1.55928777446544134e-03  
1.21152765862858770e-02  3.14999959144723729e-01  2.42428272264157391e-01  4.82386638232058657e-02  4.39109527043439335e-02  9.06546110450517917e-02  2.91507650632469827e-02  4.15422511698714317e-02  2.58246313910726402e-02  2.20676355297988042e-02  1.69146295126721968e-02  1.32697604551915236e-02  1.05076144276785941e-02  8.25303828335269100e-03  6.37703086473238086e-03  5.06509904576560137e-03  3.94899439335978132e-03  3.10710631140256009e-03  2.43584151424728950e-03  1.91217869244629697e-03  1.50054610618945302e-03  
1.25892541179416610e-02  3.14702780215914968e-01  2.14892535102854693e-01  2.69283316481526598e-02  6.29711088144997710e-02  7.74784988645659672e-02  3.17484625756768724e-02  3.83397028978402638e-02  2.54434510910202284e-02  2.10848174549286629e-02  1.63109486559154318e-02  1.27445098762415145e-02  1.01525904704322118e-02  7.90320425889938852e-03  6.15360127883277531e-03  4.86847197190853204e-03  3.80237433996781808e-03  2.98914353229862064e-03  2.34455716433606444e-03  1.84003143939652893e-03  1.44409240967341987e-03  
1.30817747426019287e-02  3.10636151653789438e-01  1.84019479883013398e-01  1.32125308414067204e-02  8.06177631593817529e-02  6.25027441851964266e-02  3.59891908664784002e-02  3.46623950782283946e-02  2.51492232132950085e-02  2.01848862090153770e-02  1.56739044907808107e-02  1.22732256713863064e-02  9.80188462130874259e-03  7.56244698018242699e-03  5.94774907866913154e-03  4.67204954218900046e-03  3.66393832791716894e-03  2.87569468521296345e-03  2.25625362371457451e-03  1.77079841647066576e-03  1.38971215255369622e-03  
1.35935639087852410e-02  3.02397836730187108e-01  1.50998044473585474e-01  7.98678172991375106e-03  9.39989959289984633e-02  4.84346755180921837e-02  4.01736323535510920e-02  3.12430359096787340e-02  2.48031361457306809e-02  1.92740489343142356e-02  1.51033478271844265e-02  1.18187655620961441e-02  9.44707089135997033e-03  7.24874497048244928e-03  5.74082146438817734e-03  4.48909027745758495e-03  3.52841144663282097e-03  2.76629370738134617e-03  2.17185513519327399e-03  1.70391752120757525e-03  1.33745226051287065e-03  
1.41253754462275539e-02  2.89674089160632087e-01  1.17410744864898609e-01  1.12380513566327483e-02  1.01064571369081993e-01  3.74820818447521090e-02  4.29708561910115625e-02  2.85910825510201048e-02  2.42656197958816579e-02  1.83845475858935049e-02  1.46022979500359442e-02  1.13661103556122502e-02  9.09509776359327532e-03  6.96313551782752442e-03  5.52810302854157137e-03  4.32193325393105329e-03  3.39348264088918522e-03  2.66314736775209292e-03  2.08963366553685526e-03  1.63994463083041889e-03  1.28703608074113283e-03  
1.46779926762207052e-02  2.72292785959513728e-01  8.51568027367171770e-02  2.19443473111348569e-02  1.00921761613788658e-01  3.09318487214655241e-02  4.36838324949820056e-02  2.68962785121622007e-02  2.34334311288371192e-02  1.76609988193399507e-02  1.40540599113377282e-02  1.09670429615860345e-02  8.73165364928126832e-03  6.70170290279853680e-03  5.32076518051884453e-03  4.15865005150030560e-03  3.26621118204111849e-03  2.56252203607448738e-03  2.01111944463641971e-03  1.57812954595491577e-03  1.23859578967443077e-03  
1.52522295653901973e-02  2.50293167779905124e-01  5.63086707231460412e-02  3.81031134436684987e-02  9.40089304932929387e-02  2.89443921858272210e-02  4.23237085613818315e-02  2.59989187994844571e-02  2.23987818375178671e-02  1.70912748942535567e-02  1.34515414586366573e-02  1.06182392442302417e-02  8.36588396306516859e-03  6.45210064828314646e-03  5.12628022832233195e-03  3.99768088128926898e-03  3.14501455476848572e-03  2.46545814458896040e-03  1.93554839693480972e-03  1.51867571031358284e-03  1.19197577741230300e-03  
1.58489319246111413e-02  2.23994417791860106e-01  3.28998096850230681e-02  5.69570619837900041e-02  8.19656809570260686e-02  3.06671440819822373e-02  3.94407400405690917e-02  2.55461012189470670e-02  2.13822470942475265e-02  1.65094866079541977e-02  1.29027229160278371e-02  1.02644414488615773e-02  8.01290023888212057e-03  6.22183857956658780e-03  4.93090008025359738e-03  3.84767653606784285e-03  3.02585116808755644e-03  2.37307579046034008e-03  1.86253475535852974e-03  1.46153368259089797e-03  1.14708607545634523e-03  
1.64689786548286900e-02  1.94065826356599691e-01  1.66518465669760474e-02  7.53832637466005651e-02  6.72566645732471657e-02  3.45798885826544347e-02  3.58269014502848801e-02  2.52419006438039904e-02  2.04667096641462931e-02  1.58721388303641568e-02  1.24184286777508038e-02  9.91269604398348561e-03  7.66817436744304890e-03  6.01184234970575902e-03  4.73324219582939472e-03  3.70707670300721897e-03  2.91113253807981105e-03  2.28371351540961574e-03  1.79242252904031297e-03  1.40650755958365630e-03  1.10389656657715264e-03  
1.71132830416178099e-02  1.61569683310921863e-01  8.69959753248492583e-03  9.03805099046954274e-02  5.26287129432622403e-02  3.89508353504600877e-02  3.22580888114317177e-02  2.49257889142082308e-02  1.95653521890003824e-02  1.52722559966395905e-02  1.19629300649553259e-02  9.55918909003778544e-03  7.34415746608561067e-03  5.80740920663374606e-03  4.54460648387281820e-03  3.57137025457369799e-03  2.80014811102076260e-03  2.19821599752860778e-03  1.72479492111964972e-03  1.35357938474650824e-03  1.06233172265425601e-03  
1.77827941003892293e-02  1.27968253374439483e-01  9.33665268104920745e-03  9.95964042505345648e-02  4.05038405525721470e-02  4.22944243522219154e-02  2.93266232025158544e-02  2.44653350052430121e-02  1.86532473281516009e-02  1.47602594933516681e-02  1.15060499546535879e-02  9.20658156310922952e-03  7.05042771393425260e-03  5.59536430710760001e-03  4.37371762225880444e-03  3.43558868356594327e-03  2.69529030905408347e-03  2.11522108918663944e-03  1.65995403274426297e-03  1.30258521059414042e-03  1.02234394281268555e-03  
1.84784979742229072e-02  9.50738201877030786e-02  1.78613748361393133e-02  1.01745808247250158e-01  3.24921991677914399e-02  4.36964444264252502e-02  2.73316828753227062e-02  2.37271106778142345e-02  1.78670966726866380e-02  1.42369722373477791e-02  1.10850804501186114e-02  8.84779303253926258e-03  6.78282518842532062e-03  5.38448353989614669e-03  4.21041686989534827e-03  3.30540801748379492e-03  2.59404055875470845e-03  2.03556920272960273e-03  1.59740920013898432e-03  1.25356616210641402e-03  9.83844462339480063e-04  
1.92014193863880127e-02  6.49236734136303395e-02  3.25677540354292472e-02  9.68437154559298047e-02  2.91144081046948895e-02  4.29510063427114910e-02  2.62169013352148775e-02  2.27332109585204403e-02  1.72652191764650319e-02  1.36401319079998019e-02  1.07273453730922855e-02  8.48031335376763645e-03  6.52914909318096873e-03  5.18732681590524953e-03  4.04748910265311478e-03  3.18308205857187896e-03  2.49558062849402403e-03  1.95911056217756060e-03  1.53723944148446479e-03  1.20637623827039766e-03  9.46799628887622004e-04  
1.99526231496887883e-02  3.95908382729778935e-02  5.08994155103155085e-02  8.61841389069372688e-02  2.98063141225700413e-02  4.04691516004237195e-02  2.56619397693983002e-02  2.16918673644263642e-02  1.67009000978224527e-02  1.30676458648629947e-02  1.03768925443674803e-02  8.12316687972980574e-03  6.29218632363750998e-03  4.99310561035590759e-03  3.89378839994550556e-03  3.06314467456176394e-03  2.40183273551730506e-03  1.88530447026194980e-03  1.47936486188611255e-03  1.16095408859451460e-03  9.11152836823242679e-04  
2.07332157348595406e-02  2.09266062805456114e-02  6.98005276487452531e-02  7.20218616469002759e-02  3.32137928056185153e-02  3.69977070576631775e-02  2.53332497811039475e-02  2.07491756081278032e-02  1.60745511947578863e-02  1.25665797281059293e-02  1.00231674760703979e-02  7.77596643584801701e-03  6.07649281584067644e-03  4.79541485363959175e-03  3.75067873397151412e-03  2.94689278380722659e-03  2.31160430601765098e-03  1.81424541307624652e-03  1.42368720405000484e-03  1.11724081462452737e-03  8.76848762306852467e-04  
2.15443469003188219e-02  1.02786392226958418e-02  8.61749782348114196e-02  5.70805161750566684e-02  3.76198107678588009e-02  3.33395409416386845e-02  2.50344233927923855e-02  1.98533877328264177e-02  1.54519509310223936e-02  1.21059870500707604e-02  9.67156614197110971e-03  7.44287533975864467e-03  5.87271847046702111e-03  4.60234770349360594e-03  3.61407262654211449e-03  2.83472703091868904e-03  2.22478477030318804e-03  1.74591520419838846e-03  1.37008348423135686e-03  1.07517497711270187e-03  8.43837023591558020e-04  
2.23872113856833782e-02  8.23113021714014063e-03  9.74113650950427790e-02  4.39461115129207019e-02  4.14176174434579131e-02  3.01590245327301026e-02  2.46356303179750477e-02  1.89355861080196843e-02  1.49165144410026412e-02  1.16497566885960507e-02  9.31727363437901551e-03  7.14063904429651421e-03  5.66246843401553394e-03  4.42639411710804998e-03  3.47822061680540208e-03  2.72775303746678084e-03  2.14122051836380034e-03  1.68009094865128380e-03  1.31853480927809192e-03  1.03468293116170730e-03  8.12070507900421287e-04  
2.32630506715362402e-02  1.44021495167536342e-02  1.01855519135309686e-01  3.45241347105416790e-02  4.34895676627070765e-02  2.78571985818919857e-02  2.39933383222591771e-02  1.80939217366818464e-02  1.44106021559138684e-02  1.12104548250564016e-02  8.96297656925455245e-03  6.86482702667199664e-03  5.45010856564313861e-03  4.26194183570441365e-03  3.34546262443031431e-03  2.62585283426703623e-03  2.06030586055221858e-03  1.61691062999221816e-03  1.26887295300362251e-03  9.95732927897121809e-04  7.81494209450711314e-04  
2.41731548080410114e-02  2.73976310449397659e-02  9.90969740623980216e-02  2.96962803258757659e-02  4.34027800264766908e-02  2.64904670195369556e-02  2.30638245782629932e-02  1.74419848164618606e-02  1.38321676092736847e-02  1.08364025372210231e-02  8.59597987939290237e-03  6.60799475570877145e-03  5.24849677046134323e-03  4.09836744244526912e-03  3.22128211574910237e-03  2.52620632891603636e-03  1.98294553951368791e-03  1.55599555202336291e-03  1.22110276545404602e-03  9.58243061902585712e-04  7.52071430389940907e-04  
2.51188643150958221e-02  4.48985082706798364e-02  9.00502206990672488e-02  2.92185987426953481e-02  4.13987658632884031e-02  2.57990525014331062e-02  2.20131219383443710e-02  1.68846839566572857e-02  1.32402120455025109e-02  1.04890336703416381e-02  8.23437689241799872e-03  6.36472317437833651e-03  5.05486707514488619e-03  3.94099533467942142e-03  3.10081128650061639e-03  2.43093879404486166e-03  1.90835104725376749e-03  1.49738248067203495e-03  1.17513704408532364e-03  9.22163143755513068e-04  7.23756701651624809e-04  
2.61015721568253860e-02  6.39622554107093649e-02  7.67107021536910932e-02  3.19461916922200440e-02  3.81509479357353409e-02  2.54272363608739164e-02  2.10362353127996927e-02  1.62773768595878658e-02  1.27186973417901736e-02  1.01340301106073657e-02  7.88496996476413178e-03  6.14243695286888040e-03  4.85803439932854051e-03  3.79491791677534843e-03  2.98307524418889736e-03  2.33981585460636514e-03  1.83635495673523932e-03  1.44104556807367009e-03  1.13088265840642437e-03  8.87446697696200686e-04  6.96506823378198687e-04  
2.71227257933202952e-02  8.14504723227673366e-02  6.17173421009025447e-02  3.62246524427446565e-02  3.44704090388228204e-02  2.51333839770651810e-02  2.01377812541878136e-02  1.56414910395466997e-02  1.22492311098409152e-02  9.78334754062505467e-03  7.54508858993531081e-03  5.93707125576938954e-03  4.66196836124680315e-03  3.65679080723754421e-03  2.86981526326401341e-03  2.25171309265065431e-03  1.76725637275067411e-03  1.38678013926433054e-03  1.08830632651518689e-03  8.54033050632520448e-04  6.70284577203247921e-04  
2.81838293126445497e-02  9.45412628953943707e-02  4.77650286456596795e-02  4.03643867846892671e-02  3.10812279445743592e-02  2.47809861428889347e-02  1.92254289225056024e-02  1.50761056068875170e-02  1.17946405419120885e-02  9.42845183383798219e-03  7.23311453404715948e-03  5.72964393716762430e-03  4.48001986423930427e-03  3.52123620247219750e-03  2.76072975245714083e-03  2.16746083717385364e-03  1.70051296570708607e-03  1.33463115075661029e-03  1.04731394497456476e-03  8.21884019535061659e-04  6.45046888474581589e-04  
2.92864456462523723e-02  1.01238395552577312e-01  3.70215193940117357e-02  4.30630200496915846e-02  2.84781025194441040e-02  2.42293128676583612e-02  1.83414203811173675e-02  1.45755083782136627e-02  1.13433119198913957e-02  9.07637669161817824e-03  6.94887232440376430e-03  5.51690544826651582e-03  4.31335744284689054e-03  3.38653494811101295e-03  2.65781460227294906e-03  2.08540039433979113e-03  1.63666471867608297e-03  1.28432359694135808e-03  1.00789858702099813e-03  7.90936732445434820e-04  6.20761720927516091e-04  
3.04321988710772214e-02  1.00716640005467553e-01  3.07173961494627452e-02  4.36607819380932932e-02  2.68319365563337679e-02  2.33821515206708783e-02  1.76284996347213334e-02  1.40227720407412049e-02  1.09480016190097069e-02  8.71226214370047873e-03  6.68823247409501900e-03  5.31033673747101798e-03  4.15000940411592266e-03  3.25975013014336490e-03  2.55730298354896494e-03  2.00706341288615833e-03  1.57497520314899887e-03  1.23598395440311249e-03  9.69949053371806980e-04  7.61158033329938479e-04  5.97390534360109490e-04  
3.16227766016837913e-02  9.34839961718436502e-02  2.89538389084515527e-02  4.22035088240418355e-02  2.59671381989672150e-02  2.23432199138868665e-02  1.70621199629950419e-02  1.34207330892644611e-02  1.05999094037550739e-02  8.34696843742167502e-03  6.43944653393924669e-03  5.11610220693306441e-03  3.98948390940009456e-03  3.13868646514005225e-03  2.46048663747241211e-03  1.93163755785467038e-03  1.51563908547892043e-03  1.18946186862820143e-03  9.33427458941662037e-04  7.32501356644417218e-04  5.74899124077937404e-04  
3.28599324760065412e-02  8.12341178690774435e-02  3.08335472027881571e-02  3.92615786554199458e-02  2.55282382972643190e-02  2.13318886839548062e-02  1.64768222963410788e-02  1.28759230585936725e-02  1.02457462738459893e-02  7.99458223522204157e-03  6.21031781261075985e-03  4.92051393544530591e-03  3.84006655999183204e-03  3.01969350679708991e-03  2.36830860502773881e-03  1.85876036630924476e-03  1.45861584211701991e-03  1.14466502587204583e-03  8.98287523006218412e-04  7.04922185813514719e-04  5.53254294472561555e-04  
3.41454887383360051e-02  6.64612842805391291e-02  3.48131949575573654e-02  3.56317863776134114e-02  2.52266497684783507e-02  2.04197794574234558e-02  1.58387200709400669e-02  1.23940534218972154e-02  9.89426654407686047e-03  7.65038622545297173e-03  6.00114033849666675e-03  4.72296645594268063e-03  3.69985428609937361e-03  2.90520909115095762e-03  2.27910395252018533e-03  1.78880220505978093e-03  1.40369622631091647e-03  1.10156853841907715e-03  8.64467443859521893e-04  6.78381809843991274e-04  5.32424690726604152e-04  
3.54813389233575305e-02  5.19099988492892628e-02  3.91632301370279656e-02  3.20838981409476767e-02  2.49064454073976635e-02  1.95169752946095371e-02  1.52433699024882539e-02  1.19389956000066719e-02  9.54046327593062980e-03  7.32804171409582282e-03  5.79639115133648644e-03  4.53520455659931973e-03  3.56422870006270400e-03  2.79445097185393454e-03  2.19381422850184644e-03  1.72129111821429557e-03  1.35088131212883706e-03  1.06008850103579797e-03  8.31921209541441496e-04  6.52840974382490075e-04  5.12379300453525972e-04  
3.68694506451957352e-02  3.99699452591773322e-02  4.24216473684831050e-02  2.91971557738915019e-02  2.44341938258362742e-02  1.86073628966051188e-02  1.47341812359322796e-02  1.14823971619226351e-02  9.18808677137455260e-03  7.03566677111369318e-03  5.58416251461839232e-03  4.36503073887743037e-03  3.42853089318838778e-03  2.68991391471165228e-03  2.11092662108060790e-03  1.65660785571606814e-03  1.29997914080763003e-03  1.02018814133849017e-03  8.00595963044607793e-04  6.28262946143521260e-04  4.93087908925303963e-04  
3.83118684955728525e-02  3.21992991521705199e-02  4.37095376376644834e-02  2.72530196195324599e-02  2.36799789591008378e-02  1.78313247907808670e-02  1.42071307870381726e-02  1.10649112568772037e-02  8.82847789650319584e-03  6.76927289334733253e-03  5.37371476445236331e-03  4.20180856390683487e-03  3.29881836756656509e-03  2.58876537104707179e-03  2.03147548390612874e-03  1.59417745065845913e-03  1.25106088744636728e-03  9.81768656648863373e-04  7.70457281215584347e-04  6.04607781489318848e-04  4.74523866565379861e-04  
3.98107170553496925e-02  2.90582548839380013e-02  4.28581330726760315e-02  2.61770465715757406e-02  2.26775093737927903e-02  1.72362198082409990e-02  1.36083308358617636e-02  1.07092323268013455e-02  8.46113785215927595e-03  6.51617822315667377e-03  5.17714884396268480e-03  4.03911449760157616e-03  3.17672620449048742e-03  2.49052584960059468e-03  1.95516622743527888e-03  1.53412814211755085e-03  1.20396642309329597e-03  9.44802260643448568e-04  7.41450386845420007e-04  5.81844526509929928e-04  4.56658236559679483e-04  
4.13682040238850315e-02  2.99321994539552688e-02  4.03038992596349011e-02  2.56414061998538924e-02  2.16393992596972291e-02  1.66695451856896971e-02  1.30396476838496103e-02  1.03581404204114800e-02  8.10473699722174916e-03  6.28031333182235869e-03  4.98275880928480616e-03  3.88603933817219683e-03  3.05689514071408363e-03  2.39701891901727146e-03  1.88149021851438691e-03  1.47637712932940186e-03  1.15863299222007318e-03  9.09231502411480619e-04  7.13534598607133848e-04  5.59938574256837779e-04  4.39465273781954838e-04  
4.29866234708227227e-02  3.34361585118291699e-02  3.68031260955615086e-02  2.53179507085256571e-02  2.07018947865953082e-02  1.60406803230331782e-02  1.25416390017988079e-02  1.00047496595365888e-02  7.75789489232895594e-03  6.06564673975461613e-03  4.78500652703194029e-03  3.74337366549455956e-03  2.94090490510777198e-03  2.30693129017060057e-03  1.81059021576082712e-03  1.42080830758935369e-03  1.11500757407374546e-03  8.75000035873460145e-04  6.86670109448966936e-04  5.38857109521829114e-04  4.22919694626083386e-04  
4.46683592150963482e-02  3.78473382234994354e-02  3.31553862118665194e-02  2.50171034553603247e-02  1.98056424646305858e-02  1.54212765564474205e-02  1.20821732370938999e-02  9.65285513355317558e-03  7.42617992565860943e-03  5.86191583869027227e-03  4.59257831132426145e-03  3.60696493322056836e-03  2.82892183590099629e-03  2.22033562777323784e-03  1.74237917864849710e-03  1.36731677534663427e-03  1.07302542325316149e-03  8.42058026810668940e-04  6.60816545072819505e-04  5.18569615681707197e-04  4.06996998571049976e-04  
4.64158883361278224e-02  4.15766889691792790e-02  3.00138444446900431e-02  2.46091088494706442e-02  1.88878396344198882e-02  1.48903767324307032e-02  1.16256555091348041e-02  9.29882429331336038e-03  7.12542949460558996e-03  5.65128339347950072e-03  4.41755522607585344e-03  3.47107991538195835e-03  2.72231499506493148e-03  2.13686454761212886e-03  1.67671968390536194e-03  1.31586145652412513e-03  1.03261772372622738e-03  8.10357056899832767e-04  6.35936430928067350e-04  4.99045877446669729e-04  3.91673684645713917e-04  
4.82317848223930909e-02  4.35393338528968082e-02  2.77631131305741650e-02  2.39510064500401444e-02  1.80546644331967578e-02  1.43822986985458357e-02  1.11890340240826894e-02  8.94388561284885711e-03  6.85104882800849531e-03  5.43906827009572966e-03  4.25336704314580819e-03  3.33872005466513602e-03  2.62053613625183807e-03  2.05616090646159677e-03  1.61364271890082037e-03  1.26630901255440236e-03  9.93742915955759740e-04  7.79845551496575334e-04  6.11994521776541064e-04  4.80256768234685425e-04  3.76927414711057370e-04  
5.01187233627272480e-02  4.33404751805618813e-02  2.64404844649186177e-02  2.30093485508184037e-02  1.74120311725899646e-02  1.38001292699515693e-02  1.08181216922157916e-02  8.57664312483948435e-03  6.59474110329077903e-03  5.23827859066467068e-03  4.08981748506566292e-03  3.21490664751922402e-03  2.52106623226330860e-03  1.97895374181580831e-03  1.55285446714831070e-03  1.21863550882958787e-03  9.56327180978305239e-04  7.50485534051036096e-04  5.88952781381769193e-04  4.62175459318110021e-04  3.62736285555622772e-04  
5.20794832859546517e-02  4.12518086418685731e-02  2.57743288542288361e-02  2.19588621752802929e-02  1.68545544929441446e-02  1.32108897360156512e-02  1.04704148807729276e-02  8.21575510352413885e-03  6.35247666121887232e-03  5.04461879181815342e-03  3.93303381454556625e-03  3.09451905901123861e-03  2.42605825512452180e-03  1.90449309701362971e-03  1.49436331363083839e-03  1.17276125972416950e-03  9.20319824722954706e-04  7.22230626811585195e-04  5.66778694817348392e-04  4.44774910570175461e-04  3.49079420784020064e-04  
5.41169526546463747e-02  3.79610110229237560e-02  2.54112149417771056e-02  2.09878931955597078e-02  1.62437104503946120e-02  1.26930259492087534e-02  1.01154950627247078e-02  7.86675112314673755e-03  6.13132795586272643e-03  4.84759090720681633e-03  3.78748917002832931e-03  2.97701528704891021e-03  2.33509278591220943e-03  1.83265045822702979e-03  1.43813751380330104e-03  1.12859782057596184e-03  8.85672031147760803e-04  6.95038422686028901e-04  5.45439869835161574e-04  4.28029341423462870e-04  3.35936748157032749e-04  
5.62341325190349114e-02  3.42792722089406490e-02  2.51173869357854442e-02  2.00906082440754190e-02  1.56092921485677869e-02  1.22252806455076784e-02  9.76478559885090094e-03  7.52781650203483699e-03  5.92638555902915646e-03  4.65192496235433510e-03  3.64965386181446798e-03  2.86394165210789291e-03  2.24719469860470847e-03  1.76368575629134061e-03  1.38398192304316344e-03  1.08610681182995882e-03  8.52325963599553363e-04  6.68870790308239544e-04  5.24904265925311368e-04  4.11914241196107832e-04  3.23288960248441118e-04  
5.84341413373517526e-02  3.09216558625343384e-02  2.47582833414111067e-02  1.91768560280445345e-02  1.50490768514491072e-02  1.17705004590986841e-02  9.40985633281940341e-03  7.21755172464358299e-03  5.71845510870482108e-03  4.47099208117555762e-03  3.51406131411269957e-03  2.75518375602780549e-03  2.16307890773510510e-03  1.69708487184856748e-03  1.33193851955071057e-03  1.04519645397824668e-03  8.20241382341909309e-04  6.43686596745291070e-04  5.05142244275228174e-04  3.96405792941364056e-04  3.11117346740840165e-04  
6.07202195690988364e-02  2.83678490979410933e-02  2.41921420704961018e-02  1.82988056572256468e-02  1.45485455298471223e-02  1.13206865924081173e-02  9.05760853627115940e-03  6.93468548220896319e-03  5.50572136012041080e-03  4.30478740112088479e-03  3.37961442548126954e-03  2.65248307273787971e-03  2.08118774473982186e-03  1.63335819331701182e-03  1.28173548179747647e-03  1.00586011349199480e-03  7.89356052183946355e-04  6.19452714867553978e-04  4.86123738207008957e-04  3.81481367152479943e-04  2.99404005664391883e-04  
6.30957344480193028e-02  2.67698068876459222e-02  2.33303017944795701e-02  1.75964543660030934e-02  1.39913099458680041e-02  1.09291082996641146e-02  8.69286817657656530e-03  6.67478561618928962e-03  5.29994927897344328e-03  4.14137430451611086e-03  3.25330578400090994e-03  2.55209210743330287e-03  2.00302352102154279e-03  1.57179690807218958e-03  1.23349036406067989e-03  9.67988428813197762e-04  7.59636517623774521e-04  5.96130906228105307e-04  4.67821357159482699e-04  3.67118801291166439e-04  2.88131607482956255e-04  
6.55641849417978456e-02  2.59365186337356356e-02  2.22877761984000833e-02  1.70328705139443683e-02  1.33901231848622179e-02  1.05815351098496793e-02  8.32809697808185347e-03  6.42684865030389210e-03  5.10591816082696555e-03  3.98131992887831333e-03  3.13236178639877657e-03  2.45552796888851965e-03  1.92774059706926930e-03  1.51257993371149962e-03  1.18706229438741225e-03  9.31540524976646155e-04  7.31037355118437288e-04  5.73686551254054674e-04  4.50208209237123460e-04  3.53296959432655461e-04  2.77283593762833464e-04  
6.81292069057960886e-02  2.55107082057582021e-02  2.12818663412120933e-02  1.64439662515307797e-02  1.28493045989827893e-02  1.02270710853101555e-02  7.97627879864215572e-03  6.19885537967733088e-03  4.91012243854269722e-03  3.83247770938579136e-03  3.01355398023936969e-03  2.36354466952941409e-03  1.85500288106725769e-03  1.45567487292805114e-03  1.14235487770821117e-03  8.96472320485806992e-04  7.03512774667368226e-04  5.52087892914777533e-04  4.33257964924514628e-04  3.39995582374287575e-04  2.66843987439718811e-04  
7.07945784384137328e-02  2.52113435076172822e-02  2.03728479346001329e-02  1.58054352813684143e-02  1.23697554517612340e-02  9.87582401276605563e-03  7.63265941906333262e-03  5.99045033975068551e-03  4.71272041951465662e-03  3.69264411515340344e-03  2.89929441700066811e-03  2.27450451657614135e-03  1.78519607591395846e-03  1.40086315353562434e-03  1.09934628483995822e-03  8.62719720566288025e-04  6.77026006435257660e-04  5.31301916835645572e-04  4.16946087799080305e-04  3.27194916102354998e-04  2.56797502650832701e-04  
7.35642254459640682e-02  2.48866945868695365e-02  1.94684970329653331e-02  1.52147993674006856e-02  1.19150183375291013e-02  9.52175068126056082e-03  7.31201684645504425e-03  5.78533487073830312e-03  4.52586737988521642e-03  3.55707798190750633e-03  2.78877582172444485e-03  2.18941498832946882e-03  1.71780299839243843e-03  1.34816217955613903e-03  1.05794775269436826e-03  8.30240016576149951e-04  6.51535911299266587e-04  5.11298789065493917e-04  4.01248231409556330e-04  3.14876228657565008e-04  2.47129250492044545e-04  
7.64422274252599399e-02  2.44022061668763245e-02  1.85618917711156163e-02  1.47080284708640038e-02  1.14588628067386206e-02  9.16956243611803321e-03  7.02099200074848741e-03  5.57295327332048892e-03  4.35637024763810797e-03  3.42148706867335039e-03  2.68454619081744377e-03  2.10664253811126273e-03  1.65327255015298904e-03  1.29735441673590611e-03  1.01813030209870013e-03  7.98977517369872073e-04  6.27007167115383444e-04  4.92048214395201058e-04  3.86141592636099430e-04  3.03021273832832709e-04  2.37824975699693029e-04  
7.94328234724282212e-02  2.36320946249661788e-02  1.77961327718460065e-02  1.41770258430854793e-02  1.10449463821893079e-02  8.80914086860344094e-03  6.75573774471755015e-03  5.36300375637292510e-03  4.19319257019431634e-03  3.29225146345155919e-03  2.58350001186112566e-03  2.02738676290909912e-03  1.59096011968398363e-03  1.24853569169745653e-03  9.79788399436854135e-04  7.68899675167206620e-04  6.03399374305763157e-04  4.73523228996661476e-04  3.71603452579600830e-04  2.91612742728100118e-04  2.28870977969776392e-04  
8.25404185268018981e-02  2.26217422469176532e-02  1.72072653604057775e-02  1.35766491448064651e-02  1.06911053043035349e-02  8.44200002562652506e-03  6.50325828022106991e-03  5.16697317944508558e-03  4.03076968183362170e-03  3.17037403850293662e-03  2.48548577938632539e-03  1.95122687093379852e-03  1.53103020607150649e-03  1.20153742755888730e-03  9.42896623809788147e-04  7.39951261184448612e-04  5.80681656596294797e-04  4.55695293396675817e-04  3.57612804652071689e-04  2.80633681512992763e-04  2.20254135978477334e-04  
8.57695898590894595e-02  2.15872643941438271e-02  1.66379750908680693e-02  1.30118584789299160e-02  1.03393851890696900e-02  8.08633098381710512e-03  6.26850055771823941e-03  4.97240130561187564e-03  3.87831878273102492e-03  3.05065704781872166e-03  2.39221479635961165e-03  1.87768187418774104e-03  1.47340176554299862e-03  1.15629381871450859e-03  9.07397706016826273e-04  7.12092130237335129e-04  5.58819344751818894e-04  4.38538554599652425e-04  3.44148894768413454e-04  2.70067985027989651e-04  2.11961695317192616e-04  
8.91250938133745924e-02  2.06547217706690538e-02  1.60068392088255698e-02  1.25168038423859318e-02  9.98633923405914045e-03  7.73986037242303197e-03  6.05483420010569703e-03  4.77461223037383472e-03  3.73608588982479598e-03  2.93492818060623294e-03  2.30226811379537948e-03  1.80694075234771856e-03  1.41794157777055431e-03  1.11275671813716227e-03  8.73235713744064919e-04  6.85281554813798460e-04  5.37780202045697736e-04  4.22027782749777270e-04  3.31191885600977908e-04  2.59900081933504281e-04  2.03981469616831639e-04  
9.26118728128793728e-02  1.97577940905548435e-02  1.53908831719607262e-02  1.20583575244027248e-02  9.63413112708174160e-03  7.40958183076026282e-03  5.85108383150627180e-03  4.58286377920411828e-03  3.59985593205825035e-03  2.82313172953365049e-03  2.21589631723015162e-03  1.73884770002408055e-03  1.36456203244330904e-03  1.07085918732554696e-03  8.40359798733921175e-04  6.59480520135131954e-04  5.17533178988696619e-04  4.06138588752465244e-04  3.18722728929235726e-04  2.50114983743787451e-04  1.96301712526259419e-04  
9.62350626398088688e-02  1.88403299221630988e-02  1.48643093197675935e-02  1.16015975240028549e-02  9.28038424859253808e-03  7.11028375019474770e-03  5.64010264249784933e-03  4.40873820978884140e-03  3.46395378058259431e-03  2.71688878135303239e-03  2.13251693280788789e-03  1.67335389169848787e-03  1.31319895501641666e-03  1.03053662731202793e-03  8.08721731084715862e-04  6.34650936668893981e-04  4.98048409487916841e-04  3.90847688578106691e-04  3.06722990579007813e-04  2.40698307078136836e-04  1.88911072566022602e-04  
1.00000000000000006e-01  1.80159887772563115e-02  1.43537440219572605e-02  1.11678248924940941e-02  8.92474620857614843e-03  6.83732306938180864e-03  5.42806404796980068e-03  4.24478816103612648e-03  3.33200530597401595e-03  2.61522416689909934e-03  2.05202569344866120e-03  1.61038048801695781e-03  1.26375523324260197e-03  9.91737402376831638e-04  7.78272661788115836e-04  6.10757196381461081e-04  4.79296886699831981e-04  3.76132562186789522e-04  2.95175024221654039e-04  2.31636171569642461e-04  1.81798658789464166e-04  
1.03912230383516907e-01  1.73823180687888747e-02  1.37680735390693313e-02  1.07998984367579532e-02  8.55732678555796815e-03  6.58152882896261265e-03  5.22807468709628621e-03  4.08129225894150738e-03  3.20853640313140120e-03  2.51593991519690093e-03  1.97497011753284494e-03  1.54971803211227709e-03  1.21617836591347318e-03  9.54396540251965602e-04  7.48972108790700174e-04  5.87761987501522298e-04  4.61251730553426814e-04  3.61971341659674667e-04  2.84061864928568766e-04  2.22915206005877358e-04  1.74954049493005918e-04  
1.07977516232770937e-01  1.68242293907379416e-02  1.31817959641002940e-02  1.04517604386029136e-02  8.19717125977411677e-03  6.34029309571063852e-03  5.03435126643575134e-03  3.92511137917332491e-03  3.08823159056296342e-03  2.42118992660287410e-03  1.90064205032622812e-03  1.49134944460598299e-03  1.17039497391395659e-03  9.18462437806456008e-04  7.20773882692860176e-04  5.65632831023298727e-04  4.43885954894172831e-04  3.48343273479280219e-04  2.73367119453531756e-04  2.14522572262769049e-04  1.68367153850055629e-04  
1.12201845430196304e-01  1.62099655917516648e-02  1.26674890851134637e-02  1.00969858594315062e-02  7.84854919439603380e-03  6.12027064274430453e-03  4.83714577420131606e-03  3.78008518506195695e-03  2.97096655660275500e-03  2.33037841478715962e-03  1.82895376425512611e-03  1.43523440900880151e-03  1.12632205852554175e-03  8.83883821423537283e-04  6.93636958711340212e-04  5.44337000224055139e-04  4.27173865012543783e-04  3.35228354824854363e-04  2.63075005084925900e-04  2.06445926734167277e-04  1.62028234544415209e-04  
1.16591440117983114e-01  1.55773212482311248e-02  1.22013687519900559e-02  9.74619680563475720e-03  7.51063494753342713e-03  5.91568846433369357e-03  4.64192126186469423e-03  3.64252578340585123e-03  2.85807704374101091e-03  2.24268888599629072e-03  1.76012105561238982e-03  1.38118851756605749e-03  1.08391612602575741e-03  8.50605815803489045e-04  6.67521699862386165e-04  5.23843018508055838e-04  4.11090979856856375e-04  3.22607203522686154e-04  2.53170382686808231e-04  1.98673364169778846e-04  1.55927967090800412e-04  
1.21152765862858766e-01  1.50222441548019878e-02  1.17463501683004821e-02  9.39128591133297531e-03  7.20205313751388129e-03  5.70725842773474150e-03  4.46200477323344374e-03  3.50688648835082231e-03  2.74965849122891940e-03  2.15870006342323752e-03  1.69366705235868384e-03  1.32924860190087517e-03  1.04308815145376420e-03  8.18586004912108967e-04  6.42388362284525868e-04  5.04120930651294464e-04  3.95613522992198006e-04  3.10461255079026472e-04  2.43638657501304799e-04  1.91193440542801170e-04  1.50057354399785143e-04  
1.25892541179416617e-01  1.45213941547053648e-02  1.12982429929218749e-02  9.03879073270402213e-03  6.92057299606618943e-03  5.49455449765078995e-03  4.29621939619757951e-03  3.37272325310020984e-03  2.64715373925045920e-03  2.07698735107182762e-03  1.63005725311753309e-03  1.27915168085177499e-03  1.00383000780804484e-03  7.87763168164780196e-04  6.18203309574404634e-04  4.85140903232052364e-04  3.80718935179976585e-04  2.98772548496018832e-04  2.34465814044232005e-04  1.83995117819855329e-04  1.44407800991122918e-04  
1.30817747426019287e-01  1.39596959338326772e-02  1.09103499547811116e-02  8.67347483308537545e-03  6.66136559489069902e-03  5.28959819659574962e-03  4.13274784776713078e-03  3.24687616208860609e-03  2.54689194442104302e-03  1.99899165462513869e-03  1.56862509906344791e-03  1.23100092712931050e-03  9.66035644570577105e-04  7.58103432862987305e-04  5.94928541146503794e-04  4.66875527182955389e-04  3.66385081410688300e-04  2.87523934748927219e-04  2.25638315225946810e-04  1.77067816554886252e-04  1.38970925215344665e-04  
1.35935639087852417e-01  1.33597163568609598e-02  1.05631174156952095e-02  8.30926890233284372e-03  6.41430759444868836e-03  5.09572685893874919e-03  3.97318922352269625e-03  3.12604046778310789e-03  2.45058412329852288e-03  1.92384932040966716e-03  1.50952803639414486e-03  1.18466635978003000e-03  9.29661182979361726e-04  7.29562123545833834e-04  5.72529451578559817e-04  4.49297962672205601e-04  3.52590863328686545e-04  2.76698834242269150e-04  2.17143166184295808e-04  1.70401319621112844e-04  1.33738762714162850e-04  
1.41253754462275533e-01  1.28228607937223692e-02  1.02084168982705704e-02  7.95798960110515388e-03  6.18745190855219708e-03  4.89972401242362576e-03  3.82491208585210426e-03  3.00743073262006331e-03  2.35878636102290632e-03  1.85125462622706054e-03  1.45273931577578333e-03  1.14004890328599359e-03  8.94664142903891287e-04  7.02092754030822128e-04  5.50974519248753885e-04  4.32381945775013122e-04  3.39316073352224673e-04  2.66281268246386794e-04  2.08967861151925844e-04  1.63985812380658305e-04  1.28703582934716859e-04  
1.46779926762207052e-01  1.23455292227289300e-02  9.85736652768209529e-03  7.61499792561199686e-03  5.97976953359030585e-03  4.70250440124464660e-03  3.68544760979734078e-03  2.89338608759312802e-03  2.26991862319534353e-03  1.78159612791363637e-03  1.39803580181034853e-03  1.09712789043306326e-03  8.60978862664619734e-04  6.75659901885004074e-04  5.30230287734640392e-04  4.16103106435040981e-04  3.26540978535169344e-04  2.56255944542361960e-04  2.01100344232270302e-04  1.57811848447238164e-04  1.23857969972238790e-04  
1.52522295653901990e-01  1.18910018818041280e-02  9.50305349573865241e-03  7.29607861588664388e-03  5.77424518788248638e-03  4.51659112616058320e-03  3.54991947666706120e-03  2.78312256094381816e-03  2.18501926208670115e-03  1.71432423190804846e-03  1.34544802346748377e-03  1.05581060643712005e-03  8.28565544451717400e-04  6.50220877329554131e-04  5.10267634615002379e-04  4.00436956326021898e-04  3.14246922200274545e-04  2.46608054917620901e-04  1.93529038507546039e-04  1.51870329272812081e-04  1.19194792782680037e-04  
1.58489319246111426e-01  1.14354581273889127e-02  9.15100408004374151e-03  7.00640333534680720e-03  5.56173910612651860e-03  4.34773376155729065e-03  3.41445813214562213e-03  2.67918660554970723e-03  2.10237055564497502e-03  1.64994132404526418e-03  1.29473649267248321e-03  1.01607522835397350e-03  7.97365800530917780e-04  6.25741718837474759e-04  4.91055853847691993e-04  3.85360859391489406e-04  3.02415664893715386e-04  2.37323417719417925e-04  1.86242786315584378e-04  1.46152501852934134e-04  1.14707194699247635e-04  
1.64689786548286893e-01  1.10251845866327670e-02  8.78978638809661469e-03  6.74221382469043090e-03  5.35235434891378689e-03  4.18456757587605446e-03  3.28570778239923493e-03  2.57824343023898466e-03  2.02330549071476221e-03  1.58775005687953794e-03  1.24601545844557670e-03  9.77811514670300606e-04  7.67348187606711253e-04  6.02181821978372981e-04  4.72568106639495553e-04  3.70852168999269460e-04  2.91029908134284076e-04  2.28388327729357483e-04  1.79230859352575757e-04  1.40649950321047754e-04  1.10388538210859832e-04  
1.71132830416178106e-01  1.06729522680603615e-02  8.42290316100158080e-03  6.49038986491086347e-03  5.15679925622420255e-03  4.02245418818265605e-03  3.16402621407096182e-03  2.48045962436315749e-03  1.94729434024072429e-03  1.52793912444346386e-03  1.19911305788120192e-03  9.40994270814765697e-04  7.38458072172344811e-04  5.79509951580904647e-04  4.54776143876690290e-04  3.56889797547456833e-04  2.80072800398771429e-04  2.19789643560997210e-04  1.72482926225735493e-04  1.35354569332820951e-04  1.06232466288692617e-04  
1.77827941003892293e-01  1.03206323267687715e-02  8.06794653141742688e-03  6.25674737049880091e-03  4.96203483513522024e-03  3.87062459847080246e-03  3.04443185798975585e-03  2.38741941514569343e-03  1.87388115488584459e-03  1.47043268195401629e-03  1.15395913325068542e-03  9.05567158034467808e-04  7.10655351033390105e-04  5.57691575382110905e-04  4.37654092742460570e-04  3.43453083624850500e-04  2.69528224178973289e-04  2.11514695552273378e-04  1.65989050232116033e-04  1.30258549752086667e-04  1.02232892744149039e-04  
1.84784979742229072e-01  9.96793243088534703e-03  7.72186696333942123e-03  6.04405135323091494e-03  4.76423530041096034e-03  3.72881384763926139e-03  2.92896262895204389e-03  2.29761465911529524e-03  1.80329853538308557e-03  1.41508101551932465e-03  1.11051017133346553e-03  8.71474407006168688e-04  6.83898532171292226e-04  5.36695068219583747e-04  4.21176551609405716e-04  3.30522293860921576e-04  2.59380638063680532e-04  2.03551296237800542e-04  1.59739663363400855e-04  1.25354397222518190e-04  9.83838826766627282e-05  
1.92014193863880106e-01  9.61539832184929791e-03  7.39308079313510252e-03  5.84021980142765667e-03  4.57320676113893640e-03  3.59274369556402068e-03  2.81735817348266341e-03  2.21146549899827382e-03  1.73532268945659042e-03  1.36181350006144637e-03  1.06869719394663714e-03  8.38664338365283633e-04  6.58149901878628003e-04  5.16488744136361206e-04  4.05319475924543874e-04  3.18078316115391689e-04  2.49615111433881235e-04  1.95887712614235690e-04  1.53725562597948625e-04  1.20634883019394486e-04  9.46797852714301765e-05  
1.99526231496887890e-01  9.26194672689653956e-03  7.09520625478025999e-03  5.62892327152784630e-03  4.39994449633826328e-03  3.45684192198498358e-03  2.71147377526197164e-03  2.12817821454124858e-03  1.66999428093238451e-03  1.31054228638733099e-03  1.02845970644348315e-03  8.07089004557022820e-04  6.33370678393973662e-04  4.97043273106318340e-04  3.90059402510228490e-04  3.06102847277326686e-04  2.40217252824829981e-04  1.88512658413651616e-04  1.47937890084242452e-04  1.16093051665328511e-04  9.11151602971679928e-05  
2.07332157348595392e-01  8.90556282480594631e-03  6.82364370474659258e-03  5.41709988667362589e-03  4.23620414010470337e-03  3.32531786163107459e-03  2.60991753195125194e-03  2.04789969373695823e-03  1.60712517900135762e-03  1.26120653510020087e-03  9.89735869568392603e-04  7.76702498483667746e-04  6.09524734220383778e-04  4.78329720317049382e-04  3.75373917130228504e-04  2.94578245259596470e-04  2.31173215834500490e-04  1.81415271386255547e-04  1.42368118954606747e-04  1.11722222828110156e-04  8.76847207615350871e-05  
2.15443469003188226e-01  8.53803306426353763e-03  6.56836117986722180e-03  5.21788052122353681e-03  4.07279526785473290e-03  3.20216920690348386e-03  2.51082831863618091e-03  1.97099408296428323e-03  1.54658766594110010e-03  1.21372622158622229e-03  9.52469931529753241e-04  7.47461143681642042e-04  5.86575938446213412e-04  4.60320970031653754e-04  3.61241266353882898e-04  2.83487546571921855e-04  2.22469684326923999e-04  1.74585096090334579e-04  1.37008047181352561e-04  1.07515949601091231e-04  8.43834486139654830e-05  
2.23872113856833782e-01  8.17862282552379340e-03  6.32817290367333144e-03  5.02406453711897252e-03  3.91722747677848183e-03  3.08194934631123929e-03  2.41633362527590061e-03  1.89679766580610662e-03  1.48834212121760033e-03  1.16803334688691716e-03  9.16608917910995439e-04  7.19319486605527196e-04  5.64491597071831728e-04  4.42990175523434965e-04  3.47640708805245914e-04  2.72814414234454213e-04  2.14093831167439181e-04  1.68012074633542934e-04  1.31849778452293231e-04  1.03468040856145160e-04  8.12064640517358617e-05  
2.32630506715362395e-01  7.83036622199641784e-03  6.10926154517813305e-03  4.82670279675168588e-03  3.77270376382272087e-03  2.96492959738848877e-03  2.32567252089927162e-03  1.82526487366086224e-03  1.43233731691899137e-03  1.12405067490947306e-03  8.82099503300452434e-04  6.92237637054985214e-04  5.43238619210983193e-04  4.26311832887300488e-04  3.34552236838418348e-04  2.62543111257735836e-04  2.06033326651389854e-04  1.61686523078879930e-04  1.26885715742463726e-04  9.95725323284165915e-05  7.81490952268781001e-05  
2.41731548080410114e-01  7.49354814370727096e-03  5.90497648687536830e-03  4.63195902425107917e-03  3.63540547784042822e-03  2.85222219974136122e-03  2.23819539078403025e-03  1.75656187509133296e-03  1.37840123678463619e-03  1.08172972815688984e-03  8.48889350167297092e-04  6.66174724163315964e-04  5.22786061080785631e-04  4.10261416475155233e-04  3.21956527472300462e-04  2.52658519050694304e-04  1.98276296678381728e-04  1.55599124121051950e-04  1.22108547051193601e-04  9.58236883148432130e-05  7.52068304311305968e-05  
2.51188643150958235e-01  7.18661534405461849e-03  5.69605741065460063e-03  4.45305559337055585e-03  3.49971206289302053e-03  2.74415435721400659e-03  2.15432410307444698e-03  1.69025923622956190e-03  1.32656256593372988e-03  1.04098467952128560e-03  8.16933983835074762e-04  6.41092176051886618e-04  5.03103754338223691e-04  3.94815186588302663e-04  3.09835076143809035e-04  2.43146069705525714e-04  1.90811315306867055e-04  1.49740912320639566e-04  1.17511235774900871e-04  9.22159861810513827e-05  7.23753394140035599e-05  
2.61015721568253867e-01  6.90653342282589785e-03  5.48340713395985020e-03  4.28765156492688908e-03  3.36586283056558360e-03  2.64182572752386883e-03  2.07279937185153931e-03  1.62676179804282128e-03  1.27657316874839181e-03  1.00180415840846236e-03  7.86173470120736647e-04  6.16955968422943377e-04  4.84162024736390945e-04  3.79950641286729820e-04  2.98169954835482746e-04  2.33991767074800532e-04  1.83627384297862584e-04  1.44103259141269125e-04  1.13087010341408092e-04  8.87441120725744495e-05  6.96504514121191906e-05  
2.71227257933202959e-01  6.64797440440010982e-03  5.27928060424597695e-03  4.12413176152360509e-03  3.24046028213490498e-03  2.54170280320128875e-03  1.99496799493308627e-03  1.56545918807590137e-03  1.22851697010888214e-03  9.64086544240011739e-04  7.56573666176088111e-04  5.93728072449698440e-04  4.65933511381851875e-04  3.65645730578789197e-04  2.86944018737242954e-04  2.25182119460925594e-04  1.76713924166833881e-04  1.38677860465896479e-04  1.08829354263758653e-04  8.54029518966964961e-05  6.70281538000057266e-05  
2.81838293126445483e-01  6.40182390192698455e-03  5.08552729979141159e-03  3.96509145456184174e-03  3.11972378221416196e-03  2.44565406933221164e-03  1.91996433353739120e-03  1.50648274323785555e-03  1.18227525936766427e-03  9.27785550903704255e-04  7.28090012876780185e-04  5.71374189111254361e-04  4.48391383557972733e-04  3.51879363626750330e-04  2.76140747901421264e-04  2.16704146254641445e-04  1.70060753001128527e-04  1.33456724232148269e-04  1.04731996889832386e-04  8.21875827400430872e-05  6.45045900701222578e-05  
2.92864456462523737e-01  6.17610801228929158e-03  4.88931713494632821e-03  3.81737160652103388e-03  3.00132252375066421e-03  2.35403389229485492e-03  1.84751577921874626e-03  1.44980873690300749e-03  1.13774823039985810e-03  8.92859183616256718e-04  7.00675938404492129e-04  5.49862810702512312e-04  4.31509504762515970e-04  3.38631350048321320e-04  2.65744198419536385e-04  2.08545368365201951e-04  1.63658068872475903e-04  1.28432161014764692e-04  1.00788902105236578e-04  7.90932716999887030e-05  6.20760315347480861e-05  
3.04321988710772207e-01  5.96909469656893912e-03  4.69231946270070970e-03  3.67826506010529098e-03  2.88748321737363704e-03  2.26534704050213465e-03  1.77800198646748233e-03  1.39521402407540148e-03  1.09491426692551099e-03  8.59241351506493463e-04  6.74296716848328862e-04  5.29160355177790698e-04  4.15263524957025574e-04  3.25882030680079511e-04  2.55739096744973630e-04  2.00693758326661202e-04  1.57496443159196240e-04  1.23596769496934529e-04  9.69942624409692250e-05  7.61154595337489021e-05  5.97389068304745522e-05  
3.16227766016837941e-01  5.76312664157668103e-03  4.50737213033840321e-03  3.54275438290516023e-03  2.77749163594941421e-03  2.18062606985395223e-03  1.71085570811746468e-03  1.34273805861069529e-03  1.05367822338466163e-03  8.26894254031908249e-04  6.48908708559339147e-04  5.09238063901612374e-04  3.99628977897075128e-04  3.13612782463948837e-04  2.46110665362057510e-04  1.93137760937618435e-04  1.51566798538483715e-04  1.18943427519148693e-04  9.33424885688497667e-05  7.32497606180073697e-05  5.74897716752099968e-05  
3.28599324760065425e-01  5.55052352715675913e-03  4.33911790624125215e-03  3.40744604225480660e-03  2.67383463473016029e-03  2.09811034302835597e-03  1.64661464130359337e-03  1.29212485557126137e-03  1.01402391343255135e-03  7.95757475641552855e-04  6.24478870534332805e-04  4.90065091402052191e-04  3.84583265516006832e-04  3.01805419850606038e-04  2.36844747927367227e-04  1.85866241325159833e-04  1.45860401529069260e-04  1.14465281075085552e-04  8.98282019988518981e-05  7.04919524459864187e-05  5.53253190176137747e-05  
3.41454887383360051e-01  5.34176804675858680e-03  4.17593334522052464e-03  3.27918738184126979e-03  2.57299513402153282e-03  2.01923229984730555e-03  1.58454681928478676e-03  1.24350011268710078e-03  9.75838852601456589e-04  7.65799641768192250e-04  6.00966895419629155e-04  4.71614494161021647e-04  3.70103911711120598e-04  2.90442613860654659e-04  2.27927688111905158e-04  1.78868488944177649e-04  1.40368847407890693e-04  1.10155734096274903e-04  8.64462261066266049e-05  6.78379742607001992e-05  5.32423558646177923e-05  
3.54813389233575305e-01  5.14662650487014185e-03  4.01416756248448251e-03  3.15768332582967324e-03  2.47544690771049668e-03  1.94336896310378054e-03  1.52485461820868950e-03  1.19669334208501459e-03  9.39095838642589002e-04  7.36967867881456093e-04  5.78340703141934538e-04  4.53858472537359736e-04  3.56169695908372796e-04  2.79507624609738516e-04  2.19346344005176406e-04  1.72134200092845480e-04  1.35084046674441082e-04  1.06008438924931291e-04  8.31915796325186964e-05  6.52839164253171342e-05  5.12378160134783979e-05  
3.68694506451957338e-01  4.95166114730855034e-03  3.86295464167837931e-03  3.03822096213103490e-03  2.38263222335695487e-03  1.87008820237723867e-03  1.46746976530661203e-03  1.15162886805244310e-03  9.03740579999453620e-04  7.09221292422992726e-04  5.56566246701683479e-04  4.36771024776584616e-04  3.42760074128258061e-04  2.68984333639138721e-04  2.11088083665469581e-04  1.65653453284253266e-04  1.29998215401002818e-04  1.02017287017547827e-04  8.00594684500274400e-05  6.28260176938153642e-05  4.93087443623426884e-05  
3.83118684955728483e-01  4.75387910543102320e-03  3.72155598235135703e-03  2.92300816496046667e-03  2.29297122130418243e-03  1.79966353536225037e-03  1.41222643802137301e-03  1.10826796226642238e-03  8.69716713479558507e-04  6.82518274920146557e-04  5.35612220957020022e-04  4.20326681313953497e-04  3.29855392980509888e-04  2.58857219676505101e-04  2.03140748225686931e-04  1.59416700908643767e-04  1.25103863117303105e-04  9.81763995066977871e-05  7.70452791302179003e-05  6.04606581380955969e-05  4.74522980084818161e-05  
3.98107170553496925e-01  4.56360988267296309e-03  3.58562640209335705e-03  2.81160233691967213e-03  2.20704248904908876e-03  1.73180436636977044e-03  1.35907113837574435e-03  1.06653927838375531e-03  8.36972371412104585e-04  6.56821922182458033e-04  5.15446516537664988e-04  4.04501673147046386e-04  3.17436496038646290e-04  2.49111407320897816e-04  1.95492619447316105e-04  1.53414760435831646e-04  1.20393779805559153e-04  9.44801190735171088e-05  7.41445724431608261e-05  5.81843518747648033e-05  4.56657495466929463e-05  
4.13682040238850302e-01  4.39117550300075973e-03  3.44974408557812643e-03  2.70606925164367266e-03  2.12384926390529792e-03  1.66664021554575967e-03  1.30789182379305205e-03  1.02638657905234363e-03  8.05459682838090990e-04  6.32092974966744171e-04  4.96040252095558513e-04  3.89272369521718098e-04  3.05485208493976946e-04  2.39732506621415705e-04  1.88132441460463895e-04  1.47638788814589424e-04  1.15861028463195865e-04  9.09230013057181306e-05  7.13530756155450273e-05  5.59937469644804738e-05  4.39464641480846610e-05  
4.29866234708227213e-01  4.22761431975297516e-03  3.31865677068434416e-03  2.60461718835862605e-03  2.04378236216168525e-03  1.60387692653226233e-03  1.25866292343957309e-03  9.87738154095682986e-04  7.75135706851895739e-04  6.08294627822524871e-04  4.77364642805504875e-04  3.74616464892376906e-04  2.93983871361275012e-04  2.30706716842004765e-04  1.81049371114009282e-04  1.42080278460186463e-04  1.11498932713941328e-04  8.74998067995532965e-05  6.86666767850591570e-05  5.38856175669100149e-05  4.22919065036946851e-05  
4.46683592150963482e-01  4.06432905111614538e-03  3.19580406215184357e-03  2.50573146644900721e-03  1.96702574335160668e-03  1.54346334916048971e-03  1.21127904907467900e-03  9.50547235418546790e-04  7.45953231478275504e-04  5.85392236352845724e-04  4.59392200373379383e-04  3.60512333933601535e-04  2.82915553870276802e-04  2.22020746448511311e-04  1.74232972306393542e-04  1.36731043576892680e-04  1.07301066922767900e-04  8.42054935463669267e-05  6.60814192432830540e-05  5.18568577131975442e-05  4.06996427606757502e-05  
4.64158883361278196e-01  3.90938029627640928e-03  3.07567333873469059e-03  2.41148895859677036e-03  1.89296005734774370e-03  1.48534131948179328e-03  1.16567634726979412e-03  9.14759127547474442e-04  7.17868068059726561e-04  5.63352635314462316e-04  4.42096284324889645e-04  3.46939258332568221e-04  2.72263941678743085e-04  2.13661801220070812e-04  1.67673206485782837e-04  1.31583204172430133e-04  1.03261248297509533e-04  8.10352091450396785e-05  6.35934949987731438e-05  4.99044796255774154e-05  3.91673259254122011e-05  
4.82317848223930923e-01  3.76534319029241896e-03  2.95890482441561698e-03  2.32097488139307393e-03  1.82158402478220342e-03  1.42944614772499089e-03  1.12178359047016419e-03  8.80319023113136472e-04  6.90841020940297437e-04  5.42142460207759610e-04  4.25451628117474133e-04  3.33877184558734996e-04  2.62013365686550499e-04  2.05617562932344572e-04  1.61360412503722139e-04  1.26629177881669257e-04  9.93735263464219718e-05  7.79842839885885766e-05  6.11992396955936225e-05  4.80256068080843864e-05  3.76927019342085230e-05  
5.01187233627272466e-01  3.62829129915700739e-03  2.84637816765595996e-03  2.23371376417266961e-03  1.75300813641332629e-03  1.37562027669283415e-03  1.07954750834272158e-03  8.47176452034420577e-04  6.64830420006936934e-04  5.21731246975280717e-04  4.09433587307349463e-04  3.21306888203170833e-04  2.52148721712334588e-04  1.97876183862715920e-04  1.55285292504826826e-04  1.21861667372691294e-04  9.56321748383207911e-05  7.50482243015634243e-05  5.88951264292997189e-05  4.62174731463276203e-05  3.62735937473242524e-05  
5.20794832859546530e-01  3.49254020535106095e-03  2.73867044726302210e-03  2.14995131893367265e-03  1.68686125279547379e-03  1.32388052198349911e-03  1.03888600136530754e-03  8.15285158552392039e-04  6.39798617232229970e-04  5.02088614304461284e-04  3.94018534984221414e-04  3.09209893919288649e-04  2.42655466763491397e-04  1.90426266005204052e-04  1.49438896366165241e-04  1.17273650995689227e-04  9.20316828820506709e-05  7.22227054250072949e-05  5.66777617777212929e-05  4.44774138845120454e-05  3.49079167432571764e-05  
5.41169526546463775e-01  3.35903307394108674e-03  2.63649891835304132e-03  2.06862371408987394e-03  1.62347204483650337e-03  1.27399981552241267e-03  9.99782577657199042e-04  7.84586847584121906e-04  6.15711218089807729e-04  4.83185074221613030e-04  3.79183977196864068e-04  2.97568317689982022e-04  2.33519631459477330e-04  1.83256833312235454e-04  1.43812613508649128e-04  1.12858370665381061e-04  8.85667472521699234e-05  6.95035656104826870e-05  5.45438794014604749e-05  4.28028672620533654e-05  3.35936547834359423e-05  
5.62341325190349073e-01  3.23405704149547311e-03  2.53652520619861372e-03  1.99095235960433008e-03  1.56229918708637402e-03  1.22603852096080492e-03  9.62141097222055509e-04  7.55047083528699375e-04  5.92530025001808099e-04  4.64993375959237021e-04  3.64907930994176806e-04  2.86365031428414680e-04  2.24727760089355231e-04  1.76357324458756580e-04  1.38398157154731854e-04  1.08609322916836191e-04  8.52322643265703022e-05  6.68867997243915774e-05  5.24903364225791602e-05  4.11913660639149178e-05  3.23288747632062066e-05  
5.84341413373517526e-01  3.11341295467522502e-03  2.44073683994561761e-03  1.91608616374916441e-03  1.50344363307227747e-03  1.17988921548822551e-03  9.25913588821818557e-04  7.26620879513960880e-04  5.70221258619323318e-04  4.47486626827597617e-04  3.51169356740669149e-04  2.75583553133884596e-04  2.16266894629965736e-04  1.69717578682482848e-04  1.33187551874677925e-04  1.04520249237034652e-04  8.20233226305766300e-05  6.43685534428724678e-05  5.05141080919572035e-05  3.96405367739971514e-05  3.11117133152430416e-05  
6.07202195690988322e-01  2.99522812493371437e-03  2.34928749074832070e-03  1.84378643345742537e-03  1.44688300314226134e-03  1.13545293185860451e-03  8.91057425073245703e-04  6.99262200067472220e-04  5.48753248385523001e-04  4.30638850570314328e-04  3.37948055053119856e-04  2.65207987531049878e-04  2.08124577932777957e-04  1.63327814758900948e-04  1.28173122982026480e-04  1.00585126620974028e-04  7.89351956446053229e-05  6.19451175778748628e-05  4.86122834812134533e-05  3.81480954228324517e-05  2.99403765500484981e-05  
6.30957344480193028e-01  2.88158662021191113e-03  2.26078919183200474e-03  1.77441392741067155e-03  1.39239763454268063e-03  1.09270547055942608e-03  8.57507220976601900e-04  6.72936309243639332e-04  5.28092574145723340e-04  4.14425625990928314e-04  3.25224471266328033e-04  2.55223072064667824e-04  2.00288810392163468e-04  1.57178623482858500e-04  1.23347483669012607e-04  9.67981591962899978e-05  7.59633346712082448e-05  5.96129225873342515e-05  4.67820613846718956e-05  3.67118435338662733e-05  2.88131399746356388e-05  
6.55641849417978539e-01  2.77188307883455666e-03  2.17623493390205940e-03  1.70739783146537510e-03  1.34003203039356343e-03  1.05155068062017529e-03  8.25226130986711688e-04  6.47599305521129234e-04  5.08210511043709020e-04  3.98822633441154629e-04  3.12979977444849465e-04  2.45614066831428910e-04  1.92748060925971047e-04  1.51260943484569699e-04  1.18703527571697474e-04  9.31537685258909237e-05  7.31033625037823574e-05  5.73685332585149654e-05  4.50207460736204716e-05  3.53296654102546676e-05  2.77283439763189007e-05  
6.81292069057960803e-01  2.66848929831102607e-03  2.09386191463788347e-03  1.64329275289013020e-03  1.28951922084721555e-03  1.01197654390474344e-03  7.94152450001652920e-04  6.23218561203955305e-04  4.89076315115297643e-04  3.83807242908488794e-04  3.01196450743833907e-04  2.36366846235843667e-04  1.85491211732360137e-04  1.45566062390620741e-04  1.14234413082797952e-04  8.96465870821319476e-05  7.03510664797327070e-05  5.52086438259418569e-05  4.33257431062140575e-05  3.39995257203847372e-05  2.66843887886938566e-05  
7.07945784384137355e-01  2.56775512679808778e-03  2.01516766746857173e-03  1.58134993433786003e-03  1.24098985227214919e-03  9.73870337017115765e-04  7.64254107125621218e-04  5.99754436385864596e-04  4.70662822063042964e-04  3.69357137353401284e-04  2.89856564734125143e-04  2.27467779613451564e-04  1.78507579448206164e-04  1.40085589998285794e-04  1.09933558032331653e-04  8.62714488949398975e-05  6.77023926966985063e-05  5.31300728770247557e-05  4.16945559828648540e-05  3.27194648191109929e-05  2.56797383822092735e-05  
7.35642254459640599e-01  2.47044719565352221e-03  1.93945099791289241e-03  1.52177648964093269e-03  1.19427835467531018e-03  9.37201296977826473e-04  7.35480672601243309e-04  5.77173792814647969e-04  4.52942675530369722e-04  3.55451025063092073e-04  2.78943639818630073e-04  2.18903752006910005e-04  1.71786878385413476e-04  1.34811453506639150e-04  1.05794627849492147e-04  8.30233825024111953e-05  6.51534398588832892e-05  5.11297588396032669e-05  4.01247820000333899e-05  3.14875975519988272e-05  2.47129119103019431e-05  
7.64422274252599454e-01  2.37785215939159255e-03  1.86630337114593791e-03  1.46451281608133148e-03  1.14930315544481778e-03  9.01917902521233547e-04  7.07789963016556807e-04  5.55443277682947790e-04  4.35889710028699369e-04  3.42068458179071565e-04  2.68441585156087715e-04  2.10662154314684481e-04  1.65319207942098443e-04  1.29735885282916626e-04  1.01811525779166656e-04  7.98976038364107615e-05  6.27004535178375482e-05  4.92047553689394749e-05  3.86141090735930124e-05  3.03021091517547349e-05  2.37824864696967436e-05  
7.94328234724282156e-01  2.28833804542072751e-03  1.79603581754349956e-03  1.40937753689544679e-03  1.10603036687373303e-03  8.67962434318040417e-04  6.81140898819320513e-04  5.34531515956286683e-04  4.19478549304528388e-04  3.29189815922763024e-04  2.58334906516094541e-04  2.02730854068830041e-04  1.59095040063478787e-04  1.24851409579478556e-04  9.79783849252004136e-05  7.68895088674580608e-05  6.03398205712052697e-05  4.73522270963908697e-05  3.71603120021889128e-05  2.91612537847952867e-05  2.28870904604411461e-05  
8.25404185268018953e-01  2.20262688077397639e-03  1.72829267797376240e-03  1.35633508212549625e-03  1.06438532754076138e-03  8.35283964282059941e-04  6.55496526539890885e-04  5.14406458483737759e-04  4.03685488359234272e-04  3.16795974808590922e-04  2.48608758740143999e-04  1.95098157670316115e-04  1.53105209824879238e-04  1.20150831049522689e-04  9.42895596357721226e-05  7.39946667671520671e-05  5.80680640080719280e-05  4.55694453499082340e-05  3.57612495040399519e-05  2.80633508372102581e-05  2.20254058186400992e-05  
8.57695898590894568e-01  2.11953063783184128e-03  1.66329135861415520e-03  1.30524769855655510e-03  1.02431714059173255e-03  8.03833831399136493e-04  6.30817797386020590e-04  4.95039270819722728e-04  3.88486923009370331e-04  3.04868807104719669e-04  2.39248778847318843e-04  1.87752832256570938e-04  1.47340892207392448e-04  1.15627226709776463e-04  9.07396162979784708e-05  7.12088137021874305e-05  5.58818376647901753e-05  4.38537842271113592e-05  3.44148608342688709e-05  2.70067832528211579e-05  2.11961630518140160e-05  
8.91250938133745896e-01  2.03967300655399529e-03  1.60063603025554515e-03  1.25612418746233576e-03  9.85744435160687852e-04  7.73572136160747322e-04  6.07066971245936830e-04  4.76401529566705749e-04  3.73860538890932531e-04  2.93390683501267501e-04  2.30241203770404962e-04  1.80684052220023058e-04  1.41793598219450189e-04  1.11273933188202632e-04  8.73233261900451527e-05  6.85278462769261571e-05  5.37779213881982250e-05  4.22027166702421537e-05  3.31191628800539260e-05  2.59899946921022462e-05  2.03981410750265998e-05  
9.26118728128793700e-01  1.96306524993964662e-03  1.54034510848621181e-03  1.20883679709907102e-03  9.48628468506026589e-04  7.44448338091492612e-04  5.84210924122158183e-04  4.58465310024756974e-04  3.59784871878390485e-04  2.82344705306973652e-04  2.21572754956551415e-04  1.73881409371369158e-04  1.36455156065666691e-04  1.07084538692496013e-04  8.40356572684657457e-05  6.59478156215329969e-05  5.17532162507512781e-05  4.06138107817710523e-05  3.18722471276803215e-05  2.50114876484009263e-05  1.96301638893009172e-05  
9.62350626398088771e-01  1.88912937188492999e-03  1.48234702317857556e-03  1.16332388564413525e-03  9.12913117880750306e-04  7.16419614524751547e-04  5.62215941754980555e-04  4.41204212321164447e-04  3.46239213199445433e-04  2.71714577601708102e-04  2.13230678702922276e-04  1.67334878751724999e-04  1.31317704049233481e-04  1.03052872090896705e-04  8.08717671246815865e-05  6.34649215133843453e-05  4.98047400035369695e-05  3.90847262076804438e-05  3.06722769802606949e-05  2.40698207614042005e-05  1.88911006444354085e-05  
1.00000000000000000e+00  1.81791135494193887e-03  1.42656090222012142e-03  1.11952068974504834e-03  8.78542441916780356e-04  6.89447083584381428e-04  5.41048537560767846e-04  4.24593170536125605e-04  3.33203483253099498e-04  2.61484687892373142e-04  2.05202670904369039e-04  1.61034823189830107e-04  1.26373673440470914e-04  9.91729954352639265e-05  7.78269954676998044e-05  6.10755068326366445e-05  4.79296226744278694e-05  3.76132107180550591e-05  2.95174849422831060e-05  2.31636071064383418e-05  1.81798624345605614e-05  
1.03912230383516913e+00  1.74945975808714826e-03  1.37284582814270191e-03  1.07736938318511071e-03  8.45467083785835611e-04  6.63488813988805017e-04  5.20678576770551029e-04  4.08607414281691105e-04  3.20658566153389827e-04  2.51639944055237529e-04  1.97476913602823091e-04  1.54971961070199204e-04  1.21615782543185261e-04  9.54391938214931625e-05  7.48968575647807798e-05  5.87760521426761710e-05  4.61251023411739906e-05  3.61970968712115249e-05  2.84061700956708065e-05  2.22915118551243329e-05  1.74954017997379864e-05  
1.07977516232770943e+00  1.68347260574033494e-03  1.32120269331508769e-03  1.03679203924313644e-03  8.13639497971334314e-04  6.38507706535697207e-04  5.01075517255969959e-04  3.93223489663825762e-04  3.08585979445101250e-04  2.42165841138678806e-04  1.90042029825405784e-04  1.49137361048234419e-04  1.17037023757440443e-04  9.18459674243412102e-05  7.20770375842644305e-05  5.65631704829860457e-05  4.43885210789168817e-05  3.48342988231924942e-05  2.73366955680460188e-05  2.14522504095106935e-05  1.68367108096220312e-05  
1.12201845430196290e+00  1.62018856010233674e-03  1.27143142518652613e-03  9.97765216885048616e-04  7.83003370793400213e-04  6.14469017433439866e-04  4.82210063419817093e-04  3.78418879641147514e-04  2.96967888000976494e-04  2.33048442367865343e-04  1.82887062515940787e-04  1.43522431152286900e-04  1.12630652246078163e-04  8.83880238673809260e-05  6.93633820684316137e-05  5.44336024475505987e-05  4.27173210183515948e-05  3.35228092691218101e-05  2.63074860957217027e-05  2.06445866021060155e-05  1.62028192357708573e-05  
1.16591440117983103e+00  1.55914512055820302e-03  1.22356549592241644e-03  9.60199348840513455e-04  7.53523642427115928e-04  5.91334411305556563e-04  4.64055121823545556e-04  3.64171621476602921e-04  2.85787215539280237e-04  2.24274309514593129e-04  1.76001475161055316e-04  1.38118900091001686e-04  1.08390177946587543e-04  8.50602697638145737e-05  6.67518940041755647e-05  5.23842113245845457e-05  4.11090405986973867e-05  3.22606964782157845e-05  2.53170257141330544e-05  1.98673308407238163e-05  1.55927932491557156e-05  
1.21152765862858769e+00  1.50041057498598979e-03  1.17750828910167561e-03  9.24045266180674473e-04  7.25154722526163455e-04  5.69070642874057670e-04  4.46583719849773502e-04  3.50460766110242006e-04  2.75027489653782318e-04  2.15830517125994883e-04  1.69375126898513247e-04  1.32918808579836323e-04  1.04309354970803531e-04  8.18578035539117502e-05  6.42387268492667458e-05  5.04119785047143370e-05  3.95613109329997619e-05  3.10461014467275652e-05  2.43638555423841537e-05  1.91193382880018771e-05  1.50057343007755761e-05  
1.25892541179416617e+00  1.44396215684543076e-03  1.13316301853445497e-03  8.89258830432289749e-04  6.97851543364323029e-04  5.47645832958287880e-04  4.29769984820887205e-04  3.37266128156788532e-04  2.64672862890591042e-04  2.07704628476734483e-04  1.62998256799443825e-04  1.27914497420061082e-04  1.00382172503655121e-04  7.87759082204835784e-05  6.18201788839162528e-05  4.85139990211698883e-05  3.80718523261577672e-05  2.98772351529029537e-05  2.34465716547173124e-05  1.83995071003055279e-05  1.44407780771852239e-05  
1.30817747426019282e+00  1.38958661011038490e-03  1.09050146174475876e-03  8.55776511928197032e-04  6.71578648370173238e-04  5.27026942143873434e-04  4.13589421371464265e-04  3.24568239009022602e-04  2.54708088547745662e-04  1.99884673868051148e-04  1.56861472263525515e-04  1.23098595655676211e-04  9.66028459817158675e-05  7.58100443866487425e-05  5.94926877360604350e-05  4.66874772888498159e-05  3.66384709029960985e-05  2.87523759529821163e-05  2.25638229019927165e-05  1.77067772166924562e-05  1.38970916899022469e-05  
1.35935639087852422e+00  1.33733009604127722e-03  1.04942784511974189e-03  8.23561269340088316e-04  6.46292595676686388e-04  5.07185007606731166e-04  3.98017917795275347e-04  3.12348449388303044e-04  2.45118474274502436e-04  1.92359137930494140e-04  1.50955733859353664e-04  1.18464009610851309e-04  9.29658088771834158e-05  7.29558434624384385e-05  5.72528251975693950e-05  4.49297229584057431e-05  3.52590553981328676e-05  2.76698669933897859e-05  2.17143091071969096e-05  1.70401281067713859e-05  1.33738750266240369e-05  
1.41253754462275549e+00  1.28691926536169386e-03  1.00993335274345139e-03  7.92550580588842566e-04  6.21960838916867250e-04  4.88089503065095910e-04  3.83032807997518612e-04  3.00588699864836240e-04  2.35889913291441338e-04  1.85116931436071211e-04  1.45272343675638784e-04  1.14003912809873342e-04  8.94657040366000401e-05  7.02091014200564942e-05  5.50972921007767037e-05  4.32381469812299842e-05  3.39315740250965980e-05  2.66281138248082823e-05  2.08967789544926217e-05  1.63985779965106738e-05  1.28703568522409709e-05  
1.46779926762207058e+00  1.23848480980833777e-03  9.71905808877646950e-04  7.62711697938417139e-04  5.98544373618579767e-04  4.69713106709655293e-04  3.68611854108877074e-04  2.89271703636209752e-04  2.27008799175970984e-04  1.78147391913604977e-04  1.39802929023751578e-04  1.09711736245997904e-04  8.60973758856283677e-05  6.75657725613496181e-05  5.30229134701330258e-05  4.16102577899865719e-05  3.26540714962130461e-05  2.56255820093599358e-05  2.01100283104683010e-05  1.57811818089063768e-05  1.23857959615648144e-05  
1.52522295653901985e+00  1.19186816065506673e-03  9.35310633318489301e-04  7.33996476350814043e-04  5.76009216961422942e-04  4.52028741434680730e-04  3.54733796303161573e-04  2.78380795718720896e-04  2.18462053959185153e-04  1.71440250756214267e-04  1.34539435085346014e-04  1.05581157286761473e-04  8.28558632995259064e-05  6.50219633750351409e-05  5.10266339129747474e-05  4.00436576097859101e-05  3.14246661404107860e-05  2.46607948881841589e-05  1.93528983419616412e-05  1.51870301787656759e-05  1.19194785690192290e-05  
1.58489319246111404e+00  1.14698212030598127e-03  9.00099068793172022e-04  7.06361368862360979e-04  5.54322664384998293e-04  4.35010135281919399e-04  3.41378250909978433e-04  2.67899927471541832e-04  2.10237086951141789e-04  1.64985630541818499e-04  1.29474108139223840e-04  1.01606092272447213e-04  7.97363916248494626e-05  6.25739270410658323e-05  4.91055130362434166e-05  3.85360389497276713e-05  3.02415471276055883e-05  2.37323314012655360e-05  1.86242738335982424e-05  1.46152480206546713e-05  1.14707176033440992e-05  
1.64689786548286898e+00  1.10379750048131406e-03  8.66211543501395342e-04  6.79766368354609886e-04  5.33452979731689346e-04  4.18632129707113864e-04  3.28525583342040989e-04  2.57813645341392215e-04  2.02321788756572307e-04  1.58774022377310896e-04  1.24599487838289192e-04  9.77806860232407397e-05  7.67343661363123096e-05  6.02180577574875592e-05  4.72567211652945987e-05  3.70851811916384362e-05  2.91029718066759538e-05  2.28388239821673319e-05  1.79230815885888591e-05  1.40649930781178567e-05  1.10388522992826212e-05  
1.71132830416178106e+00  1.06223531772748768e-03  8.33599146523037924e-04  6.54173688681827358e-04  5.13368576354240208e-04  4.02870908428321604e-04  3.16156765532375717e-04  2.48107117383637981e-04  1.94704494532068749e-04  1.52796278161009734e-04  1.19908394003558923e-04  9.40993039804858243e-05  7.38453650652305904e-05  5.79508854878842827e-05  4.54775351574809232e-05  3.56889473227384909e-05  2.80072631349287477e-05  2.19789565587111351e-05  1.72482887919582647e-05  1.35354548926767358e-05  1.06232464422645529e-05  
1.77827941003892276e+00  1.02225128384430077e-03  8.02211519880699519e-04  6.29545107601985608e-04  4.94040328833113144e-04  3.87703063637885202e-04  3.04253643789964632e-04  2.38766029612210183e-04  1.87373989471358699e-04  1.47043591618337079e-04  1.15393917294565661e-04  9.05565236268200094e-05  7.10651331315111573e-05  5.57690708387221707e-05  4.37653343971155398e-05  3.43452807865189856e-05  2.69528072097195468e-05  2.11514626070586048e-05  1.65989015168568759e-05  1.30258535067851604e-05  1.02232878167840559e-05  
1.84784979742229072e+00  9.83754828138219987e-04  7.72011676759022268e-04  6.05841825237726653e-04  4.75440342763260579e-04  3.73106143053546983e-04  2.92798693863480111e-04  2.29776627692272376e-04  1.80319472659777223e-04  1.41507490883787285e-04  1.11049407745500504e-04  8.71471268443654260e-05  6.83895751872263245e-05  5.36694001632588970e-05  4.21175969259964490e-05  3.30522024570559974e-05  2.59380508912175042e-05  2.03551232828209610e-05  1.59739632744205030e-05  1.25354382632050538e-05  9.83838749805248626e-06  
1.92014193863880100e+00  9.46713705757103977e-04  7.42946426655218179e-04  5.83032019961585916e-04  4.57540273102860788e-04  3.59058891163264158e-04  2.81774999725339665e-04  2.21125671687456951e-04  1.73530555537519524e-04  1.36179820564210138e-04  1.06868466484234183e-04  8.38660917251093734e-05  6.58147503541483804e-05  5.16487807816742227e-05  4.05318957441532033e-05  3.18078077188643768e-05  2.49614995134092296e-05  1.95887656368535278e-05  1.53725535618266173e-05  1.20634868606551927e-05  9.46797838243049132e-06  
1.99526231496887885e+00  9.11070805065517658e-04  7.14974188778006413e-04  5.61081466672462776e-04  4.40313971094047959e-04  3.45540571374932911e-04  2.71166324303141184e-04  2.12800424983877458e-04  1.66997235623644809e-04  1.31052734360584974e-04  1.02844934971181877e-04  8.07085856018214837e-05  6.33368660730752132e-05  4.97042364635022659e-05  3.90058952231679858e-05  3.06102636650614027e-05  2.40217146843848598e-05  1.88512608764697892e-05  1.47937865494616625e-05  1.16093041290648192e-05  9.11151495226822479e-06  
2.07332157348595381e+00  8.76769690109802102e-04  6.88055861868231539e-04  5.39956835559691497e-04  4.23736450035430495e-04  3.32531138682581754e-04  2.60957077938780513e-04  2.04788615123318403e-04  1.60709892555729286e-04  1.26118679507726956e-04  9.89728871056297859e-05  7.76699575935143894e-05  6.09522726114275406e-05  4.78329030277990815e-05  3.75373476694620638e-05  2.94578063968942798e-05  2.31173121660662736e-05  1.81415227098453592e-05  1.42368097486929373e-05  1.11722211081786404e-05  8.76847209013669012e-06  
2.15443469003188204e+00  8.43761172729517051e-04  6.62149975926673681e-04  5.19628002754623413e-04  4.07782906762313381e-04  3.20011559716387262e-04  2.51132188383051827e-04  1.97078450779124449e-04  1.54659262229917682e-04  1.21370389632035130e-04  9.52466192193022739e-05  7.47457321365195993e-05  5.86574575957081763e-05  4.60320241342725451e-05  3.61240900141853230e-05  2.83487384247753229e-05  2.22469598368165001e-05  1.74585057410656927e-05  1.37008027756593607e-05  1.07515939896943542e-05  8.43834457555302334e-06  
2.23872113856833765e+00  8.11997005996046824e-04  6.37219466287592047e-04  5.00064439913872299e-04  3.92430056452984575e-04  3.07963322859555137e-04  2.41677203289731115e-04  1.89658568758773930e-04  1.48836435264982188e-04  1.16800869658479853e-04  9.16606431876267888e-05  7.19316019176426271e-05  5.64490409518394481e-05  4.42989472076116300e-05  3.47640406278458289e-05  2.72814261684094763e-05  2.14093757286000995e-05  1.68012039325631452e-05  1.31849761336691540e-05  1.03468032036206376e-05  8.12064621188817401e-06  
2.32630506715362406e+00  7.81423129021981849e-04  6.13229324860834922e-04  4.81236992610723012e-04  3.77655346735732047e-04  2.96368661075866336e-04  2.32578206858922402e-04  1.82518036963374530e-04  1.43232835480950021e-04  1.12403389085803630e-04  8.82096769987433425e-05  6.92234219592117100e-05  5.43237698236294456e-05  4.26311195470110087e-05  3.34551962518266291e-05  2.62542975512728425e-05  2.06033261378506455e-05  1.61686491265767111e-05  1.26885700386180078e-05  9.95725254898971286e-06  7.81490894844997628e-06  
2.41731548080410130e+00  7.52003338423600236e-04  5.90141218674280045e-04  4.63118744366513462e-04  3.63436806457512771e-04  2.85210563552408178e-04  2.23821773090884221e-04  1.75646344374235703e-04  1.37840207385215766e-04  1.08171471084546241e-04  8.48886375685172320e-05  6.66172032975781425e-05  5.22785138338657048e-05  4.10260845581969752e-05  3.21956290490825437e-05  2.52658396844375475e-05  1.98276238098968164e-05  1.55599096128297310e-05  1.22108533231688345e-05  9.58236822899535465e-06  7.52068251479401519e-06  
2.51188643150958235e+00  7.23691520361952577e-04  5.67922356568942776e-04  4.45682643073523664e-04  3.49753596717490643e-04  2.74472553027195541e-04  2.15395018090588903e-04  1.69033366405941035e-04  1.32650608554777614e-04  1.04098882258208092e-04  8.16926332208705577e-05  6.41091071572302249e-05  5.03102604605438233e-05  3.94814781353279920e-05  3.09834837649635244e-05  2.43145966379808435e-05  1.90811261894799257e-05  1.49740887597278028e-05  1.17511223466142086e-05  9.22159805520911568e-06  7.23753357311211103e-06  
2.61015721568253856e+00  6.96443858678977247e-04  5.46540627100750433e-04  4.28902868244723453e-04  3.36585578890321831e-04  2.64138819074997413e-04  2.07285525895442135e-04  1.62669363472002330e-04  1.27656394945019396e-04  1.00179623943092143e-04  7.86169564570056179e-05  6.16954392923089616e-05  4.84161105982023682e-05  3.79950251821986907e-05  2.98169749930272562e-05  2.33991672975163291e-05  1.83627337369901806e-05  1.44103236961844816e-05  1.13086999490417938e-05  8.87441066896021122e-06  6.96504495043398328e-06  
2.71227257933202948e+00  6.70223665823365365e-04  5.25963475139919006e-04  4.12754902700354393e-04  3.23913330540700876e-04  2.54194145693452378e-04  1.99481351666084216e-04  1.56544961198890064e-04  1.22850210577706237e-04  9.64079233354335160e-05  7.56570770172199374e-05  5.93726445260267608e-05  4.65932743002831499e-05  3.65645362547415171e-05  2.86943845475831077e-05  2.25182032990450351e-05  1.76713883108659422e-05  1.38677840339915008e-05  1.08829344790255006e-05  8.54029466551071748e-06  6.70281537193243968e-06  
2.81838293126445505e+00  6.44988541732617951e-04  5.06161578962672056e-04  3.97214816975443143e-04  3.11718198370544491e-04  2.44623881986713392e-04  1.91970999743374044e-04  1.50651139451296503e-04  1.18224976127590377e-04  9.27782249094765798e-05  7.28086352337024297e-05  5.71373015356320469e-05  4.48390666550478909e-05  3.51879043423088161e-05  2.76140589307434471e-05  2.16704070441334058e-05  1.70060716071290325e-05  1.33456706511079716e-05  1.04731988097079910e-05  8.21875793007382024e-06  6.45045853639998828e-06  
2.92864456462523748e+00  6.20705736128020127e-04  4.87104656192004735e-04  3.82259946189055411e-04  2.99982172482214833e-04  2.35413941443719929e-04  1.84743407949517228e-04  1.44979216460011044e-04  1.13773878985004746e-04  8.92851824136991188e-05  7.00674355198107994e-05  5.49861178236946198e-05  4.31509038336712079e-05  3.38631017621971635e-05  2.65744068980095387e-05  2.08545297877191951e-05  1.63658036612039441e-05  1.28432145088982291e-05  1.00788894365993389e-05  7.90932683332565204e-06  6.20760284504742254e-06  
3.04321988710772207e+00  5.97336693547581630e-04  4.68765333939300910e-04  3.67868070457681229e-04  2.88688021774333528e-04  2.26550745567272692e-04  1.77787930901938187e-04  1.39520838356282933e-04  1.09490362805479585e-04  8.59236508771314721e-05  6.74294402692537335e-05  5.29159248431149032e-05  4.15262992904358067e-05  3.25881771717988591e-05  2.55738971143864880e-05  2.00693697995875790e-05  1.57496414024615906e-05  1.23596755266650487e-05  9.69942556145731956e-06  7.61154563479678360e-06  5.97389047639797193e-06  
3.16227766016837952e+00  5.74846958585588136e-04  4.51116659735696136e-04  3.54018011546970463e-04  2.77819090782083569e-04  2.18021244403693564e-04  1.71094324266731141e-04  1.34267964469057902e-04  1.05368118619492373e-04  8.26886788797446208e-05  6.48907639207264375e-05  5.09236733379678954e-05  3.99628600960794220e-05  3.13612526957747734e-05  2.46110558984834217e-05  1.93137705936868455e-05  1.51566772671456167e-05  1.18943414839783472e-05  9.33424826486592950e-06  7.32497570705546735e-06  5.74897725012402658e-06  
3.28599324760065414e+00  5.53204382878744400e-04  4.34132300339680423e-04  3.40689449985512153e-04  2.67359359595568003e-04  2.09812876770757616e-04  1.64652727167638354e-04  1.29212858476825132e-04  1.01401074300448349e-04  7.95755016175444949e-05  6.24476671598787409e-05  4.90064288637429241e-05  3.84582834120883501e-05  3.01805211596915189e-05  2.36844650522544324e-05  1.85866192250577598e-05  1.45860378602427904e-05  1.14465269769638583e-05  8.98281966358359348e-06  7.04919496217652795e-06  5.53253184894952000e-06  
3.41454887383360095e+00  5.32376597080575290e-04  4.17787422256187240e-04  3.27862692426424628e-04  2.57293434242330155e-04  2.01913549474521943e-04  1.58453652182480813e-04  1.24348074350749498e-04  9.75833867514146571e-05  7.65795335698974392e-05  6.00965514742886678e-05  4.71613674526531688e-05  3.70103531006551125e-05  2.90442434284350786e-05  2.27927597717477450e-05  1.78868446503983854e-05  1.40368826698357826e-05  1.10155724053820218e-05  8.64462213033979554e-06  6.78379718479207757e-06  5.32423549950412597e-06  
3.54813389233575327e+00  5.12332852870243396e-04  4.02057941976685987e-04  3.15518856738030817e-04  2.47606484416053210e-04  1.94311627606420139e-04  1.52487968975772997e-04  1.19666446303320488e-04  9.39094328243880635e-05  7.36963618747352628e-05  5.78339538329412331e-05  4.53857714554618697e-05  3.56169364617599091e-05  2.79507458436498736e-05  2.19346266372467076e-05  1.72134161505457922e-05  1.35084028285242573e-05  1.06008430036846928e-05  8.31915752195708823e-06  6.52839146925893915e-06  5.12378137063992147e-06  
3.68694506451957338e+00  4.93043448378717377e-04  3.86920776777730153e-04  3.03639718206710979e-04  2.38284258414654405e-04  1.86995909325742059e-04  1.46746891410396324e-04  1.15161078392502048e-04  9.03738011392757519e-05  7.09217397693422407e-05  5.56565416037949922e-05  4.36770255363949612e-05  3.42759810909466694e-05  2.68984177589105427e-05  2.11088016785685291e-05  1.65653418121846846e-05  1.29998199222733668e-05  1.02017279045506024e-05  8.00594645109441783e-06  6.28260162323243628e-06  4.93087419818617306e-06  
3.83118684955728517e+00  4.74481047275834627e-04  3.72353282819531917e-04  2.92207899638141221e-04  2.29312985677426957e-04  1.79955630764478661e-04  1.41221960056970739e-04  1.10825335409324660e-04  8.69712836581121947e-05  6.82515805248978818e-05  5.35611075757401768e-05  4.20326128414051731e-05  3.29855118510190924e-05  2.58857091691408039e-05  2.03140685127728906e-05  1.59416670670201300e-05  1.25103848440932068e-05  9.81763923869325333e-06  7.70452758195882741e-06  6.04606560696069162e-06  4.74522987484230360e-06  
3.98107170553496914e+00  4.56617061655458661e-04  3.58334396528355535e-04  2.81206436205595019e-04  2.20679492199209903e-04  1.73180409477256646e-04  1.35905040681582419e-04  1.06652830085434696e-04  8.36968689870848652e-05  6.56819510895850013e-05  5.15445653462340536e-05  4.04501112564128288e-05  3.17436279728300312e-05  2.49111284242696546e-05  1.95492565534855502e-05  1.53414732856060605e-05  1.20393766901040032e-05  9.44801127075180656e-06  7.41445694381129842e-06  5.81843502603054047e-06  4.56657493479181779e-06  
4.13682040238850313e+00  4.39425547627082802e-04  3.44843340410159213e-04  2.70619172077078923e-04  2.12371042226539854e-04  1.66660272844183207e-04  1.30788299605349002e-04  1.02637417219460450e-04  8.05457339704799429e-05  6.32090666254626313e-05  4.96039446738581944e-05  3.89271898700523675e-05  3.05485002465534768e-05  2.39732400351017083e-05  1.88132392858288368e-05  1.47638764243096509e-05  1.15861016983045904e-05  9.09229956385291259e-06  7.13530728520098669e-06  5.59937458755837804e-06  4.39464626495507998e-06  
4.29866234708227246e+00  4.22881440364965256e-04  3.31860166749947520e-04  2.60430522819066115e-04  2.04375399772388418e-04  1.60385615314311415e-04  1.25864201007341224e-04  9.87731821005184322e-05  7.75132372851916867e-05  6.08292847181298200e-05  4.77363871647017249e-05  3.74616055232840809e-05  2.93983683325876210e-05  2.30706625571122501e-05  1.81049326077272924e-05  1.42080257232749930e-05  1.11498922259697331e-05  8.74998018053290715e-06  6.86666743429670131e-06  5.38856164529525202e-06  4.22919057234701690e-06  
4.46683592150962561e+00  4.06960073862558532e-04  3.19365861095125111e-04  2.50625454236418532e-04  1.96680792776084004e-04  1.54347194546179667e-04  1.21125491623955470e-04  9.50544331796999569e-05  7.45949121873717237e-05  5.85391001383167906e-05  4.59391420288430679e-05  3.60511995136979661e-05  2.82915381660700241e-05  2.22020665567189665e-05  1.74232932327327417e-05  1.36731024531196010e-05  1.07301057672258463e-05  8.42054890718419722e-06  6.60814170707818038e-06  5.18568567242619974e-06  4.06996420471345517e-06  
4.64158883361278196e+00  3.91638233369842853e-04  3.07341918045265713e-04  2.41189554480501550e-04  1.89275879740767925e-04  1.48536117519126485e-04  1.16565191800013866e-04  9.14756928234181842e-05  7.17864602593777635e-05  5.63351395742453314e-05  4.42095620571300010e-05  3.46938944086941969e-05  2.72263794638563872e-05  2.13661726522552534e-05  1.67673171536115267e-05  1.31583187091887078e-05  1.03261240057561800e-05  8.10352051509457503e-06  6.35934931109683543e-06  4.99044785464658838e-06  3.91673260341777520e-06  
4.82317848223930934e+00  3.76893353753766621e-04  2.95770644280058228e-04  2.32108920274859079e-04  1.82149755512756489e-04  1.42943824486002640e-04  1.12176584325170625e-04  8.80316899389948089e-05  6.90837447786409026e-05  5.42141567667572968e-05  4.25450996907350575e-05  3.33876909942161550e-05  2.62013233206776739e-05  2.05617496303883102e-05  1.61360381632532101e-05  1.26629162509147395e-05  9.93735190460276807e-06  7.79842804346132456e-06  6.11992379282015782e-06  4.80256061909697591e-06  3.76927007342392541e-06  
5.01187233627272466e+00  3.62703486004015217e-04  2.84635067952211825e-04  2.23370151528420072e-04  1.75291930341589736e-04  1.37562076697327887e-04  1.07953205696187244e-04  8.47173515117169732e-05  6.64827849043368160e-05  5.21730276330353490e-05  4.09433032977385045e-05  3.21306653217919822e-05  2.52148599005762369e-05  1.97876126319331955e-05  1.55285264317418377e-05  1.21861653849927015e-05  9.56321682962162492e-06  7.50482211222989096e-06  5.88951249561955146e-06  4.62174721925270510e-06  3.62735941913460418e-06  
5.20794832859546464e+00  3.49047860437629628e-04  2.73918735263443773e-04  2.14960396433829735e-04  1.68692296599655145e-04  1.32382949181572378e-04  1.03888834462397217e-04  8.15277959611112246e-05  6.39797495416284765e-05  5.02087457471290591e-05  3.94018135384152207e-05  3.09209658812469409e-05  2.42655362112036862e-05  1.90426214071212297e-05  1.49438871366070009e-05  1.17273638906654840e-05  9.20316770589983983e-06  7.22227026050083235e-06  5.66777603918585531e-06  4.44774133160473991e-06  3.49079160856880734e-06  
5.41169526546463775e+00  3.35906415829822743e-04  2.63605850598176564e-04  2.06867268762667784e-04  1.62341133966041720e-04  1.27398813054886847e-04  9.99774842671708331e-05  7.84583252299808723e-05  6.15709519068600530e-05  4.83184178517244743e-05  3.79183599071910031e-05  2.97568108687490222e-05  2.33519539650448885e-05  1.83256786356900441e-05  1.43812591449335411e-05  1.12858359853328467e-05  8.85667420614601162e-06  6.95035630920784430e-06  5.45438782071532790e-06  4.28028665939671329e-06  3.35936548025571851e-06  
5.62341325190349117e+00  3.23259740873347212e-04  2.53681242217762895e-04  1.99078841233700315e-04  1.56229089761962455e-04  1.22602326418186862e-04  9.62133940569911885e-05  7.55044181795774333e-05  5.92528440069779150e-05  4.64992596266754270e-05  3.64907573790215097e-05  2.86364855650762162e-05  2.24727675190199932e-05  1.76357283109131311e-05  1.38398137449248278e-05  1.08609313291238431e-05  8.52322596974596292e-06  6.68867974754713789e-06  5.24903353628717609e-06  4.11913654595477044e-06  3.23288748101849095e-06  
5.84341413373517504e+00  3.11089222428607287e-04  2.44130285316358168e-04  1.91583645943708270e-04  1.50347159530159864e-04  1.17986424847073068e-04  9.25910195142779245e-05  7.26617239098664057e-05  5.70220114313245256e-05  4.47485915756861823e-05  3.51169031949435459e-05  2.75583398088844875e-05  2.16266818926778541e-05  1.69717541840652195e-05  1.33187534252309632e-05  1.04520240671636004e-05  8.20233185058913803e-06  6.43685514464157925e-06  5.05141071164859179e-06  3.96405363483809763e-06  3.11117129372222382e-06  
6.07202195690988411e+00  2.99376871851400606e-04  2.34938930358529954e-04  1.84370636796629532e-04  1.44686681664641417e-04  1.13544308881480786e-04  8.91050252190934777e-05  6.99260553118269038e-05  5.48751683198566681e-05  4.30638350850246133e-05  3.37947737635393882e-05  2.65207855663045894e-05  2.08124508608927213e-05  1.63327782674701556e-05  1.28173107003435857e-05  1.00585119075435466e-05  7.89351919404597341e-06  6.19451158033837592e-06  4.86122826247505458e-06  3.81480949854363149e-06  2.99403764325092453e-06  
6.30957344480192983e+00  2.88105512196859287e-04  2.26093618072875912e-04  1.77429194849101966e-04  1.39239316869959457e-04  1.09269436082641121e-04  8.57502764255754199e-05  6.72933829536611402e-05  5.28091525151480010e-05  4.14425086271564590e-05  3.25224216793129999e-05  2.55222945923420440e-05  2.00288751179964488e-05  1.57178593941951460e-05  1.23347469800809268e-05  9.67981523431547577e-06  7.59633314058218009e-06  5.96129209954251637e-06  4.67820606301681194e-06  3.67118431187748510e-06  2.88131399623801774e-06  
6.55641849417978495e+00  2.77258516366461587e-04  2.17581325982430396e-04  1.70749094658220865e-04  1.33997042176182182e-04  1.05155509588152307e-04  8.25218318859198552e-05  6.47598290775268950e-05  5.08209209225528679e-05  3.98822240984659688e-05  3.12979728567007044e-05  2.45613961790524286e-05  1.92748005115554388e-05  1.51260918315393317e-05  1.18703514817379338e-05  9.31537625366478358e-06  7.31033595596690950e-06  5.73685318589256434e-06  4.50207453558517622e-06  3.53296652036350418e-06  2.77283433570932496e-06  
6.81292069057960781e+00  2.66819880677889075e-04  2.09389524200943080e-04  1.64320494242597856e-04  1.28952136537450313e-04  1.01196469816490356e-04  7.94149363233169714e-05  6.23216619267201569e-05  4.89075450149997561e-05  3.83806833087651494e-05  3.01196237672543987e-05  2.36366749901413007e-05  1.85491163421463336e-05  1.45566039471815765e-05  1.14234401831115410e-05  8.96465817242607642e-06  7.03510638618388648e-06  5.52086425693947716e-06  4.33257424919872230e-06  3.39995254449277229e-06  2.66843885759829025e-06  
7.07945784384137333e+00  2.56774272259834989e-04  2.01506134062680368e-04  1.58133928390505422e-04  1.24097168170029051e-04  9.73864855565837291e-05  7.64250134534958867e-05  5.99752902605909543e-05  4.70662065181981721e-05  3.69356745934676798e-05  2.89856387845089321e-05  2.27467689756532939e-05  1.78507537275558974e-05  1.40085569251397201e-05  1.09933548150391233e-05  8.62714440728247003e-06  6.77023903732809571e-06  5.31300717586804961e-06  4.16945554249151918e-06  3.27194646126509531e-06  2.56797380471708970e-06  
7.35642254459640643e+00  2.47106866137711224e-04  1.93919551991778022e-04  1.52180282216687678e-04  1.19424986660316153e-04  9.37199448511959421e-05  7.35476593383097856e-05  5.77172580308008646e-05  4.52941932706028472e-05  3.55450695537943775e-05  2.78943476278913243e-05  2.18903673658923371e-05  1.71786840283449089e-05  1.34811435303636962e-05  1.05794618917526777e-05  8.30233782403232966e-06  6.51534377828019119e-06  5.11297578361653827e-06  4.01247815321078073e-06  3.14875972580276801e-06  2.47129120223207307e-06  
7.64422274252599454e+00  2.37803456239758727e-04  1.86618593074218257e-04  1.46450789608504214e-04  1.14928709376611347e-04  9.01914473089109172e-05  7.07786357832474659e-05  5.55442393295347420e-05  4.35888952119978777e-05  3.42068199275534081e-05  2.68441429006457427e-05  2.10662087411026242e-05  1.65319173326169431e-05  1.29735869196825555e-05  1.01811517778417694e-05  7.98976000522305745e-06  6.27004516606659441e-06  4.92047544810207555e-06  3.86141086392723269e-06  3.03021089520134867e-06  2.37824863381421600e-06  
7.94328234724280513e+00  2.28850283745843884e-04  1.79592520755800282e-04  1.40937006256542291e-04  1.10601714962956819e-04  8.67957953250533587e-05  6.81138643175481051e-05  5.34530334111515832e-05  4.19478005694795205e-05  3.29189545619457827e-05  2.58334777254456601e-05  2.02730791727138262e-05  1.59095009982067196e-05  1.24851394976151599e-05  9.79783779030166962e-06  7.68895054552321146e-06  6.03398189298015955e-06  4.73522262958652354e-06  3.71603116367449037e-06  2.91612535299873906e-06  2.28870906284986442e-06  
8.25404185268019042e+00  2.20234211229517824e-04  1.72830970697801582e-04  1.35630814981759163e-04  1.06437628873074869e-04  8.35279876742939150e-05  6.55494198166256417e-05  5.14405601054759382e-05  4.03684921137326754e-05  3.16795765240850022e-05  2.48608634617810412e-05  1.95098104364358214e-05  1.53105182491312865e-05  1.20150818151461150e-05  9.42895533433254326e-06  7.39946637357989224e-06  5.80680625427019172e-06  4.55694446363407402e-06  3.57612491815086750e-06  2.80633505973051419e-06  2.20254060165214452e-06  
8.57695898590894501e+00  2.11942527151332227e-04  1.66323989314503244e-04  1.30524398715545957e-04  1.02430318082899518e-04  8.03832109702060869e-05  6.30815250617049449e-05  4.95038551688220578e-05  3.88486436365206115e-05  3.04868602950164103e-05  2.39248675169400488e-05  1.87752782904172496e-05  1.47340868255963257e-05  1.15627215101065184e-05  9.07396107182602885e-06  7.12088109940854096e-06  5.58818363606047694e-06  4.38537835900292770e-06  3.44148605497071714e-06  2.70067830283033803e-06  2.11961632680439218e-06  
8.91250938133745940e+00  2.03963018470018523e-04  1.60061993048672777e-04  1.25610235524978249e-04  9.85738802569921952e-05  7.73568331283059095e-05  6.07065450286354958e-05  4.76400659633369498e-05  3.73860165074597033e-05  2.93390490864074459e-05  2.30241112341120483e-05  1.80684008200023553e-05  1.41793576843031653e-05  1.11273922872771713e-05  8.73233212099036094e-06  6.85278438632268627e-06  5.37779202249672687e-06  4.22027161071828415e-06  3.31191626077465664e-06  2.59899945620351677e-06  2.03981410062183849e-06  
9.26118728128793833e+00  1.96283935986298264e-04  1.54035756475075464e-04  1.20881088024628599e-04  9.48626348093424088e-05  7.44443965907483135e-05  5.84209815095326185e-05  4.58464472646203338e-05  3.59784563760587634e-05  2.82344522526963158e-05  2.21572678618418565e-05  1.73881368439709525e-05  1.36455137478761930e-05  1.07084529370994543e-05  8.40356528618876125e-06  6.59478134658092806e-06  5.17532152141099379e-06  4.06138102810361583e-06  3.18722468812443543e-06  2.50114875466001835e-06  1.96301637753010678e-06  
9.62350626398088771e+00  1.88893963198640295e-04  1.48236405244292545e-04  1.16329989650037217e-04  9.12911156295831693e-05  7.16416114556219077e-05  5.62214680455488269e-05  4.41203571911332092e-05  3.46238900052210484e-05  2.71714427993510540e-05  2.13230606002326658e-05  1.67334843808757284e-05  1.31317687014189976e-05  1.03052863911120418e-05  8.08717631682246254e-06  6.34649195968907769e-06  4.98047390785079918e-06  3.90847257645758962e-06  3.06722767486251486e-06  2.40698207151342295e-06  1.88911003770576409e-06  

# MIN PTS EVALUATION OF EACH BSPLINE: 12
# STEP SIZE W(x>1): M_PI/6.50000000000000022e-01
# MIN k EVALUATION: 9.99999999999999955e-07
# MAX k EVALUATION: 1.01999999999999993e+01
# MIN s GRID: 1.00000000000000002e-02
# MAX s GRID: 6.50000000000000000e+04
# LIMIT BASIS INTERVAL: true
# MIN s BREAKPOINT: 2.00000000000000000e+02
# MAX s BREAKPOINT: 2.00000000000000000e+04
# Number Basis 20
# Number k evaluations 420

